,id,codigo,anunciante,oferta,tipo,area_util,bairro,cidade,preco,valor_m2,quartos,vagas,latitude,longitude,data_coleta,cluster
161,6116491,AP0245,,Venda,Apartamento,137.0,ASA NORTE,BRASILIA,1570000.0,11459.0,0.0,1.0,-15.751,-47.8899,2025-09-28,8
169,6116499,115n,,Venda,Apartamento,168.0,ASA NORTE,BRASILIA,2350000.0,13988.0,0.0,1.0,-15.7411,-47.893,2025-09-28,4
191,6116521,232323,,Venda,Apartamento,222.0,ASA NORTE,BRASILIA,3200000.0,14438.0,0.0,2.0,-15.7462,-47.8871,2025-09-28,4
216,6116546,P3102,,Venda,Apartamento,202.0,ASA NORTE,BRASILIA,2180000.0,10792.0,0.0,2.0,-15.7521,-47.8848,2025-09-28,3
218,6116548,1006253,,Venda,Apartamento,135.0,ASA NORTE,BRASILIA,1650000.0,12222.0,0.0,1.0,-15.7786,-47.8801,2025-09-28,8
228,6116558,1199913,,Venda,Apartamento,125.0,ASA NORTE,BRASILIA,1600000.0,12800.0,0.0,0.0,-15.7732,-47.8826,2025-09-28,0
230,6116560,1004569,,Venda,Apartamento,76.0,ASA NORTE,BRASILIA,799900.0,10525.0,0.0,0.0,-15.7386,-47.8855,2025-09-28,3
246,6116576,1188297,,Venda,Apartamento,45.0,ASA NORTE,BRASILIA,610000.0,13555.0,1.0,0.0,-15.7378,-47.8962,2025-09-28,4
252,6116581,10623,,Venda,Apartamento,94.0,ASA NORTE,BRASILIA,1350000.0,14361.0,3.0,1.0,-15.7549,-47.8916,2025-09-28,4
253,6116582,1232930,,Venda,Apartamento,113.0,ASA NORTE,BRASILIA,1299000.0,11495.0,0.0,1.0,-15.7731,-47.8828,2025-09-28,8
254,6116583,1123685,,Venda,Apartamento,96.0,ASA NORTE,BRASILIA,820000.0,8541.0,0.0,0.0,-15.7595,-47.8806,2025-09-28,1
282,6116611,1122101,,Venda,Apartamento,108.0,ASA NORTE,BRASILIA,1199000.0,11101.0,0.0,0.0,-15.7523,-47.8961,2025-09-28,3
291,6116620,FAP028,,Venda,Apartamento,90.0,ASA NORTE,BRASILIA,774900.0,8610.0,0.0,0.0,-15.7782,-47.8758,2025-09-28,1
296,6116625,1073201,,Venda,Apartamento,107.0,ASA NORTE,BRASILIA,1100000.0,10280.0,0.0,0.0,-15.7616,-47.8945,2025-09-28,3
348,6116677,1202614,,Venda,Apartamento,39.0,ASA NORTE,BRASILIA,379000.0,9653.0,0.0,0.0,-15.7454,-47.8985,2025-09-28,1
352,6116681,1169314,,Venda,Apartamento,159.0,ASA NORTE,BRASILIA,2410000.0,15157.0,0.0,2.0,-15.7456,-47.8946,2025-09-28,5
428,6116757,1096537,,Venda,Apartamento,95.0,ASA NORTE,BRASILIA,1245000.0,13105.0,3.0,1.0,-15.7794,-47.8787,2025-09-28,0
494,6116823,10039,,Venda,Apartamento,197.0,ASA NORTE,BRASILIA,2000000.0,10152.0,0.0,1.0,-15.7529,-47.8847,2025-09-28,3
516,6116844,1172598,,Venda,Apartamento,55.0,ASA NORTE,BRASILIA,590000.0,10727.0,2.0,0.0,-15.7682,-47.8919,2025-09-28,3
540,6116868,935649,,Venda,Apartamento,108.0,ASA NORTE,BRASILIA,1080000.0,10000.0,0.0,0.0,-15.746,-47.8981,2025-09-28,3
545,6116873,LM090,,Venda,Apartamento,100.0,ASA NORTE,BRASILIA,1150000.0,11500.0,0.0,1.0,-15.7383,-47.8939,2025-09-28,8
560,6116888,SQN109,,Venda,Apartamento,168.0,ASA NORTE,BRASILIA,3200000.0,19043.0,0.0,3.0,-15.7602,-47.886,2025-09-28,7
727,6117057,1197418,,Venda,Apartamento,52.0,ASA NORTE,BRASILIA,600000.0,11538.0,0.0,0.0,-15.754,-47.8807,2025-09-28,8
769,6117099,1038537,,Venda,Apartamento,270.0,ASA NORTE,BRASILIA,3250000.0,12037.0,5.0,3.0,-15.758,-47.8906,2025-09-28,8
873,6117203,AP0114,,Venda,Apartamento,194.0,ASA NORTE,BRASILIA,3675000.0,18943.0,0.0,3.0,-15.7413,-47.8887,2025-09-28,7
875,6117205,1017791,,Venda,Apartamento,50.0,ASA NORTE,BRASILIA,550000.0,11000.0,2.0,0.0,-15.7671,-47.8916,2025-09-28,3
893,6117223,28969,,Venda,Apartamento,135.0,ASA NORTE,BRASILIA,2150000.0,15925.0,0.0,1.0,-15.7538,-47.8881,2025-09-28,2
1029,6117358,AP0190,,Venda,Apartamento,29.0,ASA NORTE,BRASILIA,404990.0,13965.0,0.0,1.0,-15.7639,-47.8933,2025-09-28,4
1036,6117365,1151453,,Venda,Apartamento,45.0,ASA NORTE,BRASILIA,629000.0,13977.0,2.0,0.0,-15.7555,-47.881,2025-09-28,4
1205,6117534,JCL0113,,Venda,Apartamento,300.0,ASA NORTE,BRASILIA,3099000.0,10330.0,0.0,1.0,-15.7533,-47.8841,2025-09-28,3
1223,6117552,1125629,,Venda,Apartamento,95.0,ASA NORTE,BRASILIA,1260000.0,13211.0,0.0,1.0,-15.7588,-47.8842,2025-09-28,0
1279,6117609,212ANI,,Venda,Apartamento,130.0,ASA NORTE,BRASILIA,1750000.0,13461.0,0.0,2.0,-15.7492,-47.8876,2025-09-28,4
1304,6117634,BKRRB08,,Venda,Apartamento,123.0,ASA NORTE,BRASILIA,1700000.0,13821.0,0.0,2.0,-15.7551,-47.8927,2025-09-28,4
1461,6117790,1026026,,Venda,Apartamento,127.0,ASA NORTE,BRASILIA,1670000.0,13149.0,0.0,1.0,-15.7383,-47.8939,2025-09-28,0
1467,6117796,1054438,,Venda,Apartamento,110.0,ASA NORTE,BRASILIA,1690000.0,15363.0,0.0,2.0,-15.7603,-47.8868,2025-09-28,5
1474,6117803,29032025,,Venda,Apartamento,40.0,ASA NORTE,BRASILIA,360000.0,9000.0,0.0,0.0,-15.7577,-47.8957,2025-09-28,1
1512,6117841,IG0007,,Venda,Apartamento,168.0,ASA NORTE,BRASILIA,2835000.0,16899.0,4.0,2.0,-15.7473,-47.8906,2025-09-28,2
1531,6117860,750302,,Venda,Apartamento,168.0,ASA NORTE,BRASILIA,2970000.0,17703.0,4.0,2.0,-15.7473,-47.8906,2025-09-28,7
1655,6117984,PSIL00297,,Venda,Apartamento,95.0,ASA NORTE,BRASILIA,1040000.0,10947.0,0.0,0.0,-15.7519,-47.8821,2025-09-28,3
1764,6118094,MCAR16,,Venda,Apartamento,280.0,ASA NORTE,BRASILIA,3099000.0,11067.0,0.0,1.0,-15.7529,-47.8847,2025-09-28,3
1823,6118153,TH26754,,Venda,Apartamento,56.0,ASA NORTE,BRASILIA,395000.0,7033.0,2.0,0.0,-15.7672,-47.8907,2025-09-28,6
1946,6118276,1108867,,Venda,Apartamento,175.0,ASA NORTE,BRASILIA,2400000.0,13714.0,0.0,2.0,-15.7405,-47.8887,2025-09-28,4
1965,6118295,AP1175,,Venda,Apartamento,120.0,ASA NORTE,BRASILIA,1358000.0,11316.0,3.0,1.0,-15.7425,-47.8956,2025-09-28,8
2043,6118373,10587,,Venda,Apartamento,32.0,ASA NORTE,BRASILIA,320000.0,10000.0,1.0,0.0,-15.7475,-47.8969,2025-09-28,3
2360,6118692,TH27864,,Venda,Apartamento,42.0,ASA NORTE,BRASILIA,380000.0,9147.0,2.0,0.0,-15.7426,-47.8986,2025-09-28,1
2459,6118791,TH28367,,Venda,Apartamento,36.0,ASA NORTE,BRASILIA,490000.0,13517.0,2.0,0.0,-15.7456,-47.8972,2025-09-28,4
2503,6118837,TH29506,,Venda,Apartamento,51.0,ASA NORTE,BRASILIA,400000.0,7843.0,0.0,0.0,-15.7452,-47.8988,2025-09-28,6
2595,6118929,VILLA152050V01,,Venda,Apartamento,74.0,ASA NORTE,BRASILIA,1070000.0,14459.0,0.0,1.0,-15.7607,-47.8905,2025-09-28,4
2598,6118932,1114212,,Venda,Apartamento,191.0,ASA NORTE,BRASILIA,3390000.0,17748.0,0.0,3.0,-15.7736,-47.8861,2025-09-28,7
2695,6119029,1116057,,Venda,Apartamento,40.0,ASA NORTE,BRASILIA,359000.0,9061.0,0.0,0.0,-15.7504,-47.893,2025-09-28,1
2873,6119206,000755V-DFI,,Venda,Apartamento,37.0,ASA NORTE,BRASILIA,300000.0,8012.0,0.0,0.0,-15.7595,-47.8933,2025-09-28,6
2892,6119225,DMS00169,,Venda,Apartamento,27.0,ASA NORTE,BRASILIA,379000.0,14037.0,0.0,1.0,0.0,0.0,2025-09-28,4
2958,6119291,1117698,,Venda,Apartamento,73.0,ASA NORTE,BRASILIA,900000.0,12328.0,0.0,1.0,-15.7377,-47.8901,2025-09-28,8
3009,6119343,VILLA149792V01,,Venda,Apartamento,184.0,ASA NORTE,BRASILIA,3090000.0,16793.0,4.0,4.0,-15.7763,-47.8872,2025-09-28,2
3012,6119346,1197547,,Venda,Apartamento,45.0,ASA NORTE,BRASILIA,619000.0,13755.0,0.0,0.0,-15.7555,-47.881,2025-09-28,4
3065,6119400,DLV042,,Venda,Apartamento,45.0,ASA NORTE,BRASILIA,619000.0,13755.0,2.0,0.0,-15.7555,-47.881,2025-09-28,4
3139,6119474,VILLA151104V01,,Venda,Apartamento,109.0,ASA NORTE,BRASILIA,1579000.0,14486.0,3.0,1.0,-15.7731,-47.8864,2025-09-28,4
3358,6119695,1186370,,Venda,Apartamento,25.0,ASA NORTE,BRASILIA,380000.0,15200.0,1.0,1.0,-15.7327,-47.8973,2025-09-28,5
3406,6119743,18092025,,Venda,Apartamento,357.0,ASA NORTE,BRASILIA,3600000.0,10084.0,4.0,3.0,-15.7612,-47.8896,2025-09-28,3
3419,6119756,052,,Venda,Apartamento,33.0,ASA NORTE,BRASILIA,350000.0,10706.0,1.0,0.0,-15.7634,-47.8919,2025-09-28,3
3588,6119924,1121522,,Venda,Apartamento,78.0,ASA NORTE,BRASILIA,1025000.0,13141.0,0.0,1.0,-15.7794,-47.8787,2025-09-28,0
3713,6120049,IMB1096,,Venda,Apartamento,160.0,ASA NORTE,BRASILIA,1880000.0,11753.0,0.0,1.0,-15.7829,-47.8779,2025-09-28,8
3730,6120066,AP00005,,Venda,Apartamento,230.0,ASA NORTE,BRASILIA,2950000.0,12826.0,0.0,0.0,-15.7559,-47.8923,2025-09-28,0
3851,6120187,11259,,Venda,Apartamento,78.0,ASA NORTE,BRASILIA,830000.0,10641.0,0.0,0.0,-15.7741,-47.8757,2025-09-28,3
3967,6120303,DMS00176,,Venda,Apartamento,66.0,ASA NORTE,BRASILIA,969000.0,14681.0,0.0,1.0,-15.779,-47.8899,2025-09-28,5
4032,6120369,18,,Venda,Apartamento,61.0,ASA NORTE,BRASILIA,865000.0,14180.0,0.0,0.0,-15.7363,-47.8884,2025-09-28,4
4098,6120436,1195174,,Venda,Apartamento,44.0,ASA NORTE,BRASILIA,365000.0,8295.0,0.0,0.0,-15.7751,-47.8897,2025-09-28,6
4130,6120468,1153064,,Venda,Apartamento,206.0,ASA NORTE,BRASILIA,2990000.0,14514.0,0.0,2.0,-15.7559,-47.8923,2025-09-28,4
4523,6120865,1203748,,Venda,Apartamento,93.0,ASA NORTE,BRASILIA,1200000.0,12971.0,0.0,1.0,-15.737,-47.891,2025-09-28,0
4531,6120873,JCBP0064,,Venda,Apartamento,75.0,ASA NORTE,BRASILIA,827000.0,11026.0,0.0,0.0,-15.7502,-47.8839,2025-09-28,3
4561,6120903,1173068,,Venda,Apartamento,80.0,ASA NORTE,BRASILIA,450000.0,5625.0,3.0,0.0,-15.7768,-47.8886,2025-09-28,6
4604,6120946,AP0320,,Venda,Apartamento,107.0,ASA NORTE,BRASILIA,1500000.0,14018.0,0.0,1.0,-15.7513,-47.8855,2025-09-28,4
4705,6121047,11053,,Venda,Apartamento,86.0,ASA NORTE,BRASILIA,989000.0,11500.0,0.0,0.0,-15.7634,-47.8919,2025-09-28,8
4710,6121052,EL1352,,Venda,Apartamento,72.0,ASA NORTE,BRASILIA,899000.0,12543.0,2.0,1.0,-15.7407,-47.888,2025-09-28,0
4751,6121093,ESTRELACOBERTURA,,Venda,Apartamento,335.0,ASA NORTE,BRASILIA,5164000.0,15414.0,4.0,3.0,-15.7469,-47.8905,2025-09-28,5
4815,6121157,1194228,,Venda,Apartamento,94.0,ASA NORTE,BRASILIA,1550000.0,16489.0,0.0,1.0,-15.737,-47.891,2025-09-28,2
4905,6121247,4744111,,Venda,Apartamento,66.0,ASA NORTE,BRASILIA,800000.0,12051.0,0.0,0.0,-15.7565,-47.8819,2025-09-28,8
4992,6121335,AP0016,,Venda,Apartamento,78.0,ASA NORTE,BRASILIA,830000.0,10641.0,3.0,0.0,-15.7669,-47.8764,2025-09-28,3
5069,6121413,DDA1065,,Venda,Apartamento,88.0,ASA NORTE,BRASILIA,540000.0,6136.0,1.0,0.0,-15.7768,-47.8886,2025-09-28,6
5082,6121426,880221008-93,,Venda,Apartamento,61.0,ASA NORTE,BRASILIA,948000.0,15610.0,2.0,1.0,-15.7391,-47.8936,2025-09-28,5
5142,6121486,OV218,,Venda,Apartamento,93.0,ASA NORTE,BRASILIA,945000.0,10215.0,3.0,1.0,-15.7371,-47.8912,2025-09-28,3
5309,6121653,1207359,,Venda,Apartamento,80.0,ASA NORTE,BRASILIA,825000.0,10312.0,0.0,1.0,-15.7526,-47.8918,2025-09-28,3
5349,6121693,VK4160,,Venda,Apartamento,518.0,ASA NORTE,BRASILIA,6900000.0,13316.0,0.0,4.0,-15.7588,-47.8842,2025-09-28,0
5356,6121700,1034028,,Venda,Apartamento,299.0,ASA NORTE,BRASILIA,3199000.0,10699.0,0.0,3.0,-15.7529,-47.8847,2025-09-28,3
5375,6121719,11249,,Venda,Apartamento,62.0,ASA NORTE,BRASILIA,950000.0,15322.0,0.0,1.0,-15.758,-47.8906,2025-09-28,5
5398,6121742,VK4160V,,Venda,Apartamento,518.0,ASA NORTE,BRASILIA,6500000.0,12548.0,0.0,4.0,-15.7588,-47.8842,2025-09-28,0
5590,6121937,1226957,,Venda,Apartamento,75.0,ASA NORTE,BRASILIA,800000.0,10666.0,0.0,0.0,-15.7518,-47.8927,2025-09-28,3
5610,6121957,888427,,Venda,Apartamento,132.0,ASA NORTE,BRASILIA,1600000.0,12121.0,0.0,1.0,-15.751,-47.8899,2025-09-28,8
5665,6122013,AP0055,,Venda,Apartamento,114.0,ASA NORTE,BRASILIA,1650000.0,14473.0,3.0,1.0,-15.7794,-47.8787,2025-09-28,4
5803,6122152,1153569,,Venda,Apartamento,122.0,ASA NORTE,BRASILIA,1524000.0,12443.0,0.0,1.0,-15.7405,-47.8887,2025-10-06,0
5887,6122236,03346v,,Venda,Apartamento,95.0,ASA NORTE,BRASILIA,750000.0,7869.0,0.0,0.0,-15.7587,-47.879,2025-10-06,6
5998,6122347,SQN406refor,,Venda,Apartamento,79.0,ASA NORTE,BRASILIA,850000.0,10793.0,0.0,0.0,-15.7669,-47.8764,2025-10-06,3
6070,6122419,AP0576,,Venda,Apartamento,86.0,ASA NORTE,BRASILIA,850000.0,9883.0,3.0,0.0,-15.7674,-47.8784,2025-10-06,1
6170,6122519,1106090,,Venda,Apartamento,28.0,ASA NORTE,BRASILIA,380000.0,13783.0,1.0,0.0,-15.7806,-47.89,2025-10-06,4
6218,6122568,1000179,,Venda,Apartamento,76.0,ASA NORTE,BRASILIA,799000.0,10513.0,0.0,0.0,-15.7386,-47.8855,2025-10-06,3
6234,6122583,PSIL0292,,Venda,Apartamento,175.0,ASA NORTE,BRASILIA,2620000.0,14971.0,0.0,3.0,-15.7812,-47.8892,2025-10-06,5
6304,6122653,1225662,,Venda,Apartamento,57.0,ASA NORTE,BRASILIA,560000.0,9824.0,0.0,1.0,-15.7512,-47.892,2025-10-06,1
6340,6122689,1099098,,Venda,Apartamento,158.0,ASA NORTE,BRASILIA,2050000.0,12974.0,0.0,2.0,-15.7495,-47.8858,2025-10-06,0
6465,6122814,P3017,,Venda,Apartamento,86.0,ASA NORTE,BRASILIA,1080000.0,12534.0,0.0,0.0,-15.7401,-47.897,2025-10-06,0
6488,6122836,1157994,,Venda,Apartamento,200.0,ASA NORTE,BRASILIA,3811000.0,19055.0,3.0,3.0,-15.7603,-47.8868,2025-10-06,7
6559,6122907,AP2562,,Venda,Apartamento,94.0,ASA NORTE,BRASILIA,1350000.0,14361.0,3.0,1.0,-15.7559,-47.8923,2025-10-06,4
6590,6122938,TH33089,,Venda,Apartamento,75.0,ASA NORTE,BRASILIA,720000.0,9582.0,2.0,1.0,-15.7416,-47.9004,2025-10-06,1
6625,6122973,1195624,,Venda,Apartamento,48.0,ASA NORTE,BRASILIA,540000.0,11250.0,0.0,0.0,-15.7909,-47.8853,2025-10-06,8
6692,6123041,VILLA151801V01,,Venda,Apartamento,28.0,ASA NORTE,BRASILIA,380000.0,13571.0,0.0,0.0,-15.781,-47.8892,2025-10-06,4
6694,6123043,P3319,,Venda,Apartamento,224.0,ASA NORTE,BRASILIA,3550000.0,15848.0,0.0,2.0,-15.7566,-47.8876,2025-10-06,2
6701,6123050,AP00119,,Venda,Apartamento,134.0,ASA NORTE,BRASILIA,1580000.0,11791.0,3.0,1.0,-15.776,-47.886,2025-10-06,8
6711,6123060,1237015,,Venda,Apartamento,128.0,ASA NORTE,BRASILIA,2050000.0,16015.0,0.0,1.0,-15.7388,-47.8977,2025-10-06,2
6886,6123236,888427,,Venda,Apartamento,132.0,ASA NORTE,BRASILIA,1600000.0,12121.0,0.0,1.0,-15.751,-47.8899,2025-10-06,8
6953,6123303,DDA1065,,Venda,Apartamento,88.0,ASA NORTE,BRASILIA,590000.0,6704.0,1.0,0.0,-15.7768,-47.8886,2025-10-06,6
7007,6123357,1125624,,Venda,Apartamento,68.0,ASA NORTE,BRASILIA,840000.0,12378.0,2.0,0.0,-15.7447,-47.8947,2025-10-06,0
7018,6123368,1212869,,Venda,Apartamento,140.0,ASA NORTE,BRASILIA,1550000.0,11088.0,0.0,1.0,-15.7453,-47.8943,2025-10-06,3
7058,6123409,1238229,,Venda,Apartamento,290.0,ASA NORTE,BRASILIA,3480000.0,12000.0,4.0,2.0,-15.747,-47.8883,2025-10-06,8
7107,6123458,252808AN,,Venda,Apartamento,99.0,ASA NORTE,BRASILIA,1099000.0,11113.0,0.0,2.0,-15.7886,-47.8893,2025-10-06,3
7188,6123539,AP00418,,Venda,Apartamento,30.0,ASA NORTE,BRASILIA,550000.0,18333.0,1.0,1.0,53.912,38.557,2025-10-06,7
7231,6123582,2363,,Venda,Apartamento,95.0,ASA NORTE,BRASILIA,1350000.0,14210.0,0.0,1.0,-15.755,-47.892,2025-10-06,4
7256,6123607,AP01447,,Venda,Apartamento,125.0,ASA NORTE,BRASILIA,1520000.0,12160.0,0.0,2.0,-15.758,-47.8906,2025-10-06,8
7299,6123650,AP1478,,Venda,Apartamento,95.0,ASA NORTE,BRASILIA,1450000.0,15263.0,3.0,0.0,-15.7532,-47.8838,2025-10-06,5
7407,6123758,AP1624,,Venda,Apartamento,36.0,ASA NORTE,BRASILIA,349000.0,9694.0,0.0,1.0,-15.7477,-47.9014,2025-10-06,1
7576,6123927,10208,,Venda,Apartamento,168.0,ASA NORTE,BRASILIA,2099000.0,12494.0,0.0,1.0,-15.7417,-47.8928,2025-10-06,0
7583,6123934,CO9807,,Venda,Apartamento,160.0,ASA NORTE,BRASILIA,2690000.0,16812.0,4.0,2.0,-15.7456,-47.8946,2025-10-06,2
7589,6123940,11198,,Venda,Apartamento,70.0,ASA NORTE,BRASILIA,1170000.0,16714.0,0.0,1.0,-15.737,-47.891,2025-10-06,2
7594,6123945,1043,,Venda,Apartamento,126.0,ASA NORTE,BRASILIA,1600000.0,12698.0,0.0,1.0,-15.7405,-47.8887,2025-10-06,0
7602,6123953,10992,,Venda,Apartamento,94.0,ASA NORTE,BRASILIA,1420000.0,15106.0,0.0,1.0,-15.7794,-47.8787,2025-10-06,5
7683,6124036,10801,,Venda,Apartamento,73.0,ASA NORTE,BRASILIA,1390000.0,19041.0,0.0,2.0,-15.7529,-47.8847,2025-10-06,7
7691,6124044,6320,,Venda,Apartamento,100.0,ASA NORTE,BRASILIA,1599000.0,15990.0,0.0,0.0,-15.7794,-47.8787,2025-10-06,2
7709,6124062,CO8484,,Venda,Apartamento,673.0,ASA NORTE,BRASILIA,10000000.0,14858.0,0.0,4.0,-15.7603,-47.8868,2025-10-06,5
7712,6124065,PD3370,,Venda,Apartamento,105.0,ASA NORTE,BRASILIA,1590000.0,15142.0,3.0,1.0,-15.7521,-47.8848,2025-10-06,5
7713,6124066,1218226,,Venda,Apartamento,133.0,ASA NORTE,BRASILIA,1850000.0,13909.0,0.0,1.0,-15.7817,-47.8784,2025-10-06,4
7717,6124070,8979,,Venda,Apartamento,123.0,ASA NORTE,BRASILIA,1660000.0,13495.0,0.0,0.0,-15.7469,-47.8979,2025-10-06,4
7724,6124077,1222935,,Venda,Apartamento,78.0,ASA NORTE,BRASILIA,830000.0,10641.0,3.0,0.0,-15.7743,-47.8773,2025-10-06,3
7725,6124078,10988,,Venda,Apartamento,130.0,ASA NORTE,BRASILIA,1750000.0,13461.0,0.0,2.0,-15.7495,-47.8858,2025-10-06,4
7726,6124079,1229823,,Venda,Apartamento,141.0,ASA NORTE,BRASILIA,1400000.0,9929.0,0.0,2.0,-15.7821,-47.8755,2025-10-06,1
7728,6124081,VILLA152151V01,,Venda,Apartamento,125.0,ASA NORTE,BRASILIA,1300000.0,10400.0,0.0,0.0,-15.7726,-47.8836,2025-10-06,3
7729,6124082,1235969,,Venda,Apartamento,74.0,ASA NORTE,BRASILIA,1390000.0,18783.0,2.0,2.0,-15.7413,-47.8839,2025-10-06,7
7746,6124099,1218792,,Venda,Apartamento,137.0,ASA NORTE,BRASILIA,1570000.0,11459.0,0.0,1.0,-15.7509,-47.8888,2025-10-06,8
7748,6124101,LV0315,,Venda,Apartamento,135.0,ASA NORTE,BRASILIA,1760000.0,13037.0,0.0,1.0,-15.7541,-47.8889,2025-10-06,0
7751,6124104,11115,,Venda,Apartamento,112.0,ASA NORTE,BRASILIA,1690000.0,15089.0,3.0,1.0,-15.7757,-47.8831,2025-10-06,5
7754,6124107,1217676,,Venda,Apartamento,75.0,ASA NORTE,BRASILIA,1120000.0,14933.0,0.0,1.0,-15.7495,-47.8858,2025-10-06,5
7755,6124108,11240,,Venda,Apartamento,127.0,ASA NORTE,BRASILIA,1700000.0,13385.0,0.0,1.0,-15.7383,-47.8939,2025-10-06,0
7765,6124118,28-1,,Venda,Apartamento,80.0,ASA NORTE,BRASILIA,1245000.0,15562.0,0.0,1.0,-15.7495,-47.8858,2025-10-06,5
7802,6124155,1232148,,Venda,Apartamento,95.0,ASA NORTE,BRASILIA,1090000.0,11473.0,3.0,0.0,-15.7519,-47.8821,2025-10-06,8
7839,6124192,1229479,,Venda,Apartamento,98.0,ASA NORTE,BRASILIA,1290000.0,13217.0,0.0,1.0,-15.7443,-47.8871,2025-10-06,0
7844,6124197,AP0434,,Venda,Apartamento,128.0,ASA NORTE,BRASILIA,1990000.0,15546.0,0.0,2.0,-15.7613,-47.8829,2025-10-06,5
7869,6124222,1230870,,Venda,Apartamento,102.0,ASA NORTE,BRASILIA,1550000.0,15255.0,0.0,0.0,-15.7421,-47.8924,2025-10-06,5
7881,6124234,1182688,,Venda,Apartamento,100.0,ASA NORTE,BRASILIA,1447000.0,14470.0,0.0,1.0,-15.7391,-47.8937,2025-10-06,4
7893,6124246,8994,,Venda,Apartamento,117.0,ASA NORTE,BRASILIA,1550000.0,13247.0,0.0,1.0,-15.7572,-47.8879,2025-10-06,0
7895,6124248,1111,,Venda,Apartamento,141.0,ASA NORTE,BRASILIA,1400000.0,9929.0,0.0,2.0,-15.7509,-47.8888,2025-10-06,1
7921,6124274,1169200,,Venda,Apartamento,137.0,ASA NORTE,BRASILIA,1630000.0,11897.0,0.0,1.0,-15.7518,-47.8891,2025-10-06,8
7924,6124277,SM990,,Venda,Apartamento,122.0,ASA NORTE,BRASILIA,1840000.0,15081.0,0.0,1.0,-15.7681,-47.8875,2025-10-06,5
7952,6124304,10736,,Venda,Apartamento,45.0,ASA NORTE,BRASILIA,600000.0,13333.0,0.0,0.0,-15.754,-47.8807,2025-10-06,0
7998,6124350,1097,,Venda,Apartamento,78.0,ASA NORTE,BRASILIA,920000.0,11794.0,0.0,0.0,-15.7741,-47.8757,2025-10-06,8
8013,6124365,30536,,Venda,Apartamento,94.0,ASA NORTE,BRASILIA,1299000.0,13819.0,0.0,1.0,-15.7793,-47.8867,2025-10-06,4
8024,6124375,RQB0514,,Venda,Apartamento,112.0,ASA NORTE,BRASILIA,1600000.0,14321.0,0.0,1.0,-15.7762,-47.8831,2025-10-06,4
8058,6124410,9748,,Venda,Apartamento,110.0,ASA NORTE,BRASILIA,1690000.0,15363.0,0.0,2.0,-15.7603,-47.8868,2025-10-06,5
8093,6124444,CO9643,,Venda,Apartamento,125.0,ASA NORTE,BRASILIA,1300000.0,10400.0,3.0,0.0,-15.7726,-47.8836,2025-10-06,3
8102,6124453,VILLA151898V01,,Venda,Apartamento,291.0,ASA NORTE,BRASILIA,3480000.0,11958.0,4.0,2.0,-15.747,-47.8883,2025-10-06,8
8152,6124503,CO9033,,Venda,Apartamento,86.0,ASA NORTE,BRASILIA,800000.0,9259.0,3.0,0.0,-15.7518,-47.8927,2025-10-06,1
8174,6124525,1115891,,Venda,Apartamento,53.0,ASA NORTE,BRASILIA,750000.0,14150.0,0.0,1.0,-15.776,-47.8907,2025-10-06,4
8194,6124545,791873,,Venda,Apartamento,127.0,ASA NORTE,BRASILIA,1600000.0,12598.0,0.0,1.0,-15.7387,-47.8929,2025-10-06,0
8206,6124557,TH33008,,Venda,Apartamento,102.0,ASA NORTE,BRASILIA,1690000.0,16568.0,3.0,2.0,-15.7731,-47.8864,2025-10-06,2
8219,6124570,TH33337,,Venda,Apartamento,135.0,ASA NORTE,BRASILIA,1850000.0,13703.0,4.0,1.0,-15.7817,-47.8784,2025-10-06,4
8244,6124595,1187032,,Venda,Apartamento,167.0,ASA NORTE,BRASILIA,2099000.0,12568.0,0.0,1.0,-15.7417,-47.8928,2025-10-06,0
8248,6124599,11165,,Venda,Apartamento,85.0,ASA NORTE,BRASILIA,1250000.0,14705.0,0.0,1.0,-15.7613,-47.8829,2025-10-06,5
8249,6124600,SQN2084qts,,Venda,Apartamento,124.0,ASA NORTE,BRASILIA,1830000.0,14758.0,0.0,2.0,-15.7613,-47.8829,2025-10-06,5
8267,6124618,1121298,,Venda,Apartamento,137.0,ASA NORTE,BRASILIA,1630000.0,11897.0,0.0,1.0,-15.751,-47.8899,2025-10-06,8
8274,6124625,10987,,Venda,Apartamento,194.0,ASA NORTE,BRASILIA,3675000.0,18943.0,0.0,3.0,-15.7405,-47.8887,2025-10-06,7
8291,6124643,880111085-8,,Venda,Apartamento,144.0,ASA NORTE,BRASILIA,1660000.0,11551.0,0.0,1.0,-15.7709,-47.879,2025-10-06,8
8320,6124672,22-1,,Venda,Apartamento,125.0,ASA NORTE,BRASILIA,1680000.0,13440.0,0.0,1.0,-15.7672,-47.8877,2025-10-06,0
8322,6124674,1231061,,Venda,Apartamento,83.0,ASA NORTE,BRASILIA,930000.0,11204.0,0.0,0.0,-15.774,-47.875,2025-10-06,8
8332,6124684,10634,,Venda,Apartamento,202.0,ASA NORTE,BRASILIA,2180000.0,10792.0,0.0,2.0,-15.7529,-47.8847,2025-10-06,3
8343,6124695,1128872,,Venda,Apartamento,77.0,ASA NORTE,BRASILIA,895000.0,11665.0,3.0,0.0,-15.7355,-47.8873,2025-10-06,8
8345,6124697,1167886,,Venda,Apartamento,208.0,ASA NORTE,BRASILIA,2195000.0,10552.0,0.0,1.0,-15.758,-47.8906,2025-10-06,3
8354,6124706,11249,,Venda,Apartamento,62.0,ASA NORTE,BRASILIA,950000.0,15322.0,0.0,1.0,-15.758,-47.8906,2025-10-06,5
8355,6124707,mcarC616,,Venda,Apartamento,280.0,ASA NORTE,BRASILIA,3099000.0,11067.0,0.0,1.0,-15.7529,-47.8847,2025-10-06,3
8358,6124710,1116723,,Venda,Apartamento,184.0,ASA NORTE,BRASILIA,1360000.0,7391.0,0.0,1.0,-15.7742,-47.89,2025-10-06,6
8382,6124733,1216596,,Venda,Apartamento,135.0,ASA NORTE,BRASILIA,1690000.0,12518.0,0.0,1.0,-15.7541,-47.8889,2025-10-06,0
8401,6124752,10923,,Venda,Apartamento,75.0,ASA NORTE,BRASILIA,870000.0,11600.0,0.0,1.0,-15.7392,-47.8967,2025-10-06,8
8434,6124786,1232956,,Venda,Apartamento,61.0,ASA NORTE,BRASILIA,795000.0,12964.0,3.0,0.0,-15.7363,-47.8882,2025-10-06,0
8452,6124806,6355,,Venda,Apartamento,205.0,ASA NORTE,BRASILIA,3170000.0,15463.0,0.0,2.0,-15.7529,-47.8847,2025-10-06,5
8463,6124817,r96,,Venda,Apartamento,95.0,ASA NORTE,BRASILIA,840000.0,8842.0,0.0,0.0,-15.7519,-47.8821,2025-10-06,1
8471,6124825,10265,,Venda,Apartamento,79.0,ASA NORTE,BRASILIA,799000.0,10113.0,0.0,0.0,-15.7712,-47.8766,2025-10-06,3
8472,6124826,03696,,Venda,Apartamento,181.0,ASA NORTE,BRASILIA,1950000.0,10766.0,0.0,1.0,-15.7695,-47.8833,2025-10-06,3
8479,6124833,03707,,Venda,Apartamento,247.0,ASA NORTE,BRASILIA,3100000.0,12559.0,0.0,2.0,-15.7668,-47.8857,2025-10-06,0
8519,6124873,28946,,Venda,Apartamento,121.0,ASA NORTE,BRASILIA,1395000.0,11528.0,0.0,1.0,-15.7762,-47.8893,2025-10-06,8
8555,6124910,FIS00284,,Venda,Apartamento,110.0,ASA NORTE,BRASILIA,1400000.0,12727.0,2.0,1.0,-15.7698,-47.8838,2025-10-06,0
8563,6124918,RB1653,,Venda,Apartamento,300.0,ASA NORTE,BRASILIA,3199000.0,10663.0,4.0,0.0,-15.7533,-47.8841,2025-10-06,3
8581,6124936,1266581,,Venda,Apartamento,260.0,ASA NORTE,BRASILIA,4300000.0,16538.0,0.0,3.0,-15.7456,-47.8866,2025-10-06,2
8606,6124960,1190560,,Venda,Apartamento,247.0,ASA NORTE,BRASILIA,2150000.0,8704.0,0.0,2.0,-15.7576,-47.8905,2025-10-06,1
8618,6124972,1151448,,Venda,Apartamento,132.0,ASA NORTE,BRASILIA,1850000.0,14015.0,0.0,1.0,-15.776,-47.886,2025-10-06,4
8656,6125010,AP002,,Venda,Apartamento,143.0,ASA NORTE,BRASILIA,1830000.0,12797.0,0.0,2.0,-15.7417,-47.8928,2025-10-06,0
8670,6125024,P3269,,Venda,Apartamento,290.0,ASA NORTE,BRASILIA,3480000.0,12000.0,0.0,2.0,-15.747,-47.8883,2025-10-06,8
8680,6125034,P3004,,Venda,Apartamento,257.0,ASA NORTE,BRASILIA,3500000.0,13618.0,4.0,0.0,-15.7583,-47.8826,2025-10-06,4
8692,6125046,1211898,,Venda,Apartamento,45.0,ASA NORTE,BRASILIA,730000.0,16222.0,1.0,1.0,-15.737,-47.891,2025-10-06,2
8732,6125086,P2987,,Venda,Apartamento,94.0,ASA NORTE,BRASILIA,1599000.0,17010.0,0.0,1.0,-15.7796,-47.8787,2025-10-06,2
8755,6125109,FIS00237,,Venda,Apartamento,189.0,ASA NORTE,BRASILIA,2149000.0,11370.0,0.0,1.0,-15.7698,-47.8838,2025-10-06,8
8769,6125123,880321122-1,,Venda,Apartamento,178.0,ASA NORTE,BRASILIA,2230000.0,12528.0,2.0,0.0,-15.7498,-47.8867,2025-10-06,0
8809,6125163,CO9773,,Venda,Apartamento,84.0,ASA NORTE,BRASILIA,1180000.0,14087.0,2.0,1.0,-15.7431,-47.8879,2025-10-06,4
8816,6125170,64619,,Venda,Apartamento,240.0,ASA NORTE,BRASILIA,2350000.0,9791.0,0.0,2.0,-15.7521,-47.8848,2025-10-06,1
8846,6125200,BE304MS,,Venda,Apartamento,127.0,ASA NORTE,BRASILIA,1430000.0,11259.0,4.0,2.0,-15.7768,-47.8886,2025-10-06,8
8853,6125207,880341045-74,,Venda,Apartamento,77.0,ASA NORTE,BRASILIA,899000.0,11675.0,0.0,0.0,-15.7358,-47.8882,2025-10-06,8
8876,6125231,854804,,Venda,Apartamento,270.0,ASA NORTE,BRASILIA,3100000.0,11481.0,0.0,3.0,-15.758,-47.8906,2025-10-06,8
8879,6125234,880161042-27,,Venda,Apartamento,44.0,ASA NORTE,BRASILIA,380000.0,8636.0,0.0,0.0,-15.7477,-47.9014,2025-10-06,1
8889,6125244,RB1579,,Venda,Apartamento,279.0,ASA NORTE,BRASILIA,3099000.0,11107.0,5.0,1.0,-15.7533,-47.8841,2025-10-06,3
8908,6125262,6440,,Venda,Apartamento,129.0,ASA NORTE,BRASILIA,1380000.0,10697.0,0.0,1.0,-15.7405,-47.8887,2025-10-06,3
8912,6125266,CC213,,Venda,Apartamento,268.0,ASA NORTE,BRASILIA,4500000.0,16782.0,0.0,3.0,-15.7456,-47.8882,2025-10-06,2
8924,6125278,28277,,Venda,Apartamento,100.0,ASA NORTE,BRASILIA,1599000.0,15990.0,0.0,1.0,-15.7796,-47.8787,2025-10-06,2
8930,6125284,1167449,,Venda,Apartamento,143.0,ASA NORTE,BRASILIA,2120000.0,14825.0,0.0,1.0,-15.7464,-47.8881,2025-10-06,5
8938,6125292,1232745,,Venda,Apartamento,141.0,ASA NORTE,BRASILIA,1400000.0,9929.0,0.0,2.0,-15.7821,-47.8755,2025-10-06,1
8960,6125314,27-1,,Venda,Apartamento,66.0,ASA NORTE,BRASILIA,670000.0,10151.0,0.0,0.0,-15.7403,-47.9001,2025-10-06,3
8976,6125330,708405,,Venda,Apartamento,51.0,ASA NORTE,BRASILIA,695000.0,13627.0,0.0,0.0,-15.7656,-47.8783,2025-10-06,4
9040,6125394,IMB191,,Venda,Apartamento,124.0,ASA NORTE,BRASILIA,1480000.0,11961.0,0.0,1.0,-15.758,-47.8906,2025-10-06,8
9080,6125434,UB1586,,Venda,Apartamento,168.0,ASA NORTE,BRASILIA,2550000.0,15178.0,0.0,2.0,-15.7602,-47.886,2025-10-06,5
9144,6125498,880241010-44,,Venda,Apartamento,29.0,ASA NORTE,BRASILIA,295000.0,10137.0,0.0,1.0,-15.7477,-47.9014,2025-10-06,3
9145,6125499,1054704,,Venda,Apartamento,137.0,ASA NORTE,BRASILIA,1630000.0,11897.0,0.0,1.0,-15.7518,-47.8891,2025-10-06,8
9146,6125500,IMB1108,,Venda,Apartamento,35.0,ASA NORTE,BRASILIA,268000.0,7635.0,0.0,0.0,-15.7578,-47.8945,2025-10-06,6
9162,6125516,896731,,Venda,Apartamento,143.0,ASA NORTE,BRASILIA,1890000.0,13216.0,4.0,1.0,-15.7456,-47.8866,2025-10-06,0
9170,6125524,1034043,,Venda,Apartamento,130.0,ASA NORTE,BRASILIA,1380000.0,10615.0,0.0,1.0,-15.7405,-47.8887,2025-10-06,3
9178,6125532,10901,,Venda,Apartamento,134.0,ASA NORTE,BRASILIA,1580000.0,11791.0,0.0,1.0,-15.776,-47.886,2025-10-06,8
9189,6125543,1133324,,Venda,Apartamento,108.0,ASA NORTE,BRASILIA,1200000.0,11111.0,0.0,0.0,-15.7533,-47.8966,2025-10-06,3
9195,6125549,1177797,,Venda,Apartamento,74.0,ASA NORTE,BRASILIA,1070000.0,14498.0,0.0,1.0,-15.7607,-47.8905,2025-10-06,4
9200,6125554,10623,,Venda,Apartamento,94.0,ASA NORTE,BRASILIA,1350000.0,14361.0,3.0,1.0,-15.7549,-47.8916,2025-10-06,4
9203,6125557,000058,,Venda,Apartamento,95.0,ASA NORTE,BRASILIA,1410000.0,14892.0,3.0,1.0,-15.7545,-47.891,2025-10-06,5
9214,6125568,FJJ0533,,Venda,Apartamento,100.0,ASA NORTE,BRASILIA,980000.0,9800.0,0.0,0.0,-15.7523,-47.8937,2025-10-06,1
9227,6125581,TH29616,,Venda,Apartamento,47.0,ASA NORTE,BRASILIA,345000.0,7340.0,2.0,0.0,-15.7578,-47.8945,2025-10-06,6
9246,6125601,FNC0304,,Venda,Apartamento,270.0,ASA NORTE,BRASILIA,3100000.0,11481.0,5.0,3.0,-15.758,-47.8906,2025-10-06,8
9287,6125642,957056,,Venda,Apartamento,55.0,ASA NORTE,BRASILIA,720000.0,13090.0,0.0,0.0,-15.7403,-47.9001,2025-10-06,0
9289,6125644,0055V-DFI,,Venda,Apartamento,33.0,ASA NORTE,BRASILIA,265000.0,7984.0,0.0,0.0,-15.7516,-47.8965,2025-10-06,6
9322,6125677,1188297,,Venda,Apartamento,45.0,ASA NORTE,BRASILIA,610000.0,13555.0,1.0,0.0,-15.7378,-47.8962,2025-10-06,4
9345,6125700,AP0754,,Venda,Apartamento,124.0,ASA NORTE,BRASILIA,1580000.0,12741.0,0.0,1.0,-15.7633,-47.8858,2025-10-06,0
9353,6125708,960431,,Venda,Apartamento,245.0,ASA NORTE,BRASILIA,3500000.0,14285.0,4.0,4.0,-15.7569,-47.8874,2025-10-06,4
9374,6125729,1217689,,Venda,Apartamento,123.0,ASA NORTE,BRASILIA,1450000.0,11788.0,0.0,1.0,-15.7633,-47.8858,2025-10-06,8
9410,6125765,1107327,,Venda,Apartamento,175.0,ASA NORTE,BRASILIA,2280000.0,13028.0,0.0,2.0,-15.7407,-47.888,2025-10-06,0
9413,6125768,1123685,,Venda,Apartamento,96.0,ASA NORTE,BRASILIA,820000.0,8541.0,0.0,0.0,-15.7595,-47.8806,2025-10-06,1
9455,6125810,880161013-28,,Venda,Apartamento,60.0,ASA NORTE,BRASILIA,719000.0,11933.0,0.0,0.0,-15.7451,-47.8935,2025-10-06,8
9457,6125812,1217759,,Venda,Apartamento,90.0,ASA NORTE,BRASILIA,1249000.0,13804.0,0.0,1.0,-15.7529,-47.8847,2025-10-06,4
9460,6125815,1232930,,Venda,Apartamento,113.0,ASA NORTE,BRASILIA,1299000.0,11495.0,0.0,1.0,-15.7731,-47.8828,2025-10-06,8
9481,6125836,TH29030,,Venda,Apartamento,127.0,ASA NORTE,BRASILIA,1500000.0,11811.0,4.0,2.0,-15.7765,-47.8896,2025-10-06,8
9514,6125869,TH26698,,Venda,Apartamento,30.0,ASA NORTE,BRASILIA,530000.0,17666.0,1.0,1.0,-15.7448,-47.9013,2025-10-06,7
9543,6125898,10809,,Venda,Apartamento,132.0,ASA NORTE,BRASILIA,1850000.0,14015.0,0.0,1.0,-15.776,-47.886,2025-10-06,4
9572,6125926,1207922,,Venda,Apartamento,112.0,ASA NORTE,BRASILIA,1780000.0,15892.0,0.0,1.0,-15.7572,-47.8879,2025-10-06,2
9575,6125929,1232134,,Venda,Apartamento,124.0,ASA NORTE,BRASILIA,1830000.0,14758.0,0.0,2.0,-15.7613,-47.8829,2025-10-06,5
9605,6125960,685966,,Venda,Apartamento,95.0,ASA NORTE,BRASILIA,910000.0,9548.0,0.0,0.0,-15.7525,-47.881,2025-10-06,1
9662,6126016,880241011-203,,Venda,Apartamento,344.0,ASA NORTE,BRASILIA,4400000.0,12803.0,0.0,3.0,-15.7602,-47.886,2025-10-06,0
9737,6126090,736107,,Venda,Apartamento,55.0,ASA NORTE,BRASILIA,575000.0,10454.0,0.0,0.0,-15.7671,-47.8916,2025-10-06,3
9742,6126095,1109563,,Venda,Apartamento,168.0,ASA NORTE,BRASILIA,2195000.0,13088.0,0.0,1.0,-15.7409,-47.8938,2025-10-06,0
9759,6126112,AP2496,,Venda,Apartamento,25.0,ASA NORTE,BRASILIA,360000.0,14400.0,0.0,1.0,-15.7327,-47.8973,2025-10-06,4
9761,6126114,1121860,,Venda,Apartamento,181.0,ASA NORTE,BRASILIA,2029000.0,11209.0,0.0,1.0,-15.7695,-47.8833,2025-10-06,8
9773,6126126,TH29611,,Venda,Apartamento,160.0,ASA NORTE,BRASILIA,2400000.0,15000.0,4.0,2.0,-15.7456,-47.8946,2025-10-06,5
9823,6126178,CO9618,,Venda,Apartamento,70.0,ASA NORTE,BRASILIA,1170000.0,16714.0,2.0,1.0,-15.737,-47.891,2025-10-06,2
9830,6126184,1228166,,Venda,Apartamento,115.0,ASA NORTE,BRASILIA,1600000.0,13913.0,3.0,1.0,-15.7757,-47.8831,2025-10-06,4
9841,6126195,TA2265,,Venda,Apartamento,90.0,ASA NORTE,BRASILIA,1249000.0,13877.0,0.0,1.0,-15.7529,-47.8847,2025-10-06,4
9888,6126242,1200650,,Venda,Apartamento,38.0,ASA NORTE,BRASILIA,380000.0,10000.0,1.0,0.0,-15.743,-47.8983,2025-10-06,3
9969,6126322,1192462,,Venda,Apartamento,202.0,ASA NORTE,BRASILIA,2180000.0,10792.0,2.0,1.0,-15.7521,-47.8848,2025-10-06,3
9986,6126339,9524,,Venda,Apartamento,123.0,ASA NORTE,BRASILIA,1450000.0,11788.0,0.0,1.0,-15.7633,-47.8858,2025-10-06,8
10051,6126404,10990,,Venda,Apartamento,137.0,ASA NORTE,BRASILIA,1560000.0,11386.0,0.0,1.0,-15.751,-47.8899,2025-10-06,8
10084,6126437,1167429,,Venda,Apartamento,90.0,ASA NORTE,BRASILIA,1080000.0,12000.0,0.0,1.0,-15.7588,-47.8842,2025-10-06,8
10141,6126493,SQN208vistalivre,,Venda,Apartamento,124.0,ASA NORTE,BRASILIA,1830000.0,14758.0,0.0,2.0,-15.7613,-47.8829,2025-10-06,5
10205,6126556,AP2497,,Venda,Apartamento,25.0,ASA NORTE,BRASILIA,360000.0,14400.0,0.0,1.0,-15.7327,-47.8973,2025-10-06,4
10217,6126568,1010461,,Venda,Apartamento,202.0,ASA NORTE,BRASILIA,2180000.0,10792.0,0.0,2.0,-15.7529,-47.8847,2025-10-06,3
10227,6126578,28000,,Venda,Apartamento,115.0,ASA NORTE,BRASILIA,999000.0,8686.0,0.0,0.0,-15.7542,-47.8952,2025-10-06,1
10237,6126587,905320,,Venda,Apartamento,110.0,ASA NORTE,BRASILIA,1470000.0,13363.0,0.0,2.0,-15.7549,-47.8916,2025-10-06,0
10245,6126595,AP0711,,Venda,Apartamento,95.0,ASA NORTE,BRASILIA,990000.0,10421.0,0.0,0.0,-15.7519,-47.8821,2025-10-06,3
10248,6126598,1115481,,Venda,Apartamento,260.0,ASA NORTE,BRASILIA,4300000.0,16538.0,0.0,3.0,-15.7456,-47.8866,2025-10-06,2
10255,6126605,1186380,,Venda,Apartamento,90.0,ASA NORTE,BRASILIA,1250000.0,13888.0,0.0,0.0,-15.7518,-47.8927,2025-10-06,4
10288,6126638,BU755,,Venda,Apartamento,382.0,ASA NORTE,BRASILIA,5400001.0,14136.0,4.0,3.0,-15.758,-47.8906,2025-10-06,4
10332,6126682,10407,,Venda,Apartamento,110.0,ASA NORTE,BRASILIA,1470000.0,13363.0,0.0,2.0,-15.7549,-47.8916,2025-10-06,0
10374,6126724,1230417,,Venda,Apartamento,119.0,ASA NORTE,BRASILIA,1550000.0,13025.0,0.0,1.0,-15.7495,-47.893,2025-10-06,0
10399,6126748,944436,,Venda,Apartamento,151.0,ASA NORTE,BRASILIA,2100000.0,13907.0,0.0,1.0,-15.7554,-47.8909,2025-10-06,4
10402,6126751,1123484,,Venda,Apartamento,137.0,ASA NORTE,BRASILIA,1780000.0,12992.0,0.0,1.0,-15.751,-47.8899,2025-10-06,0
10452,6126801,1043087,,Venda,Apartamento,60.0,ASA NORTE,BRASILIA,660000.0,11000.0,2.0,0.0,-15.7819,-47.8752,2025-10-06,3
10512,6126861,990172,,Venda,Apartamento,108.0,ASA NORTE,BRASILIA,1050000.0,9727.0,3.0,0.0,-15.7617,-47.8932,2025-10-06,1
10517,6126866,1043226,,Venda,Apartamento,30.0,ASA NORTE,BRASILIA,330000.0,11000.0,0.0,1.0,-15.7662,-47.8751,2025-10-06,3
10524,6126873,1073201,,Venda,Apartamento,107.0,ASA NORTE,BRASILIA,1100000.0,10280.0,0.0,0.0,-15.7616,-47.8945,2025-10-06,3
10562,6126911,FTM0086,,Venda,Apartamento,125.0,ASA NORTE,BRASILIA,1950000.0,15600.0,0.0,1.0,-15.7672,-47.887,2025-10-06,5
10593,6126943,1143794,,Venda,Apartamento,76.0,ASA NORTE,BRASILIA,1150000.0,15211.0,0.0,1.0,-15.7502,-47.8859,2025-10-06,5
10634,6126984,1212630,,Venda,Apartamento,84.0,ASA NORTE,BRASILIA,1180000.0,14087.0,0.0,1.0,-15.7427,-47.888,2025-10-06,4
10653,6127003,724085,,Venda,Apartamento,134.0,ASA NORTE,BRASILIA,1635000.0,12201.0,0.0,1.0,-15.7824,-47.8783,2025-10-06,8
10688,6127038,BIARRITZ,,Venda,Apartamento,44.0,ASA NORTE,BRASILIA,649000.0,14750.0,0.0,1.0,53.912,38.557,2025-10-06,5
10696,6127046,1193065,,Venda,Apartamento,260.0,ASA NORTE,BRASILIA,4300000.0,16538.0,3.0,3.0,-15.7456,-47.8866,2025-10-06,2
10702,6127052,1228324,,Venda,Apartamento,78.0,ASA NORTE,BRASILIA,910000.0,11666.0,0.0,1.0,-15.774,-47.8751,2025-10-06,8
10711,6127061,FAP028,,Venda,Apartamento,90.0,ASA NORTE,BRASILIA,774900.0,8610.0,0.0,0.0,-15.7782,-47.8758,2025-10-06,1
10748,6127098,fmx0010,,Venda,Apartamento,137.0,ASA NORTE,BRASILIA,1950000.0,14233.0,3.0,1.0,-15.751,-47.8899,2025-10-06,4
10750,6127100,1224125,,Venda,Apartamento,52.0,ASA NORTE,BRASILIA,600000.0,11538.0,0.0,0.0,-15.754,-47.8807,2025-10-06,8
10782,6127132,FKA025,,Venda,Apartamento,125.0,ASA NORTE,BRASILIA,1650000.0,13200.0,4.0,1.0,-15.758,-47.8906,2025-10-06,0
10793,6127143,1199960,,Venda,Apartamento,168.0,ASA NORTE,BRASILIA,1850000.0,11011.0,0.0,1.0,-15.7603,-47.8896,2025-10-06,3
10803,6127153,UB1587,,Venda,Apartamento,167.0,ASA NORTE,BRASILIA,2099000.0,12568.0,0.0,1.0,-15.7411,-47.893,2025-10-06,0
10841,6127191,RB1652,,Venda,Apartamento,127.0,ASA NORTE,BRASILIA,1500000.0,11811.0,4.0,2.0,-15.7751,-47.8909,2025-10-06,8
10853,6127203,AM465,,Venda,Apartamento,135.0,ASA NORTE,BRASILIA,1790000.0,13259.0,3.0,1.0,-15.7534,-47.8891,2025-10-06,0
10897,6127247,1238803,,Venda,Apartamento,124.0,ASA NORTE,BRASILIA,1830000.0,14758.0,0.0,0.0,-15.7628,-47.882,2025-10-06,5
10935,6127286,AP0897,,Venda,Apartamento,210.0,ASA NORTE,BRASILIA,2750000.0,13095.0,0.0,0.0,-15.7529,-47.8847,2025-10-06,0
10940,6127291,CO8939,,Venda,Apartamento,35.0,ASA NORTE,BRASILIA,290000.0,8285.0,1.0,0.0,-15.7518,-47.8973,2025-10-06,6
10957,6127308,TH31790,,Venda,Apartamento,127.0,ASA NORTE,BRASILIA,1450000.0,11417.0,3.0,1.0,-15.7405,-47.8887,2025-10-06,8
10967,6127318,1218790,,Venda,Apartamento,202.0,ASA NORTE,BRASILIA,2180000.0,10792.0,0.0,2.0,-15.7529,-47.8847,2025-10-06,3
11002,6127354,501464,,Venda,Apartamento,110.0,ASA NORTE,BRASILIA,1470000.0,13363.0,0.0,2.0,-15.7551,-47.8927,2025-10-06,0
11010,6127362,1236504,,Venda,Apartamento,97.0,ASA NORTE,BRASILIA,1195000.0,12371.0,0.0,0.0,-15.7729,-47.8843,2025-10-06,0
11012,6127364,1217048,,Venda,Apartamento,94.0,ASA NORTE,BRASILIA,1200000.0,12774.0,0.0,1.0,-15.7781,-47.8787,2025-10-06,0
11019,6127371,AP2404V,,Venda,Apartamento,95.0,ASA NORTE,BRASILIA,1589990.0,16736.0,0.0,1.0,-15.7794,-47.8787,2025-10-06,2
11042,6127395,1196523,,Venda,Apartamento,79.0,ASA NORTE,BRASILIA,1200000.0,15189.0,2.0,1.0,-15.7797,-47.8858,2025-10-06,5
11048,6127401,1216395,,Venda,Apartamento,45.0,ASA NORTE,BRASILIA,600000.0,13333.0,0.0,0.0,-15.754,-47.8807,2025-10-06,0
11075,6127428,PD3396,,Venda,Apartamento,125.0,ASA NORTE,BRASILIA,1600000.0,12800.0,3.0,1.0,-15.7412,-47.8896,2025-10-06,0
11123,6127476,Apto,,Venda,Apartamento,120.0,ASA NORTE,BRASILIA,1595000.0,13291.0,0.0,1.0,-15.7694,-47.8807,2025-10-06,0
11130,6127483,VDC5N,,Venda,Apartamento,120.0,ASA NORTE,BRASILIA,1400000.0,11666.0,0.0,1.0,-15.7405,-47.8887,2025-10-06,8
11142,6127495,1200680,,Venda,Apartamento,172.0,ASA NORTE,BRASILIA,2420000.0,14069.0,4.0,2.0,-15.758,-47.8906,2025-10-06,4
11161,6127514,FKS1607,,Venda,Apartamento,140.0,ASA NORTE,BRASILIA,1700000.0,12168.0,0.0,1.0,-15.7588,-47.8842,2025-10-06,8
11183,6127536,1230965,,Venda,Apartamento,68.0,ASA NORTE,BRASILIA,775000.0,11397.0,0.0,0.0,-15.7497,-47.8839,2025-10-06,8
11211,6127564,1236432,,Venda,Apartamento,90.0,ASA NORTE,BRASILIA,1200000.0,13333.0,2.0,0.0,-15.7526,-47.8918,2025-10-06,0
11278,6127630,1190017,,Venda,Apartamento,79.0,ASA NORTE,BRASILIA,740000.0,9367.0,0.0,0.0,-15.7682,-47.8772,2025-10-06,1
11302,6127654,FEC0288,,Venda,Apartamento,127.0,ASA NORTE,BRASILIA,1500000.0,11811.0,4.0,2.0,-15.7762,-47.8893,2025-10-06,8
11311,6127663,1126390,,Venda,Apartamento,139.0,ASA NORTE,BRASILIA,1550000.0,11151.0,4.0,1.0,-15.7453,-47.8943,2025-10-06,3
11313,6127665,CB039,,Venda,Apartamento,175.0,ASA NORTE,BRASILIA,2620000.0,14971.0,0.0,3.0,-15.7572,-47.8879,2025-10-06,5
11343,6127695,VILLA152163V01,,Venda,Apartamento,152.0,ASA NORTE,BRASILIA,1950000.0,12828.0,2.0,1.0,-15.7495,-47.8858,2025-10-06,0
11354,6127706,UB1498,,Venda,Apartamento,132.0,ASA NORTE,BRASILIA,1850000.0,14015.0,0.0,1.0,-15.7763,-47.8872,2025-10-06,4
11355,6127707,1227451,,Venda,Apartamento,105.0,ASA NORTE,BRASILIA,1600000.0,15238.0,0.0,2.0,-15.7502,-47.8859,2025-10-06,5
11400,6127752,1231039,,Venda,Apartamento,137.0,ASA NORTE,BRASILIA,1550000.0,11313.0,0.0,1.0,-15.7518,-47.8891,2025-10-06,8
11404,6127756,CO8905,,Venda,Apartamento,181.0,ASA NORTE,BRASILIA,1950000.0,10766.0,0.0,1.0,-15.7698,-47.8838,2025-10-06,3
11417,6127770,coberturaSIL,,Venda,Apartamento,175.0,ASA NORTE,BRASILIA,2620000.0,14971.0,0.0,3.0,-15.7572,-47.8879,2025-10-06,5
11419,6127772,1237014,,Venda,Apartamento,90.0,ASA NORTE,BRASILIA,920000.0,10222.0,0.0,0.0,-15.7545,-47.8808,2025-10-06,3
11477,6127831,1234436,,Venda,Apartamento,39.0,ASA NORTE,BRASILIA,620000.0,15897.0,0.0,1.0,53.912,38.557,2025-10-06,2
11479,6127833,811721,,Venda,Apartamento,246.0,ASA NORTE,BRASILIA,3000000.0,12195.0,0.0,2.0,-15.7665,-47.8849,2025-10-06,8
11491,6127845,1140889,,Venda,Apartamento,65.0,ASA NORTE,BRASILIA,850000.0,12987.0,1.0,0.0,-15.7898,-47.8899,2025-10-06,0
11578,6127931,1223530,,Venda,Apartamento,144.0,ASA NORTE,BRASILIA,1670000.0,11597.0,3.0,1.0,-15.7718,-47.8806,2025-10-06,8
11584,6127937,1199614,,Venda,Apartamento,172.0,ASA NORTE,BRASILIA,2420000.0,14069.0,0.0,2.0,-15.758,-47.8906,2025-10-06,4
11603,6127956,AP00096,,Venda,Apartamento,55.0,ASA NORTE,BRASILIA,390000.0,7090.0,3.0,0.0,-15.7612,-47.8927,2025-10-06,6
11739,6128092,1200141,,Venda,Apartamento,74.0,ASA NORTE,BRASILIA,1100000.0,14866.0,0.0,1.0,-15.762,-47.8909,2025-10-06,5
11760,6128113,CO9468,,Venda,Apartamento,50.0,ASA NORTE,BRASILIA,630000.0,12600.0,1.0,0.0,-15.7555,-47.8842,2025-10-06,0
11761,6128114,1190723,,Venda,Apartamento,79.0,ASA NORTE,BRASILIA,825000.0,10443.0,0.0,0.0,-15.7782,-47.8767,2025-10-06,3
11778,6128131,1255020,,Venda,Apartamento,260.0,ASA NORTE,BRASILIA,4100000.0,15769.0,0.0,3.0,-15.7456,-47.8866,2025-10-06,2
11789,6128142,AP2616,,Venda,Apartamento,31.0,ASA NORTE,BRASILIA,375000.0,12096.0,0.0,0.0,-15.7909,-47.8853,2025-10-06,8
11871,6128224,1380949,,Venda,Apartamento,125.0,ASA NORTE,BRASILIA,1500000.0,12000.0,3.0,1.0,-15.758,-47.8906,2025-10-06,8
11891,6128244,1209045,,Venda,Apartamento,84.0,ASA NORTE,BRASILIA,1180000.0,14087.0,2.0,1.0,-15.7427,-47.888,2025-10-06,4
11908,6128261,1229821,,Venda,Apartamento,48.0,ASA NORTE,BRASILIA,360000.0,7515.0,0.0,0.0,-15.7516,-47.8965,2025-10-06,6
11956,6128308,719887,,Venda,Apartamento,89.0,ASA NORTE,BRASILIA,1070000.0,12022.0,0.0,1.0,-15.7588,-47.8842,2025-10-06,8
11973,6128325,1114198,,Venda,Apartamento,28.0,ASA NORTE,BRASILIA,365000.0,13035.0,0.0,0.0,-15.7453,-47.8871,2025-10-06,0
11988,6128340,1066685,,Venda,Apartamento,122.0,ASA NORTE,BRASILIA,1660000.0,13606.0,0.0,0.0,-15.7469,-47.8979,2025-10-06,4
11993,6128345,1122101,,Venda,Apartamento,108.0,ASA NORTE,BRASILIA,1199000.0,11101.0,0.0,0.0,-15.7523,-47.8961,2025-10-06,3
12015,6128367,1236558,,Venda,Apartamento,124.0,ASA NORTE,BRASILIA,1870000.0,15080.0,0.0,1.0,-15.7576,-47.8905,2025-10-06,5
12017,6128369,FMX911,,Venda,Apartamento,205.0,ASA NORTE,BRASILIA,3170000.0,15463.0,3.0,2.0,-15.7529,-47.8847,2025-10-06,5
12037,6128389,1114405,,Venda,Apartamento,27.0,ASA NORTE,BRASILIA,450000.0,16666.0,0.0,0.0,-15.7909,-47.8853,2025-10-06,2
12094,6128446,LFM-061-25,,Venda,Apartamento,132.0,ASA NORTE,BRASILIA,1790000.0,13560.0,3.0,1.0,-15.776,-47.886,2025-10-06,4
12125,6128477,1124044,,Venda,Apartamento,132.0,ASA NORTE,BRASILIA,1950000.0,14772.0,3.0,2.0,-15.7763,-47.8872,2025-10-06,5
12165,6128517,1226439,,Venda,Apartamento,71.0,ASA NORTE,BRASILIA,690000.0,9718.0,0.0,0.0,-15.751,-47.8958,2025-10-06,1
12172,6128524,FMX0011,,Venda,Apartamento,137.0,ASA NORTE,BRASILIA,1950000.0,14233.0,3.0,1.0,-15.751,-47.8899,2025-10-06,4
12176,6128528,1128814,,Venda,Apartamento,80.0,ASA NORTE,BRASILIA,699000.0,8737.0,0.0,0.0,-15.7748,-47.8893,2025-10-06,1
12179,6128531,BE205MV,,Venda,Apartamento,300.0,ASA NORTE,BRASILIA,3199000.0,10663.0,0.0,1.0,-15.7533,-47.8841,2025-10-06,3
12187,6128539,1202614,,Venda,Apartamento,39.0,ASA NORTE,BRASILIA,379000.0,9653.0,0.0,0.0,-15.7454,-47.8985,2025-10-06,1
12190,6128542,1164151,,Venda,Apartamento,141.0,ASA NORTE,BRASILIA,1400000.0,9954.0,0.0,0.0,-15.7509,-47.8888,2025-10-06,3
12203,6128555,1195594,,Venda,Apartamento,105.0,ASA NORTE,BRASILIA,1500000.0,14285.0,3.0,1.0,-15.7521,-47.8848,2025-10-06,4
12226,6128578,936579,,Venda,Apartamento,112.0,ASA NORTE,BRASILIA,1600000.0,14285.0,0.0,1.0,-15.7757,-47.8831,2025-10-06,4
12234,6128586,BE544TG,,Venda,Apartamento,168.0,ASA NORTE,BRASILIA,2100000.0,12500.0,4.0,1.0,-15.7417,-47.8928,2025-10-06,0
12258,6128610,01664V-DFI,,Venda,Apartamento,137.0,ASA NORTE,BRASILIA,1569000.0,11452.0,0.0,1.0,-15.7509,-47.8888,2025-10-06,8
12268,6128620,602164,,Venda,Apartamento,48.0,ASA NORTE,BRASILIA,500000.0,10416.0,0.0,0.0,-15.7909,-47.8853,2025-10-06,3
12330,6128683,TH33454,,Venda,Apartamento,154.0,ASA NORTE,BRASILIA,1899000.0,12331.0,4.0,1.0,-15.7817,-47.8784,2025-10-06,8
12366,6128719,1055938,,Venda,Apartamento,98.0,ASA NORTE,BRASILIA,1350000.0,13775.0,0.0,1.0,-15.7547,-47.8894,2025-10-06,4
12382,6128735,UB1616,,Venda,Apartamento,93.0,ASA NORTE,BRASILIA,1180000.0,12755.0,0.0,1.0,-15.737,-47.891,2025-10-06,0
12418,6128771,1177881,,Venda,Apartamento,123.0,ASA NORTE,BRASILIA,1760000.0,14308.0,0.0,0.0,-15.7469,-47.8979,2025-10-06,4
12428,6128781,BE447JP,,Venda,Apartamento,90.0,ASA NORTE,BRASILIA,749900.0,8332.0,0.0,0.0,-15.7774,-47.8768,2025-10-06,1
12432,6128785,1235614,,Venda,Apartamento,120.0,ASA NORTE,BRASILIA,1700000.0,14166.0,3.0,1.0,-15.7681,-47.8812,2025-10-06,4
12450,6128803,1212641,,Venda,Apartamento,123.0,ASA NORTE,BRASILIA,1580000.0,12845.0,4.0,2.0,-15.7608,-47.8885,2025-10-06,0
12451,6128804,1188637,,Venda,Apartamento,90.0,ASA NORTE,BRASILIA,1300000.0,14444.0,0.0,2.0,-15.7898,-47.8899,2025-10-06,4
12470,6128823,1176616,,Venda,Apartamento,55.0,ASA NORTE,BRASILIA,689000.0,12452.0,2.0,0.0,-15.7821,-47.8755,2025-10-06,0
12482,6128835,CO9583,,Venda,Apartamento,45.0,ASA NORTE,BRASILIA,600000.0,13333.0,2.0,0.0,-15.7555,-47.881,2025-10-06,0
12490,6128843,1199235,,Venda,Apartamento,118.0,ASA NORTE,BRASILIA,1597000.0,13552.0,0.0,2.0,-15.7431,-47.8879,2025-10-06,4
12499,6128852,1185610,,Venda,Apartamento,221.0,ASA NORTE,BRASILIA,3900000.0,17647.0,0.0,2.0,-15.7456,-47.8866,2025-10-06,7
12506,6128859,745657,,Venda,Apartamento,122.0,ASA NORTE,BRASILIA,1660000.0,13606.0,0.0,0.0,-15.746,-47.8981,2025-10-06,4
12515,6128868,1135789,,Venda,Apartamento,125.0,ASA NORTE,BRASILIA,1500000.0,12000.0,0.0,1.0,-15.7576,-47.8905,2025-10-06,8
12539,6128892,1208428,,Venda,Apartamento,117.0,ASA NORTE,BRASILIA,1550000.0,13247.0,0.0,1.0,-15.7572,-47.8879,2025-10-06,0
12614,6128967,1232699,,Venda,Apartamento,130.0,ASA NORTE,BRASILIA,1800000.0,13846.0,0.0,1.0,-15.7726,-47.8836,2025-10-06,4
12642,6128995,1235893,,Venda,Apartamento,135.0,ASA NORTE,BRASILIA,1690000.0,12518.0,0.0,1.0,-15.7541,-47.8889,2025-10-06,0
12670,6129023,1151133,,Venda,Apartamento,116.0,ASA NORTE,BRASILIA,1100000.0,9482.0,3.0,0.0,-15.7601,-47.8943,2025-10-06,1
12692,6129045,FAN0609,,Venda,Apartamento,33.0,ASA NORTE,BRASILIA,430000.0,13030.0,1.0,1.0,-15.7662,-47.8751,2025-10-06,0
12694,6129047,1045537,,Venda,Apartamento,127.0,ASA NORTE,BRASILIA,1489000.0,11724.0,0.0,2.0,-15.7762,-47.8893,2025-10-06,8
12711,6129064,1221151,,Venda,Apartamento,120.0,ASA NORTE,BRASILIA,1380000.0,11500.0,0.0,1.0,-15.7404,-47.8883,2025-10-06,8
12725,6129079,1212668,,Venda,Apartamento,140.0,ASA NORTE,BRASILIA,1700000.0,12142.0,0.0,1.0,-15.7585,-47.8836,2025-10-06,8
12734,6129088,1187149,,Venda,Apartamento,89.0,ASA NORTE,BRASILIA,1300000.0,14680.0,0.0,1.0,-15.7672,-47.8844,2025-10-06,5
12816,6129170,1114817,,Venda,Apartamento,94.0,ASA NORTE,BRASILIA,1295000.0,13776.0,0.0,1.0,-15.7626,-47.88,2025-10-06,4
12837,6129191,1204167,,Venda,Apartamento,89.0,ASA NORTE,BRASILIA,850000.0,9550.0,0.0,0.0,-15.7682,-47.8772,2025-10-06,1
12897,6129251,1212651,,Venda,Apartamento,29.0,ASA NORTE,BRASILIA,399000.0,13758.0,1.0,1.0,-15.7639,-47.8933,2025-10-06,4
12952,6129306,1173351,,Venda,Apartamento,245.0,ASA NORTE,BRASILIA,3500000.0,14285.0,0.0,4.0,-15.7572,-47.8879,2025-10-06,4
13013,6129370,31-1,,Venda,Apartamento,80.0,ASA NORTE,BRASILIA,920000.0,11500.0,0.0,0.0,-15.7782,-47.8758,2025-10-06,8
13088,6129446,1103525,,Venda,Apartamento,78.0,ASA NORTE,BRASILIA,950000.0,12179.0,0.0,0.0,-15.7742,-47.8764,2025-10-06,8
13096,6129455,1232336,,Venda,Apartamento,86.0,ASA NORTE,BRASILIA,850000.0,9883.0,0.0,0.0,-15.7674,-47.8784,2025-10-06,1
13100,6129459,1206300,,Venda,Apartamento,50.0,ASA NORTE,BRASILIA,540000.0,10800.0,2.0,0.0,-15.7712,-47.8904,2025-10-06,3
13279,6129639,JCL0071,,Venda,Apartamento,110.0,ASA NORTE,BRASILIA,1470000.0,13363.0,0.0,2.0,-15.7551,-47.8927,2025-10-06,0
13307,6129667,1237088,,Venda,Apartamento,108.0,ASA NORTE,BRASILIA,1198000.0,11092.0,0.0,0.0,-15.7533,-47.8966,2025-10-06,3
13320,6129682,SQN109,,Venda,Apartamento,168.0,ASA NORTE,BRASILIA,3200000.0,19043.0,0.0,3.0,-15.7602,-47.886,2025-10-06,7
13353,6129715,VK4160,,Venda,Apartamento,518.0,ASA NORTE,BRASILIA,6900000.0,13316.0,0.0,4.0,-15.7588,-47.8842,2025-10-06,0
13356,6129718,AP0124,,Venda,Apartamento,76.0,ASA NORTE,BRASILIA,850000.0,11184.0,3.0,0.0,-15.7386,-47.8855,2025-10-06,3
13370,6129732,VILLA152059V01,,Venda,Apartamento,35.0,ASA NORTE,BRASILIA,375000.0,10714.0,0.0,0.0,-15.7477,-47.9014,2025-10-06,3
13438,6129800,CO0013,,Venda,Apartamento,260.0,ASA NORTE,BRASILIA,4300000.0,16538.0,0.0,3.0,-15.7464,-47.886,2025-10-06,2
13486,6129847,30555,,Venda,Apartamento,67.0,ASA NORTE,BRASILIA,899900.0,13431.0,0.0,0.0,-15.7428,-47.9005,2025-10-06,0
13522,6129883,1137603,,Venda,Apartamento,40.0,ASA NORTE,BRASILIA,270000.0,6750.0,1.0,0.0,-15.7612,-47.8927,2025-10-06,6
13580,6129941,VILLA123798V01,,Venda,Apartamento,77.0,ASA NORTE,BRASILIA,1150000.0,14935.0,0.0,1.0,-15.7665,-47.8849,2025-10-06,5
13631,6129992,AP0245,,Venda,Apartamento,137.0,ASA NORTE,BRASILIA,1560000.0,11386.0,0.0,1.0,-15.751,-47.8899,2025-10-06,8
13670,6130031,ESTRELACOBERTURA,,Venda,Apartamento,335.0,ASA NORTE,BRASILIA,5164000.0,15414.0,4.0,3.0,-15.7469,-47.8905,2025-10-06,5
13959,6130322,1125629,,Venda,Apartamento,95.0,ASA NORTE,BRASILIA,1260000.0,13211.0,0.0,1.0,-15.7588,-47.8842,2025-10-06,0
13974,6130337,1017791,,Venda,Apartamento,50.0,ASA NORTE,BRASILIA,550000.0,11000.0,2.0,0.0,-15.7671,-47.8916,2025-10-06,3
14016,6130379,04082025,,Venda,Apartamento,68.0,ASA NORTE,BRASILIA,900000.0,13262.0,2.0,1.0,-15.7456,-47.8946,2025-10-06,0
14052,6130415,1206342,,Venda,Apartamento,99.0,ASA NORTE,BRASILIA,1290000.0,13030.0,0.0,1.0,-15.7549,-47.8916,2025-10-06,0
14132,6130495,1038537,,Venda,Apartamento,270.0,ASA NORTE,BRASILIA,3250000.0,12037.0,5.0,3.0,-15.758,-47.8906,2025-10-06,8
14172,6130535,1054438,,Venda,Apartamento,110.0,ASA NORTE,BRASILIA,1690000.0,15363.0,0.0,2.0,-15.7603,-47.8868,2025-10-06,5
14253,6130616,1108867,,Venda,Apartamento,175.0,ASA NORTE,BRASILIA,2400000.0,13714.0,0.0,2.0,-15.7405,-47.8887,2025-10-06,4
14427,6130790,IG0007,,Venda,Apartamento,168.0,ASA NORTE,BRASILIA,3006000.0,17918.0,4.0,2.0,-15.7473,-47.8906,2025-10-06,7
14453,6130815,1155034,,Venda,Apartamento,127.0,ASA NORTE,BRASILIA,1700000.0,13385.0,3.0,1.0,-15.7377,-47.8934,2025-10-06,0
14456,6130818,1232220,,Venda,Apartamento,194.0,ASA NORTE,BRASILIA,3600000.0,18556.0,4.0,3.0,-15.7405,-47.8887,2025-10-06,7
14517,6130879,1405703,,Venda,Apartamento,55.0,ASA NORTE,BRASILIA,670000.0,12181.0,0.0,0.0,-15.7712,-47.8904,2025-10-06,8
14586,6130949,850740,,Venda,Apartamento,132.0,ASA NORTE,BRASILIA,1800000.0,13636.0,4.0,1.0,-15.7817,-47.8784,2025-10-06,4
14603,6130966,751024,,Venda,Apartamento,41.0,ASA NORTE,BRASILIA,420000.0,10243.0,0.0,0.0,-15.7682,-47.8919,2025-10-06,3
14660,6131021,1174081,,Venda,Apartamento,90.0,ASA NORTE,BRASILIA,1170000.0,12939.0,0.0,1.0,-15.7535,-47.8856,2025-10-06,0
14712,6131072,1109047,,Venda,Apartamento,37.0,ASA NORTE,BRASILIA,340000.0,9204.0,1.0,0.0,-15.758,-47.8951,2025-10-06,1
14724,6131085,964632,,Venda,Apartamento,32.0,ASA NORTE,BRASILIA,295000.0,9218.0,0.0,0.0,-15.7378,-47.8966,2025-10-06,1
14728,6131089,TH29506,,Venda,Apartamento,51.0,ASA NORTE,BRASILIA,400000.0,7843.0,0.0,0.0,-15.7452,-47.8988,2025-10-06,6
14746,6131107,30868,,Venda,Apartamento,83.0,ASA NORTE,BRASILIA,1180000.0,14216.0,0.0,1.0,-15.7505,-47.8872,2025-10-06,4
14751,6131112,AP1125V,,Venda,Apartamento,125.0,ASA NORTE,BRASILIA,1250000.0,10000.0,3.0,0.0,-15.7731,-47.8828,2025-10-06,3
14840,6131201,115n,,Venda,Apartamento,168.0,ASA NORTE,BRASILIA,2350000.0,13988.0,0.0,1.0,-15.7411,-47.893,2025-10-06,4
15032,6131393,AP2475,,Venda,Apartamento,69.0,ASA NORTE,BRASILIA,789000.0,11434.0,0.0,0.0,-15.737,-47.891,2025-10-06,8
15127,6131488,COBDUPLEXBALTAZAR,,Venda,Apartamento,136.0,ASA NORTE,BRASILIA,1300000.0,9525.0,2.0,2.0,-15.7765,-47.8896,2025-10-06,1
15142,6131503,1202681,,Venda,Apartamento,42.0,ASA NORTE,BRASILIA,430000.0,10277.0,0.0,0.0,-15.7403,-47.8935,2025-10-06,3
15202,6131563,11053,,Venda,Apartamento,86.0,ASA NORTE,BRASILIA,989000.0,11500.0,0.0,0.0,-15.7634,-47.8919,2025-10-06,8
15218,6131579,TH28367,,Venda,Apartamento,36.0,ASA NORTE,BRASILIA,490000.0,13517.0,2.0,0.0,-15.7456,-47.8972,2025-10-06,4
15357,6131718,11284,,Venda,Apartamento,74.0,ASA NORTE,BRASILIA,1390000.0,18783.0,0.0,2.0,-15.7529,-47.8847,2025-10-06,7
15364,6131725,1031956,,Venda,Apartamento,36.0,ASA NORTE,BRASILIA,270000.0,7500.0,2.0,0.0,-15.7634,-47.8919,2025-10-06,6
15386,6131747,1188613,,Venda,Apartamento,85.0,ASA NORTE,BRASILIA,1220000.0,14352.0,0.0,1.0,-15.7613,-47.8829,2025-10-06,4
15527,6131888,690273,,Venda,Apartamento,324.0,ASA NORTE,BRASILIA,5141000.0,15867.0,4.0,4.0,-15.7405,-47.8887,2025-10-06,2
15575,6131936,DSF309,,Venda,Apartamento,25.0,ASA NORTE,BRASILIA,330000.0,13200.0,0.0,1.0,-15.7543,-47.9006,2025-10-06,0
15643,6132004,10956,,Venda,Apartamento,100.0,ASA NORTE,BRASILIA,790000.0,7900.0,0.0,0.0,-15.7782,-47.8758,2025-10-06,6
15701,6132062,606060,,Venda,Apartamento,79.0,ASA NORTE,BRASILIA,990000.0,12571.0,0.0,0.0,-15.7676,-47.8774,2025-10-06,0
15743,6132103,AP0130,,Venda,Apartamento,78.0,ASA NORTE,BRASILIA,830000.0,10641.0,0.0,0.0,-15.7743,-47.8773,2025-10-06,3
15827,6132187,1016602,,Venda,Apartamento,167.0,ASA NORTE,BRASILIA,2835000.0,16976.0,4.0,2.0,-15.7473,-47.8906,2025-10-06,2
15866,6132226,212ANI,,Venda,Apartamento,130.0,ASA NORTE,BRASILIA,1750000.0,13461.0,0.0,2.0,-15.7492,-47.8876,2025-10-06,4
15892,6132252,1151453,,Venda,Apartamento,45.0,ASA NORTE,BRASILIA,600000.0,13333.0,2.0,0.0,-15.7555,-47.881,2025-10-06,0
15918,6132278,TH27864,,Venda,Apartamento,42.0,ASA NORTE,BRASILIA,380000.0,9147.0,2.0,0.0,-15.7426,-47.8986,2025-10-06,1
15960,6132319,28870,,Venda,Apartamento,90.0,ASA NORTE,BRASILIA,789000.0,8766.0,0.0,0.0,-15.7774,-47.8768,2025-10-06,1
16058,6132418,AP0139,,Venda,Apartamento,95.0,ASA NORTE,BRASILIA,1450000.0,15263.0,0.0,1.0,-15.7557,-47.8833,2025-10-06,5
16117,6132477,AP2215,,Venda,Apartamento,208.0,ASA NORTE,BRASILIA,3199000.0,15379.0,0.0,1.0,-15.7521,-47.8847,2025-10-06,5
16119,6132479,1203748,,Venda,Apartamento,93.0,ASA NORTE,BRASILIA,1200000.0,12971.0,0.0,1.0,-15.737,-47.891,2025-10-06,0
16241,6132601,10843,,Venda,Apartamento,120.0,ASA NORTE,BRASILIA,1530000.0,12750.0,0.0,1.0,-15.7425,-47.8956,2025-10-06,0
16309,6132668,03707V,,Venda,Apartamento,247.0,ASA NORTE,BRASILIA,3100000.0,12559.0,0.0,2.0,-15.7668,-47.8857,2025-10-06,0
16383,6132742,ELEGANCIA,,Venda,Apartamento,116.0,ASA NORTE,BRASILIA,1590000.0,13723.0,0.0,1.0,-15.7572,-47.8879,2025-10-06,4
16530,6132890,876001,,Venda,Apartamento,247.0,ASA NORTE,BRASILIA,2150000.0,8704.0,4.0,2.0,-15.758,-47.8906,2025-10-06,1
16564,6132923,MCAR16,,Venda,Apartamento,280.0,ASA NORTE,BRASILIA,3099000.0,11067.0,0.0,1.0,-15.7529,-47.8847,2025-10-06,3
16574,6132933,1172598,,Venda,Apartamento,55.0,ASA NORTE,BRASILIA,620000.0,11272.0,2.0,0.0,-15.7682,-47.8919,2025-10-06,8
16600,6132959,29032025,,Venda,Apartamento,40.0,ASA NORTE,BRASILIA,360000.0,9000.0,0.0,0.0,-15.7577,-47.8957,2025-10-06,1
16634,6132993,935649,,Venda,Apartamento,108.0,ASA NORTE,BRASILIA,1080000.0,10000.0,0.0,0.0,-15.746,-47.8981,2025-10-06,3
16682,6133041,1169925,,Venda,Apartamento,175.0,ASA NORTE,BRASILIA,2850000.0,16284.0,0.0,3.0,-15.7812,-47.8892,2025-10-06,2
16685,6133044,1130887,,Venda,Apartamento,144.0,ASA NORTE,BRASILIA,1895000.0,13159.0,0.0,2.0,-15.7431,-47.8879,2025-10-06,0
16725,6133086,971137,,Venda,Apartamento,27.0,ASA NORTE,BRASILIA,380000.0,14074.0,1.0,1.0,53.912,38.557,2025-10-06,4
16726,6133087,TH26754,,Venda,Apartamento,56.0,ASA NORTE,BRASILIA,395000.0,7033.0,2.0,0.0,-15.7672,-47.8907,2025-10-06,6
16730,6133091,1055753,,Venda,Apartamento,90.0,ASA NORTE,BRASILIA,1300000.0,14520.0,0.0,2.0,-15.7898,-47.8899,2025-10-06,4
16916,6133278,880261024-63,,Venda,Apartamento,95.0,ASA NORTE,BRASILIA,1150000.0,12053.0,3.0,1.0,-15.7378,-47.8942,2025-10-06,8
16919,6133281,DLV042,,Venda,Apartamento,45.0,ASA NORTE,BRASILIA,619000.0,13755.0,2.0,0.0,-15.7555,-47.881,2025-10-06,4
17002,6133364,1234379,,Venda,Apartamento,35.0,ASA NORTE,BRASILIA,295000.0,8462.0,0.0,0.0,-15.7452,-47.8988,2025-10-06,1
17008,6133370,1157992,,Venda,Apartamento,100.0,ASA NORTE,BRASILIA,1910000.0,19100.0,3.0,1.0,-15.7603,-47.8868,2025-10-06,7
17029,6133391,AP01508,,Venda,Apartamento,78.0,ASA NORTE,BRASILIA,740000.0,9487.0,0.0,0.0,-15.7519,-47.8821,2025-10-06,1
17046,6133408,4528,,Venda,Apartamento,94.0,ASA NORTE,BRASILIA,1300000.0,13829.0,0.0,1.0,-15.7786,-47.8795,2025-10-06,4
17084,6133446,1136895,,Venda,Apartamento,75.0,ASA NORTE,BRASILIA,590000.0,7898.0,0.0,0.0,-15.7633,-47.8923,2025-10-06,6
17090,6133452,NH520,,Venda,Apartamento,128.0,ASA NORTE,BRASILIA,2050000.0,16015.0,0.0,1.0,-15.7392,-47.8967,2025-10-06,2
17153,6133515,AP1009,,Venda,Apartamento,123.0,ASA NORTE,BRASILIA,1660000.0,13527.0,0.0,0.0,-15.7452,-47.8988,2025-10-06,4
17293,6133655,APSGAN92-3828613,,Venda,Apartamento,33.0,ASA NORTE,BRASILIA,429000.0,13000.0,0.0,1.0,-15.7598,-47.8977,2025-10-06,0
17317,6133680,1027790,,Venda,Apartamento,33.0,ASA NORTE,BRASILIA,350000.0,10606.0,0.0,0.0,-15.7748,-47.8893,2025-10-06,3
17344,6133707,1153064,,Venda,Apartamento,206.0,ASA NORTE,BRASILIA,2990000.0,14514.0,0.0,2.0,-15.7559,-47.8923,2025-10-06,4
17365,6133728,1092174,,Venda,Apartamento,113.0,ASA NORTE,BRASILIA,1430000.0,12654.0,0.0,1.0,-15.7665,-47.8849,2025-10-06,0
17400,6133763,AP1182,,Venda,Apartamento,80.0,ASA NORTE,BRASILIA,789000.0,9862.0,0.0,0.0,-15.7518,-47.8927,2025-10-06,1
17402,6133765,AP1171,,Venda,Apartamento,80.0,ASA NORTE,BRASILIA,789000.0,9862.0,0.0,0.0,-15.7518,-47.8927,2025-10-06,1
17502,6133865,AP01398,,Venda,Apartamento,79.0,ASA NORTE,BRASILIA,770000.0,9777.0,0.0,0.0,-15.7723,-47.8767,2025-10-06,1
17542,6133904,1136327,,Venda,Apartamento,25.0,ASA NORTE,BRASILIA,280000.0,11200.0,0.0,1.0,-15.736,-47.9053,2025-10-06,8
17564,6133925,1139076,,Venda,Apartamento,33.0,ASA NORTE,BRASILIA,430000.0,13030.0,0.0,1.0,-15.7598,-47.8977,2025-10-06,0
17657,6134020,DJD2508,,Venda,Apartamento,38.0,ASA NORTE,BRASILIA,450000.0,11842.0,0.0,1.0,-15.7662,-47.8751,2025-10-06,8
17677,6134040,008619V-DFI,,Venda,Apartamento,40.0,ASA NORTE,BRASILIA,620000.0,15327.0,1.0,0.0,-15.7401,-47.8976,2025-10-06,5
17684,6134047,APSQN412-3828635,,Venda,Apartamento,45.0,ASA NORTE,BRASILIA,599000.0,13311.0,0.0,0.0,-15.7555,-47.881,2025-10-06,0
17973,6134335,1216604,,Venda,Apartamento,38.0,ASA NORTE,BRASILIA,350000.0,9283.0,2.0,0.0,-15.7452,-47.8988,2025-10-06,1
17996,6134358,AM472,,Venda,Apartamento,135.0,ASA NORTE,BRASILIA,1720000.0,12740.0,3.0,1.0,-15.7534,-47.8891,2025-10-06,0
17997,6134359,1167475,,Venda,Apartamento,45.0,ASA NORTE,BRASILIA,619000.0,13755.0,0.0,0.0,-15.754,-47.8807,2025-10-06,4
18010,6134372,1400788,,Venda,Apartamento,50.0,ASA NORTE,BRASILIA,430000.0,8600.0,0.0,0.0,-15.7562,-47.8909,2025-10-06,1
18037,6134398,SCRN,,Venda,Apartamento,33.0,ASA NORTE,BRASILIA,260000.0,7878.0,0.0,0.0,-15.7391,-47.9013,2025-10-06,6
18072,6134433,1233656,,Venda,Apartamento,43.0,ASA NORTE,BRASILIA,499000.0,11697.0,1.0,1.0,-15.7543,-47.8947,2025-10-06,8
18119,6134480,1191168,,Venda,Apartamento,376.0,ASA NORTE,BRASILIA,3572000.0,9500.0,0.0,4.0,-15.7456,-47.8946,2025-10-06,1
18380,6134740,NH518,,Venda,Apartamento,96.0,ASA NORTE,BRASILIA,850000.0,8854.0,3.0,0.0,-15.7581,-47.8801,2025-10-06,1
18587,6134949,1233771,,Venda,Apartamento,86.0,ASA NORTE,BRASILIA,820000.0,9534.0,3.0,0.0,-15.7682,-47.8772,2025-10-06,1
18609,6134971,1217133,,Venda,Apartamento,60.0,ASA NORTE,BRASILIA,980000.0,16333.0,0.0,0.0,-15.7367,-47.887,2025-10-06,2
18641,6135003,1236572,,Venda,Apartamento,128.0,ASA NORTE,BRASILIA,1524000.0,11906.0,0.0,1.0,-15.7383,-47.8939,2025-10-06,8
18815,6135178,1232963,,Venda,Apartamento,114.0,ASA NORTE,BRASILIA,1300000.0,11403.0,3.0,1.0,-15.7488,-47.8936,2025-10-06,8
18868,6135230,1124346,,Venda,Apartamento,135.0,ASA NORTE,BRASILIA,1430000.0,10592.0,3.0,0.0,-15.7655,-47.892,2025-10-06,3
18952,6135315,1136594,,Venda,Apartamento,70.0,ASA NORTE,BRASILIA,1120000.0,16000.0,0.0,1.0,-15.7809,-47.8756,2025-10-06,2
19070,6135434,AP03053,,Venda,Apartamento,168.0,ASA NORTE,BRASILIA,2440000.0,14523.0,0.0,2.0,-15.7612,-47.8896,2025-10-06,4
19077,6135441,JOB0017,,Venda,Apartamento,44.0,ASA NORTE,BRASILIA,470000.0,10681.0,0.0,0.0,-15.7513,-47.8857,2025-10-06,3
19224,6135587,1173045,,Venda,Apartamento,29.0,ASA NORTE,BRASILIA,350000.0,12068.0,0.0,1.0,0.0,0.0,2025-10-06,8
19272,6135636,1036984,,Venda,Apartamento,74.0,ASA NORTE,BRASILIA,1350000.0,18290.0,2.0,2.0,-15.7529,-47.8847,2025-10-06,7
19407,6135772,1232352,,Venda,Apartamento,140.0,ASA NORTE,BRASILIA,1580000.0,11285.0,0.0,2.0,-15.7509,-47.8888,2025-10-06,8
19410,6135775,VILLA63337V01,,Venda,Apartamento,31.0,ASA NORTE,BRASILIA,400000.0,12903.0,0.0,0.0,-15.7658,-47.8917,2025-10-06,0
19458,6135823,1202228,,Venda,Apartamento,108.0,ASA NORTE,BRASILIA,979000.0,9069.0,0.0,0.0,-15.7505,-47.8975,2025-10-06,1
19485,6135850,1188579,,Venda,Apartamento,34.0,ASA NORTE,BRASILIA,400000.0,11661.0,1.0,1.0,-15.7477,-47.9014,2025-10-06,8
19500,6135865,SHCGN710,,Venda,Apartamento,108.0,ASA NORTE,BRASILIA,890000.0,8240.0,0.0,0.0,-15.7585,-47.894,2025-10-06,6
19556,6135921,1213459,,Venda,Apartamento,127.0,ASA NORTE,BRASILIA,1600000.0,12598.0,0.0,1.0,-15.7383,-47.8939,2025-10-06,0
19590,6135955,1182663,,Venda,Apartamento,95.0,ASA NORTE,BRASILIA,1240000.0,13052.0,0.0,1.0,-15.7526,-47.8918,2025-10-06,0
19619,6135984,AP0401,,Venda,Apartamento,99.0,ASA NORTE,BRASILIA,1460000.0,14747.0,0.0,1.0,-15.7524,-47.8896,2025-10-06,5
19694,6136059,SL15,,Venda,Apartamento,260.0,ASA NORTE,BRASILIA,4300000.0,16546.0,0.0,3.0,-15.7456,-47.8866,2025-10-06,2
19766,6136130,1130286,,Venda,Apartamento,197.0,ASA NORTE,BRASILIA,2300000.0,11675.0,3.0,1.0,-15.7549,-47.8916,2025-10-06,8
19781,6136145,003,,Venda,Apartamento,100.0,ASA NORTE,BRASILIA,1447000.0,14470.0,0.0,1.0,-15.7391,-47.8937,2025-10-06,4
19817,6136180,LI999,,Venda,Apartamento,39.0,ASA NORTE,BRASILIA,359000.0,9205.0,1.0,0.0,-15.7442,-47.895,2025-10-06,1
19965,6136329,30961,,Venda,Apartamento,74.0,ASA NORTE,BRASILIA,690000.0,9324.0,2.0,0.0,-15.7728,-47.8911,2025-10-06,1
19986,6136350,1227951,,Venda,Apartamento,132.0,ASA NORTE,BRASILIA,1800000.0,13636.0,0.0,1.0,-15.757,-47.8845,2025-10-06,4
20002,6136366,45571032V-DFI,,Venda,Apartamento,44.0,ASA NORTE,BRASILIA,330000.0,7508.0,0.0,0.0,-15.7714,-47.8848,2025-10-06,6
20020,6136384,1201100,,Venda,Apartamento,34.0,ASA NORTE,BRASILIA,320000.0,9411.0,0.0,0.0,-15.7438,-47.8976,2025-10-06,1
20022,6136386,1184923,,Venda,Apartamento,94.0,ASA NORTE,BRASILIA,1199999.0,12774.0,0.0,1.0,-15.7794,-47.8787,2025-10-06,0
20102,6136466,RB1713,,Venda,Apartamento,28.0,ASA NORTE,BRASILIA,375000.0,13392.0,1.0,0.0,-15.7909,-47.8853,2025-10-06,0
20130,6136494,AP00426,,Venda,Apartamento,127.0,ASA NORTE,BRASILIA,1700000.0,13385.0,3.0,1.0,-15.7383,-47.8939,2025-10-06,0
20197,6136560,1054382,,Venda,Apartamento,58.0,ASA NORTE,BRASILIA,560000.0,9655.0,0.0,0.0,-15.7696,-47.892,2025-10-06,1
20223,6136586,21052025,,Venda,Apartamento,95.0,ASA NORTE,BRASILIA,900000.0,9473.0,0.0,0.0,-15.7519,-47.8821,2025-10-06,1
20229,6136592,1143048,,Venda,Apartamento,93.0,ASA NORTE,BRASILIA,920000.0,9892.0,0.0,0.0,-15.7545,-47.8808,2025-10-06,1
20238,6136601,777330,,Venda,Apartamento,24.0,ASA NORTE,BRASILIA,365000.0,15101.0,1.0,0.0,-15.7898,-47.8899,2025-10-06,5
20305,6136667,1188391,,Venda,Apartamento,67.0,ASA NORTE,BRASILIA,1170000.0,17462.0,0.0,0.0,-15.7518,-47.8927,2025-10-06,7
20329,6136690,1016714,,Venda,Apartamento,208.0,ASA NORTE,BRASILIA,3199000.0,15379.0,0.0,1.0,-15.7529,-47.8847,2025-10-06,5
20351,6136712,1233539,,Venda,Apartamento,84.0,ASA NORTE,BRASILIA,1220000.0,14523.0,2.0,1.0,-15.7629,-47.8811,2025-10-06,4
20395,6136757,1227016,,Venda,Apartamento,42.0,ASA NORTE,BRASILIA,610000.0,14523.0,0.0,0.0,-15.737,-47.891,2025-10-06,4
20396,6136758,790649,,Venda,Apartamento,129.0,ASA NORTE,BRASILIA,2050000.0,15908.0,0.0,2.0,-15.7613,-47.8829,2025-10-06,2
20423,6136785,1016723,,Venda,Apartamento,208.0,ASA NORTE,BRASILIA,3199000.0,15379.0,0.0,1.0,-15.7529,-47.8847,2025-10-06,5
20428,6136790,457111,,Venda,Apartamento,93.0,ASA NORTE,BRASILIA,1598000.0,17184.0,3.0,2.0,-15.7572,-47.8879,2025-10-06,2
20455,6136817,CO8602,,Venda,Apartamento,209.0,ASA NORTE,BRASILIA,3500000.0,16784.0,0.0,1.0,-15.7533,-47.8841,2025-10-06,2
20487,6136850,1151221,,Venda,Apartamento,37.0,ASA NORTE,BRASILIA,320900.0,8672.0,1.0,0.0,-15.7768,-47.8886,2025-10-06,1
20504,6136867,1211159,,Venda,Apartamento,157.0,ASA NORTE,BRASILIA,2250000.0,14331.0,4.0,2.0,-15.7456,-47.8946,2025-10-06,4
20528,6136891,BERNADETE3QUARTOS,,Venda,Apartamento,76.0,ASA NORTE,BRASILIA,680000.0,8947.0,3.0,2.0,-15.7603,-47.8868,2025-10-06,1
20539,6136902,FCR0075,,Venda,Apartamento,87.0,ASA NORTE,BRASILIA,790000.0,9080.0,0.0,0.0,-15.7518,-47.8927,2025-10-06,1
20558,6136920,2362,,Venda,Apartamento,96.0,ASA NORTE,BRASILIA,1410000.0,14629.0,0.0,2.0,-15.7502,-47.8859,2025-10-06,5
20564,6136926,1238030,,Venda,Apartamento,37.0,ASA NORTE,BRASILIA,295000.0,7972.0,0.0,0.0,-15.7605,-47.8929,2025-10-06,6
20609,6136971,LI1084,,Venda,Apartamento,33.0,ASA NORTE,BRASILIA,280000.0,8484.0,1.0,0.0,-15.7574,-47.8954,2025-10-06,1
20750,6137111,AP01316,,Venda,Apartamento,62.0,ASA NORTE,BRASILIA,795000.0,12822.0,0.0,1.0,-15.7382,-47.8899,2025-10-06,0
20873,6137235,PIN00295,,Venda,Apartamento,65.0,ASA NORTE,BRASILIA,780000.0,12000.0,0.0,1.0,-15.7401,-47.8957,2025-10-06,8
20947,6137309,AP01488,,Venda,Apartamento,120.0,ASA NORTE,BRASILIA,1420000.0,11833.0,0.0,1.0,-15.7684,-47.8801,2025-10-06,8
20969,6137331,BE460TG,,Venda,Apartamento,137.0,ASA NORTE,BRASILIA,1630000.0,11897.0,0.0,1.0,-15.751,-47.8899,2025-10-06,8
20987,6137348,1098662,,Venda,Apartamento,95.0,ASA NORTE,BRASILIA,1350000.0,14258.0,3.0,1.0,-15.7549,-47.8916,2025-10-06,4
21046,6137407,FAW007,,Venda,Apartamento,96.0,ASA NORTE,BRASILIA,850000.0,8854.0,0.0,0.0,-15.7572,-47.88,2025-10-06,1
21175,6137536,680394,,Venda,Apartamento,119.0,ASA NORTE,BRASILIA,1200000.0,10084.0,0.0,1.0,-15.7495,-47.893,2025-10-06,3
21200,6137561,1189728,,Venda,Apartamento,85.0,ASA NORTE,BRASILIA,1249000.0,14694.0,0.0,1.0,-15.7613,-47.8829,2025-10-06,5
21238,6137599,1116809,,Venda,Apartamento,181.0,ASA NORTE,BRASILIA,1950000.0,10773.0,0.0,1.0,-15.7695,-47.8833,2025-10-06,3
21272,6137633,28805,,Venda,Apartamento,28.0,ASA NORTE,BRASILIA,440000.0,15714.0,0.0,1.0,-15.7662,-47.8751,2025-10-06,5
21389,6137751,1202734,,Venda,Apartamento,376.0,ASA NORTE,BRASILIA,3700000.0,9840.0,5.0,4.0,-15.7451,-47.8956,2025-10-06,1
21471,6137833,CO0001-CARL,,Venda,Apartamento,205.0,ASA NORTE,BRASILIA,3170000.0,15463.0,0.0,2.0,-15.7509,-47.8888,2025-10-06,5
21474,6137836,880341027-36,,Venda,Apartamento,78.0,ASA NORTE,BRASILIA,950000.0,12179.0,3.0,30.0,-15.7742,-47.8762,2025-10-06,8
21748,6138112,754235,,Venda,Apartamento,48.0,ASA NORTE,BRASILIA,290000.0,6041.0,0.0,0.0,-15.7518,-47.8973,2025-10-06,6
21787,6138151,PIN00814,,Venda,Apartamento,118.0,ASA NORTE,BRASILIA,1400000.0,11903.0,0.0,1.0,-15.7794,-47.8787,2025-10-06,8
21828,6138193,CO9779,,Venda,Apartamento,56.0,ASA NORTE,BRASILIA,550000.0,9888.0,0.0,0.0,-15.7891,-47.8876,2025-10-06,1
21885,6138250,1214209,,Venda,Apartamento,127.0,ASA NORTE,BRASILIA,2049000.0,16133.0,0.0,2.0,-15.7613,-47.8829,2025-10-06,2
21949,6138315,1121522,,Venda,Apartamento,78.0,ASA NORTE,BRASILIA,1025000.0,13141.0,0.0,1.0,-15.7794,-47.8787,2025-10-06,0
22060,6138426,1164107,,Venda,Apartamento,45.0,ASA NORTE,BRASILIA,619000.0,13755.0,0.0,0.0,-15.755,-47.8806,2025-10-06,4
22177,6138543,AP0577,,Venda,Apartamento,33.0,ASA NORTE,BRASILIA,430000.0,13030.0,1.0,0.0,-15.7598,-47.8977,2025-10-06,0
22251,6138616,1015596,,Venda,Apartamento,40.0,ASA NORTE,BRASILIA,320000.0,8000.0,0.0,0.0,-15.7514,-47.8973,2025-10-06,6
22309,6138672,1200096,,Venda,Apartamento,74.0,ASA NORTE,BRASILIA,1000000.0,13513.0,0.0,1.0,-15.762,-47.8909,2025-10-06,4
22369,6138732,1234431,,Venda,Apartamento,168.0,ASA NORTE,BRASILIA,2390000.0,14226.0,4.0,1.0,-15.7417,-47.8928,2025-10-06,4
22399,6138764,1117698,,Venda,Apartamento,73.0,ASA NORTE,BRASILIA,900000.0,12328.0,0.0,1.0,-15.7377,-47.8901,2025-10-06,8
22405,6138770,965088,,Venda,Apartamento,245.0,ASA NORTE,BRASILIA,3500000.0,14285.0,4.0,4.0,-15.7572,-47.8879,2025-10-06,4
22436,6138801,Sqn,,Venda,Apartamento,124.0,ASA NORTE,BRASILIA,1630000.0,13145.0,0.0,1.0,-15.7588,-47.8842,2025-10-06,0
22496,6138861,PATSQN409,,Venda,Apartamento,96.0,ASA NORTE,BRASILIA,850000.0,8854.0,0.0,0.0,-15.7572,-47.88,2025-10-06,1
22592,6138958,DMS00169,,Venda,Apartamento,27.0,ASA NORTE,BRASILIA,379000.0,14037.0,0.0,1.0,0.0,0.0,2025-10-06,4
22691,6139057,TH32533,,Venda,Apartamento,45.0,ASA NORTE,BRASILIA,620000.0,13777.0,0.0,0.0,-15.754,-47.8807,2025-10-06,4
22693,6139059,1235624,,Venda,Apartamento,79.0,ASA NORTE,BRASILIA,680000.0,8607.0,3.0,0.0,-15.7679,-47.8762,2025-10-06,1
22777,6139144,DDA1063,,Venda,Apartamento,33.0,ASA NORTE,BRASILIA,430000.0,13030.0,0.0,1.0,-15.7662,-47.8751,2025-10-06,0
22815,6139182,BERNADETE,,Venda,Apartamento,63.0,ASA NORTE,BRASILIA,560000.0,8888.0,2.0,2.0,-15.7603,-47.8868,2025-10-06,1
22841,6139208,1230303,,Venda,Apartamento,124.0,ASA NORTE,BRASILIA,1500000.0,12096.0,0.0,1.0,-15.758,-47.8906,2025-10-06,8
22846,6139213,1164610,,Venda,Apartamento,92.0,ASA NORTE,BRASILIA,930000.0,10108.0,0.0,1.0,-15.737,-47.891,2025-10-06,3
22858,6139225,732090,,Venda,Apartamento,300.0,ASA NORTE,BRASILIA,3199000.0,10663.0,0.0,1.0,-15.7533,-47.8841,2025-10-06,3
22950,6139317,1070215,,Venda,Apartamento,100.0,ASA NORTE,BRASILIA,725000.0,7250.0,3.0,0.0,-15.7595,-47.8806,2025-10-06,6
22992,6139360,1218843,,Venda,Apartamento,47.0,ASA NORTE,BRASILIA,520000.0,11063.0,0.0,0.0,-15.7555,-47.881,2025-10-06,3
23022,6139390,DMS00176,,Venda,Apartamento,66.0,ASA NORTE,BRASILIA,969000.0,14681.0,0.0,1.0,-15.779,-47.8899,2025-10-06,5
23084,6139452,AP00425,,Venda,Apartamento,113.0,ASA NORTE,BRASILIA,1299000.0,11495.0,3.0,1.0,-15.7726,-47.8836,2025-10-06,8
23118,6139486,1084653,,Venda,Apartamento,113.0,ASA NORTE,BRASILIA,1350000.0,11943.0,0.0,1.0,-15.7726,-47.8836,2025-10-06,8
23318,6139686,VILLA151929V01,,Venda,Apartamento,84.0,ASA NORTE,BRASILIA,1180000.0,14047.0,0.0,1.0,-15.7431,-47.8879,2025-10-06,4
23320,6139688,P2921,,Venda,Apartamento,181.0,ASA NORTE,BRASILIA,1950000.0,10773.0,0.0,1.0,-15.7698,-47.8838,2025-10-06,3
23453,6139822,1186370,,Venda,Apartamento,25.0,ASA NORTE,BRASILIA,380000.0,15200.0,1.0,1.0,-15.7327,-47.8973,2025-10-06,5
23454,6139823,AP01272,,Venda,Apartamento,182.0,ASA NORTE,BRASILIA,1750000.0,9615.0,0.0,1.0,-15.769,-47.8834,2025-10-06,1
23744,6140114,19275,,Venda,Apartamento,300.0,ASA NORTE,BRASILIA,3099000.0,10330.0,0.0,1.0,-15.7529,-47.8847,2025-10-06,3
23771,6140141,JULIA401,,Venda,Apartamento,94.0,ASA NORTE,BRASILIA,1050000.0,11170.0,0.0,0.0,-15.7525,-47.881,2025-10-06,3
23834,6140204,1188780,,Venda,Apartamento,64.0,ASA NORTE,BRASILIA,850000.0,13327.0,0.0,0.0,-15.7595,-47.8806,2025-10-06,0
23867,6140237,1185391,,Venda,Apartamento,45.0,ASA NORTE,BRASILIA,619000.0,13755.0,2.0,0.0,-15.754,-47.8807,2025-10-06,4
24089,6140459,VILLA151104V01,,Venda,Apartamento,109.0,ASA NORTE,BRASILIA,1579000.0,14486.0,3.0,1.0,-15.7731,-47.8864,2025-10-06,4
24158,6140527,1131265,,Venda,Apartamento,91.0,ASA NORTE,BRASILIA,910000.0,10003.0,0.0,0.0,-15.7495,-47.8971,2025-10-06,3
24183,6140552,2345,,Venda,Apartamento,136.0,ASA NORTE,BRASILIA,1420000.0,10441.0,0.0,1.0,-15.7608,-47.8885,2025-10-06,3
24280,6140648,1231004,,Venda,Apartamento,78.0,ASA NORTE,BRASILIA,1245000.0,15937.0,0.0,1.0,-15.7495,-47.8858,2025-10-06,2
24302,6140670,1230280,,Venda,Apartamento,31.0,ASA NORTE,BRASILIA,350000.0,11290.0,0.0,0.0,-15.7655,-47.892,2025-10-06,8
24415,6140783,1035404,,Venda,Apartamento,96.0,ASA NORTE,BRASILIA,1410000.0,14687.0,0.0,2.0,-15.7502,-47.8859,2025-10-06,5
24426,6140795,1138632,,Venda,Apartamento,137.0,ASA NORTE,BRASILIA,1850000.0,13503.0,4.0,1.0,-15.7817,-47.8784,2025-10-06,4
24442,6140811,VILLA151794V01,,Venda,Apartamento,127.0,ASA NORTE,BRASILIA,1700000.0,13385.0,0.0,1.0,-15.7383,-47.8939,2025-10-06,0
24475,6140844,2253,,Venda,Apartamento,175.0,ASA NORTE,BRASILIA,2280000.0,13028.0,0.0,2.0,-15.7407,-47.888,2025-10-06,0
24563,6140932,1167432,,Venda,Apartamento,48.0,ASA NORTE,BRASILIA,325000.0,6770.0,1.0,0.0,-15.7452,-47.8988,2025-10-06,6
24576,6140945,595978,,Venda,Apartamento,38.0,ASA NORTE,BRASILIA,550000.0,14473.0,1.0,1.0,-15.7463,-47.8939,2025-10-06,4
24653,6141023,AP00139,,Venda,Apartamento,383.0,ASA NORTE,BRASILIA,4900000.0,12783.0,0.0,4.0,-15.7731,-47.8864,2025-10-06,0
24691,6141060,DDA137,,Venda,Apartamento,27.0,ASA NORTE,BRASILIA,290000.0,10740.0,0.0,1.0,-15.7543,-47.9006,2025-10-06,3
24822,6141191,052,,Venda,Apartamento,33.0,ASA NORTE,BRASILIA,350000.0,10706.0,1.0,0.0,-15.7634,-47.8919,2025-10-06,3
24858,6141226,1227505,,Venda,Apartamento,78.0,ASA NORTE,BRASILIA,780000.0,10000.0,3.0,0.0,-15.7741,-47.8757,2025-10-06,3
25020,6141392,FKS0506,,Venda,Apartamento,65.0,ASA NORTE,BRASILIA,780000.0,12000.0,0.0,0.0,-15.7456,-47.8946,2025-10-06,8
25023,6141395,1197547,,Venda,Apartamento,45.0,ASA NORTE,BRASILIA,619000.0,13755.0,0.0,0.0,-15.7555,-47.881,2025-10-06,4
25034,6141406,mcarsqn406,,Venda,Apartamento,79.0,ASA NORTE,BRASILIA,850000.0,10759.0,0.0,0.0,-15.7682,-47.8772,2025-10-06,3
25110,6141482,1191864,,Venda,Apartamento,168.0,ASA NORTE,BRASILIA,2195000.0,13091.0,4.0,1.0,-15.7417,-47.8928,2025-10-06,0
25395,6141766,1125935,,Venda,Apartamento,52.0,ASA NORTE,BRASILIA,620000.0,11856.0,0.0,0.0,-15.7671,-47.8916,2025-10-06,8
25465,6141899,P2880,,Venda,Apartamento,280.0,ASA NORTE,BRASILIA,3199000.0,11425.0,0.0,1.0,-15.7533,-47.8841,2025-10-06,8
25545,6141915,DFSQN213,,Venda,Apartamento,260.0,ASA NORTE,BRASILIA,4300000.0,16538.0,0.0,3.0,-15.7464,-47.886,2025-10-06,2
25581,6141951,SQN316,,Venda,Apartamento,128.0,ASA NORTE,BRASILIA,2099000.0,16398.0,0.0,1.0,-15.7392,-47.8967,2025-10-06,2
25618,6141989,1226957,,Venda,Apartamento,75.0,ASA NORTE,BRASILIA,800000.0,10666.0,0.0,0.0,-15.7518,-47.8927,2025-10-06,3
25754,6142126,1218387,,Venda,Apartamento,115.0,ASA NORTE,BRASILIA,1650000.0,14347.0,0.0,2.0,-15.7602,-47.886,2025-10-06,4
25764,6142136,P3132,,Venda,Apartamento,25.0,ASA NORTE,BRASILIA,355000.0,14200.0,0.0,1.0,-15.7543,-47.9006,2025-10-06,4
25808,6142179,11269,,Venda,Apartamento,96.0,ASA NORTE,BRASILIA,850000.0,8854.0,0.0,0.0,-15.7581,-47.8801,2025-10-06,1
25910,6142282,1195976,,Venda,Apartamento,137.0,ASA NORTE,BRASILIA,1550000.0,11313.0,3.0,1.0,-15.751,-47.8899,2025-10-06,8
29850,6146251,1215430,,Venda,Apartamento,102.0,ASA NORTE,BRASILIA,1720000.0,16862.0,0.0,2.0,-15.7731,-47.8864,2025-10-06,2
29854,6146255,11066,,Venda,Apartamento,133.0,ASA NORTE,BRASILIA,1850000.0,13909.0,0.0,1.0,-15.7817,-47.8784,2025-10-06,4
29877,6146278,30-1,,Venda,Apartamento,326.0,ASA NORTE,BRASILIA,4100000.0,12576.0,0.0,3.0,-15.7603,-47.8868,2025-10-06,0
29945,6146348,29-1,,Venda,Apartamento,80.0,ASA NORTE,BRASILIA,950000.0,11875.0,0.0,0.0,-15.7492,-47.883,2025-10-06,8
29946,6146349,1225732,,Venda,Apartamento,159.0,ASA NORTE,BRASILIA,2150000.0,13522.0,0.0,2.0,-15.7509,-47.8888,2025-10-06,4
29948,6146351,1213351,,Venda,Apartamento,125.0,ASA NORTE,BRASILIA,1520000.0,12130.0,3.0,0.0,-15.7757,-47.8831,2025-10-06,8
29951,6146354,10887,,Venda,Apartamento,45.0,ASA NORTE,BRASILIA,630000.0,14000.0,0.0,0.0,-15.7555,-47.881,2025-10-06,4
29954,6146357,10548,,Venda,Apartamento,112.0,ASA NORTE,BRASILIA,1780000.0,15892.0,0.0,1.0,-15.7572,-47.8879,2025-10-06,2
29967,6146371,71790247,,Venda,Apartamento,34.0,ASA NORTE,BRASILIA,380000.0,11078.0,0.0,1.0,-15.7477,-47.9014,2025-10-06,3
29986,6146390,10838,,Venda,Apartamento,25.0,ASA NORTE,BRASILIA,315000.0,12600.0,0.0,1.0,-15.7543,-47.9006,2025-10-06,0
29996,6146400,1105341,,Venda,Apartamento,160.0,ASA NORTE,BRASILIA,2150000.0,13437.0,0.0,2.0,-15.7509,-47.8888,2025-10-06,0
29999,6146403,10675,,Venda,Apartamento,96.0,ASA NORTE,BRASILIA,1350000.0,14062.0,0.0,1.0,-15.7549,-47.8916,2025-10-06,4
30005,6146409,1032919,,Venda,Apartamento,117.0,ASA NORTE,BRASILIA,1550000.0,13247.0,0.0,1.0,-15.7572,-47.8879,2025-10-06,0
30042,6146446,2954,,Venda,Apartamento,270.0,ASA NORTE,BRASILIA,3100000.0,11481.0,0.0,3.0,-15.758,-47.8906,2025-10-06,8
30052,6146456,9481,,Venda,Apartamento,40.0,ASA NORTE,BRASILIA,610000.0,15250.0,0.0,0.0,-15.7886,-47.8893,2025-10-06,5
30062,6146467,TH26521,,Venda,Apartamento,103.0,ASA NORTE,BRASILIA,1230000.0,11941.0,3.0,1.0,-15.7488,-47.8936,2025-10-06,8
30111,6146516,1180873,,Venda,Apartamento,74.0,ASA NORTE,BRASILIA,1080000.0,14634.0,2.0,1.0,-15.7607,-47.8905,2025-10-06,5
30113,6146518,ASA,,Venda,Apartamento,109.0,ASA NORTE,BRASILIA,1200000.0,11011.0,0.0,2.0,-15.7768,-47.8886,2025-10-06,3
30122,6146527,1006253,,Venda,Apartamento,135.0,ASA NORTE,BRASILIA,1650000.0,12222.0,0.0,1.0,-15.7786,-47.8801,2025-10-06,8
30140,6146545,1170648,,Venda,Apartamento,104.0,ASA NORTE,BRASILIA,1250000.0,12019.0,0.0,1.0,-15.7799,-47.8892,2025-10-06,8
30142,6146547,1017222,,Venda,Apartamento,238.0,ASA NORTE,BRASILIA,3150000.0,13244.0,0.0,2.0,-15.7569,-47.8874,2025-10-06,0
30143,6146548,AP0271,,Venda,Apartamento,140.0,ASA NORTE,BRASILIA,1650000.0,11785.0,0.0,1.0,-15.7588,-47.8842,2025-10-06,8
30178,6146584,1199913,,Venda,Apartamento,125.0,ASA NORTE,BRASILIA,1600000.0,12800.0,0.0,0.0,-15.7732,-47.8826,2025-10-06,0
30192,6146598,1110913,,Venda,Apartamento,58.0,ASA NORTE,BRASILIA,690000.0,11981.0,0.0,0.0,-15.7701,-47.887,2025-10-06,8
30292,6146698,10631,,Venda,Apartamento,162.0,ASA NORTE,BRASILIA,1850000.0,11419.0,5.0,1.0,-15.7495,-47.8858,2025-10-06,8
30297,6146703,1097095,,Venda,Apartamento,41.0,ASA NORTE,BRASILIA,519000.0,12658.0,2.0,0.0,-15.7512,-47.8967,2025-10-06,0
30302,6146708,1182694,,Venda,Apartamento,176.0,ASA NORTE,BRASILIA,2590000.0,14715.0,0.0,2.0,-15.7572,-47.8879,2025-10-06,5
30441,6146846,1040268,,Venda,Apartamento,108.0,ASA NORTE,BRASILIA,1100000.0,10185.0,0.0,0.0,-15.7616,-47.8945,2025-10-06,3
30470,6146875,10959,,Venda,Apartamento,154.0,ASA NORTE,BRASILIA,1800000.0,11688.0,0.0,1.0,-15.7698,-47.8838,2025-10-06,8
30570,6146975,UB1682,,Venda,Apartamento,137.0,ASA NORTE,BRASILIA,1570000.0,11459.0,0.0,1.0,-15.751,-47.8899,2025-10-06,8
30572,6146977,945976,,Venda,Apartamento,240.0,ASA NORTE,BRASILIA,2350000.0,9791.0,4.0,2.0,-15.7529,-47.8847,2025-10-06,1
30580,6146985,880251001-45,,Venda,Apartamento,202.0,ASA NORTE,BRASILIA,3100000.0,15346.0,4.0,4.0,-15.7595,-47.882,2025-10-06,5
30622,6147027,1206232,,Venda,Apartamento,137.0,ASA NORTE,BRASILIA,1690000.0,12335.0,3.0,1.0,-15.7541,-47.8889,2025-10-06,8
30656,6147061,1100895,,Venda,Apartamento,168.0,ASA NORTE,BRASILIA,2195000.0,13088.0,0.0,1.0,-15.7409,-47.8938,2025-10-06,0
30662,6147067,1217103,,Venda,Apartamento,120.0,ASA NORTE,BRASILIA,1520000.0,12666.0,3.0,1.0,-15.7425,-47.8956,2025-10-06,0
30684,6147089,1108080,,Venda,Apartamento,40.0,ASA NORTE,BRASILIA,400000.0,10000.0,0.0,1.0,-15.7477,-47.9014,2025-10-06,3
30700,6147105,1172206,,Venda,Apartamento,85.0,ASA NORTE,BRASILIA,1150000.0,13598.0,0.0,1.0,-15.758,-47.8906,2025-10-06,4
30704,6147109,880131002-123,,Venda,Apartamento,110.0,ASA NORTE,BRASILIA,1450000.0,13181.0,0.0,1.0,-15.7462,-47.8871,2025-10-06,0
30728,6147133,342430,,Venda,Apartamento,101.0,ASA NORTE,BRASILIA,1230000.0,12178.0,0.0,1.0,-15.7421,-47.8924,2025-10-06,8
30771,6147177,1004569,,Venda,Apartamento,76.0,ASA NORTE,BRASILIA,799900.0,10525.0,0.0,0.0,-15.7386,-47.8855,2025-10-06,3
30784,6147190,rabelosqn3133quartos,,Venda,Apartamento,120.0,ASA NORTE,BRASILIA,1420000.0,11833.0,0.0,1.0,-15.7495,-47.893,2025-10-06,8
30820,6147226,TH28385,,Venda,Apartamento,95.0,ASA NORTE,BRASILIA,1100000.0,11578.0,3.0,0.0,-15.7519,-47.8821,2025-10-06,8
30823,6147229,1072247,,Venda,Apartamento,68.0,ASA NORTE,BRASILIA,860000.0,12663.0,0.0,0.0,-15.7378,-47.8942,2025-10-06,0
30844,6147250,728352,,Venda,Apartamento,69.0,ASA NORTE,BRASILIA,789000.0,11434.0,2.0,0.0,-15.7382,-47.8899,2025-10-06,8
30848,6147254,1123,,Venda,Apartamento,157.0,ASA NORTE,BRASILIA,2250000.0,14331.0,0.0,2.0,-15.7451,-47.8956,2025-10-06,4
30864,6147270,1188738,,Venda,Apartamento,78.0,ASA NORTE,BRASILIA,1120000.0,14358.0,2.0,1.0,-15.7792,-47.8857,2025-10-06,4
30906,6147312,03772,,Venda,Apartamento,79.0,ASA NORTE,BRASILIA,780000.0,9904.0,0.0,0.0,-15.7743,-47.8773,2025-10-06,1
30929,6147335,CO9707,,Venda,Apartamento,78.0,ASA NORTE,BRASILIA,770000.0,9871.0,0.0,0.0,-15.7741,-47.8757,2025-10-06,1
30971,6147377,1176689,,Venda,Apartamento,105.0,ASA NORTE,BRASILIA,970000.0,9238.0,0.0,0.0,-15.765,-47.877,2025-10-06,1
31021,6147427,1188605,,Venda,Apartamento,376.0,ASA NORTE,BRASILIA,3572000.0,9500.0,0.0,4.0,-15.7456,-47.8946,2025-10-06,1
31035,6147441,1234565,,Venda,Apartamento,270.0,ASA NORTE,BRASILIA,3100000.0,11481.0,0.0,3.0,-15.758,-47.8906,2025-10-06,8
31066,6147472,FEC0173,,Venda,Apartamento,209.0,ASA NORTE,BRASILIA,3199000.0,15306.0,0.0,1.0,-15.7533,-47.8841,2025-10-06,5
31072,6147478,P2609,,Venda,Apartamento,247.0,ASA NORTE,BRASILIA,3000000.0,12154.0,4.0,2.0,-15.7665,-47.8849,2025-10-06,8
31083,6147489,A324,,Venda,Apartamento,80.0,ASA NORTE,BRASILIA,540000.0,6750.0,3.0,0.0,-15.7768,-47.8886,2025-10-06,6
31127,6147533,720619,,Venda,Apartamento,63.0,ASA NORTE,BRASILIA,850000.0,13492.0,2.0,0.0,-15.737,-47.891,2025-10-06,4
31130,6147536,AR310,,Venda,Apartamento,270.0,ASA NORTE,BRASILIA,3100000.0,11481.0,0.0,3.0,-15.758,-47.8906,2025-10-06,8
31205,6147612,1184832,,Venda,Apartamento,74.0,ASA NORTE,BRASILIA,1390000.0,18809.0,0.0,2.0,-15.7529,-47.8847,2025-10-06,7
31210,6147617,RM2013,,Venda,Apartamento,168.0,ASA NORTE,BRASILIA,2099000.0,12518.0,4.0,1.0,-15.7411,-47.893,2025-10-06,0
31271,6147678,1179047,,Venda,Apartamento,220.0,ASA NORTE,BRASILIA,3050000.0,13863.0,0.0,2.0,-15.7462,-47.8871,2025-10-06,4
31282,6147689,874106,,Venda,Apartamento,129.0,ASA NORTE,BRASILIA,2270000.0,17596.0,3.0,2.0,-15.7449,-47.8923,2025-10-06,7
31304,6147712,CO9360,,Venda,Apartamento,104.0,ASA NORTE,BRASILIA,1580000.0,15259.0,3.0,1.0,-15.7488,-47.8936,2025-10-06,5
31365,6147773,1007472,,Venda,Apartamento,320.0,ASA NORTE,BRASILIA,5238961.0,16375.0,4.0,4.0,-15.7413,-47.8887,2025-10-06,2
31405,6147813,4744111,,Venda,Apartamento,66.0,ASA NORTE,BRASILIA,780000.0,11750.0,0.0,0.0,-15.7565,-47.8819,2025-10-06,8
31425,6147833,721V-DFI,,Venda,Apartamento,124.0,ASA NORTE,BRASILIA,1499000.0,12136.0,0.0,1.0,-15.7558,-47.8926,2025-10-06,8
31473,6147881,1154868,,Venda,Apartamento,79.0,ASA NORTE,BRASILIA,720000.0,9113.0,0.0,1.0,-15.7724,-47.8771,2025-10-06,1
31478,6147886,934917,,Venda,Apartamento,181.0,ASA NORTE,BRASILIA,1950000.0,10773.0,0.0,1.0,-15.7695,-47.8833,2025-10-06,3
31484,6147892,1022895,,Venda,Apartamento,181.0,ASA NORTE,BRASILIA,1950000.0,10766.0,0.0,1.0,-15.7695,-47.8833,2025-10-06,3
31497,6147905,1220502,,Venda,Apartamento,58.0,ASA NORTE,BRASILIA,550000.0,9482.0,0.0,0.0,-15.751,-47.8958,2025-10-06,1
31537,6147945,1218171,,Venda,Apartamento,76.0,ASA NORTE,BRASILIA,1165000.0,15328.0,0.0,1.0,-15.7665,-47.8849,2025-10-06,5
31544,6147952,AP00025,,Venda,Apartamento,47.0,ASA NORTE,BRASILIA,730000.0,15531.0,0.0,0.0,-15.7365,-47.8902,2025-10-06,5
31551,6147959,FAP038,,Venda,Apartamento,86.0,ASA NORTE,BRASILIA,850000.0,9883.0,3.0,0.0,-15.7682,-47.8772,2025-10-06,1
31565,6147973,1236486,,Venda,Apartamento,117.0,ASA NORTE,BRASILIA,1420000.0,12136.0,0.0,1.0,-15.7495,-47.893,2025-10-06,8
31571,6147979,1085032,,Venda,Apartamento,37.0,ASA NORTE,BRASILIA,350000.0,9459.0,0.0,0.0,-15.7393,-47.8992,2025-10-06,1
31644,6148052,JULIA448,,Venda,Apartamento,45.0,ASA NORTE,BRASILIA,600000.0,13333.0,0.0,0.0,-15.754,-47.8807,2025-10-06,0
31756,6148164,LI1113,,Venda,Apartamento,96.0,ASA NORTE,BRASILIA,850000.0,8854.0,0.0,0.0,-15.7572,-47.88,2025-10-06,1
31802,6148210,FAW002,,Venda,Apartamento,130.0,ASA NORTE,BRASILIA,1800000.0,13846.0,0.0,1.0,-15.7721,-47.8844,2025-10-06,4
31831,6148239,936573,,Venda,Apartamento,112.0,ASA NORTE,BRASILIA,1600000.0,14285.0,0.0,1.0,-15.7757,-47.8831,2025-10-06,4
31845,6148253,1196848,,Venda,Apartamento,260.0,ASA NORTE,BRASILIA,4300000.0,16538.0,4.0,3.0,-15.7456,-47.8866,2025-10-06,2
31869,6148278,BE430DM,,Venda,Apartamento,45.0,ASA NORTE,BRASILIA,600000.0,13333.0,0.0,0.0,-15.754,-47.8807,2025-10-06,0
31880,6148289,1120209,,Venda,Apartamento,70.0,ASA NORTE,BRASILIA,729900.0,10427.0,0.0,0.0,-15.7649,-47.8793,2025-10-06,3
31904,6148313,CO0015V,,Venda,Apartamento,197.0,ASA NORTE,BRASILIA,1990000.0,10101.0,2.0,2.0,-15.7529,-47.8847,2025-10-06,3
31911,6148320,1203124,,Venda,Apartamento,128.0,ASA NORTE,BRASILIA,1550000.0,12109.0,3.0,1.0,-15.7388,-47.8977,2025-10-06,8
31951,6148360,1172162,,Venda,Apartamento,82.0,ASA NORTE,BRASILIA,1130000.0,13865.0,2.0,0.0,-15.7454,-47.8919,2025-10-06,4
31970,6148379,1104121,,Venda,Apartamento,50.0,ASA NORTE,BRASILIA,550000.0,11000.0,0.0,0.0,-15.7403,-47.9001,2025-10-06,3
31972,6148381,FAP036,,Venda,Apartamento,45.0,ASA NORTE,BRASILIA,619000.0,13755.0,2.0,0.0,-15.7555,-47.881,2025-10-06,4
31975,6148384,FEN0010,,Venda,Apartamento,57.0,ASA NORTE,BRASILIA,679000.0,11912.0,2.0,0.0,-15.7403,-47.9001,2025-10-06,8
32001,6148410,1204180,,Venda,Apartamento,50.0,ASA NORTE,BRASILIA,420000.0,8400.0,0.0,0.0,-15.7576,-47.8829,2025-10-06,1
32024,6148433,1195950,,Venda,Apartamento,90.0,ASA NORTE,BRASILIA,1070000.0,11888.0,0.0,1.0,-15.7588,-47.8842,2025-10-06,8
32177,6148586,AP1175,,Venda,Apartamento,120.0,ASA NORTE,BRASILIA,1358000.0,11316.0,3.0,1.0,-15.7425,-47.8956,2025-10-06,8
32189,6148598,JCL0113,,Venda,Apartamento,300.0,ASA NORTE,BRASILIA,3099000.0,10330.0,0.0,1.0,-15.7533,-47.8841,2025-10-06,3
32243,6148652,1208417,,Venda,Apartamento,260.0,ASA NORTE,BRASILIA,4300000.0,16538.0,0.0,3.0,-15.7464,-47.886,2025-10-06,2
32254,6148663,VILLA152050V01,,Venda,Apartamento,74.0,ASA NORTE,BRASILIA,1070000.0,14459.0,0.0,1.0,-15.7607,-47.8905,2025-10-06,4
32278,6148687,1235934,,Venda,Apartamento,96.0,ASA NORTE,BRASILIA,845000.0,8802.0,0.0,0.0,-15.7572,-47.88,2025-10-06,1
32290,6148699,10039,,Venda,Apartamento,197.0,ASA NORTE,BRASILIA,2000000.0,10152.0,0.0,1.0,-15.7529,-47.8847,2025-10-06,3
32307,6148716,VistaLindaLago,,Venda,Apartamento,78.0,ASA NORTE,BRASILIA,910000.0,11666.0,0.0,0.0,-15.7741,-47.8757,2025-10-06,8
32385,6148793,1167237,,Venda,Apartamento,45.0,ASA NORTE,BRASILIA,600000.0,13333.0,0.0,0.0,-15.754,-47.8807,2025-10-06,0
32571,6148980,880241056-2,,Venda,Apartamento,100.0,ASA NORTE,BRASILIA,1230000.0,12300.0,3.0,0.0,-15.7398,-47.8959,2025-10-06,8
32629,6149039,AP0320,,Venda,Apartamento,107.0,ASA NORTE,BRASILIA,1500000.0,14018.0,0.0,1.0,-15.7513,-47.8855,2025-10-06,4
32630,6149040,1108247,,Venda,Apartamento,49.0,ASA NORTE,BRASILIA,450000.0,9261.0,0.0,0.0,-15.7392,-47.9025,2025-10-06,1
32703,6149113,369,,Venda,Apartamento,97.0,ASA NORTE,BRASILIA,1295000.0,13350.0,0.0,1.0,-15.7495,-47.8858,2025-10-06,0
32704,6149114,416RW,,Venda,Apartamento,61.0,ASA NORTE,BRASILIA,760000.0,12373.0,0.0,0.0,-15.7367,-47.887,2025-10-06,0
32780,6149190,1228860,,Venda,Apartamento,48.0,ASA NORTE,BRASILIA,360000.0,7515.0,0.0,0.0,-15.7516,-47.8965,2025-10-06,6
32818,6149228,AP0190,,Venda,Apartamento,29.0,ASA NORTE,BRASILIA,404990.0,13965.0,0.0,1.0,-15.7639,-47.8933,2025-10-06,4
32833,6149243,1197954,,Venda,Apartamento,181.0,ASA NORTE,BRASILIA,2480000.0,13693.0,4.0,1.0,-15.7695,-47.8833,2025-10-06,4
32838,6149248,1034028,,Venda,Apartamento,299.0,ASA NORTE,BRASILIA,3199000.0,10699.0,0.0,3.0,-15.7529,-47.8847,2025-10-06,3
32850,6149260,1026026,,Venda,Apartamento,127.0,ASA NORTE,BRASILIA,1670000.0,13149.0,0.0,1.0,-15.7383,-47.8939,2025-10-06,0
32857,6149267,1114212,,Venda,Apartamento,191.0,ASA NORTE,BRASILIA,3390000.0,17748.0,0.0,3.0,-15.7736,-47.8861,2025-10-06,7
32909,6149319,1219820,,Venda,Apartamento,28.0,ASA NORTE,BRASILIA,380000.0,13571.0,0.0,1.0,-15.736,-47.9053,2025-10-06,4
32943,6149353,10587,,Venda,Apartamento,32.0,ASA NORTE,BRASILIA,320000.0,10000.0,1.0,0.0,-15.7475,-47.8969,2025-10-06,3
33143,6149552,JCBP0064,,Venda,Apartamento,75.0,ASA NORTE,BRASILIA,827000.0,11026.0,0.0,0.0,-15.7502,-47.8839,2025-10-06,3
33163,6149572,1157345,,Venda,Apartamento,68.0,ASA NORTE,BRASILIA,720000.0,10588.0,0.0,0.0,-15.7733,-47.89,2025-10-06,3
33262,6149671,1156347,,Venda,Apartamento,204.0,ASA NORTE,BRASILIA,2400000.0,11764.0,0.0,2.0,-15.7797,-47.8869,2025-10-06,8
33309,6149718,1042865,,Venda,Apartamento,68.0,ASA NORTE,BRASILIA,750000.0,11029.0,0.0,0.0,-15.7514,-47.8828,2025-10-06,3
33330,6149739,30949,,Venda,Apartamento,32.0,ASA NORTE,BRASILIA,430000.0,13437.0,0.0,1.0,-15.7662,-47.8751,2025-10-06,0
33409,6149818,232323,,Venda,Apartamento,222.0,ASA NORTE,BRASILIA,3200000.0,14438.0,0.0,2.0,-15.7462,-47.8871,2025-10-06,4
33543,6149952,VILLA151703V01,,Venda,Apartamento,180.0,ASA NORTE,BRASILIA,2300000.0,12777.0,0.0,2.0,-15.7612,-47.8896,2025-10-06,0
33580,6149989,JCJ0035,,Venda,Apartamento,33.0,ASA NORTE,BRASILIA,250000.0,7575.0,0.0,0.0,-15.7391,-47.9013,2025-10-06,6
33660,6150069,1096537,,Venda,Apartamento,95.0,ASA NORTE,BRASILIA,1245000.0,13105.0,3.0,1.0,-15.7794,-47.8787,2025-10-06,0
33738,6150145,1167402,,Venda,Apartamento,80.0,ASA NORTE,BRASILIA,775000.0,9687.0,0.0,0.0,-15.7782,-47.8758,2025-10-06,1
33955,6150362,AP0420,,Venda,Apartamento,68.0,ASA NORTE,BRASILIA,770000.0,11323.0,0.0,0.0,-15.7514,-47.8828,2025-10-06,8
34026,6150433,1232188,,Venda,Apartamento,79.0,ASA NORTE,BRASILIA,680000.0,8607.0,3.0,0.0,-15.7682,-47.8772,2025-10-06,1
34047,6150455,1116057,,Venda,Apartamento,40.0,ASA NORTE,BRASILIA,359000.0,9061.0,0.0,0.0,-15.7504,-47.893,2025-10-06,1
34071,6150479,959,,Venda,Apartamento,150.0,ASA NORTE,BRASILIA,1990000.0,13266.0,0.0,1.0,-15.7765,-47.8896,2025-10-06,0
34096,6150504,1234304,,Venda,Apartamento,95.0,ASA NORTE,BRASILIA,1170000.0,12315.0,2.0,1.0,-15.7518,-47.8927,2025-10-06,8
34131,6150539,1195174,,Venda,Apartamento,44.0,ASA NORTE,BRASILIA,365000.0,8295.0,0.0,0.0,-15.7751,-47.8897,2025-10-06,6
34196,6150603,71705-535,,Venda,Apartamento,160.0,ASA NORTE,BRASILIA,2865000.0,17856.0,4.0,3.0,-15.7405,-47.8887,2025-10-06,7
34199,6150606,AP2540,,Venda,Apartamento,96.0,ASA NORTE,BRASILIA,1460000.0,15208.0,3.0,1.0,-15.755,-47.892,2025-10-06,5
34276,6150682,1196340,,Venda,Apartamento,63.0,ASA NORTE,BRASILIA,850000.0,13423.0,2.0,1.0,-15.7392,-47.8967,2025-10-06,0
34313,6150720,NH508,,Venda,Apartamento,27.0,ASA NORTE,BRASILIA,500000.0,18518.0,0.0,0.0,53.912,38.557,2025-10-06,7
34336,6150743,VEN665,,Venda,Apartamento,44.0,ASA NORTE,BRASILIA,550000.0,12381.0,0.0,0.0,-15.7545,-47.8814,2025-10-06,0
34362,6150768,1229510,,Venda,Apartamento,125.0,ASA NORTE,BRASILIA,1530000.0,12240.0,4.0,1.0,-15.758,-47.8906,2025-10-06,8
34400,6150806,1268484,,Venda,Apartamento,120.0,ASA NORTE,BRASILIA,1530000.0,12750.0,0.0,1.0,-15.7425,-47.8956,2025-10-06,0
34429,6150835,1137935,,Venda,Apartamento,125.0,ASA NORTE,BRASILIA,1300000.0,10400.0,0.0,0.0,-15.7731,-47.8828,2025-10-06,3
34496,6150903,925314,,Venda,Apartamento,80.0,ASA NORTE,BRASILIA,850000.0,10625.0,0.0,0.0,-15.7512,-47.892,2025-10-06,3
34528,6150934,969533,,Venda,Apartamento,192.0,ASA NORTE,BRASILIA,2280000.0,11871.0,0.0,2.0,-15.7406,-47.8925,2025-10-06,8
34601,6151006,1115129,,Venda,Apartamento,74.0,ASA NORTE,BRASILIA,1199000.0,16202.0,0.0,1.0,-15.7557,-47.8833,2025-10-06,2
34649,6151055,VILLA151337V01,,Venda,Apartamento,94.0,ASA NORTE,BRASILIA,1600000.0,17021.0,3.0,1.0,-15.7796,-47.8787,2025-10-06,2
34750,6151156,0899V-DFI,,Venda,Apartamento,36.0,ASA NORTE,BRASILIA,360000.0,9933.0,1.0,0.0,-15.745,-47.8993,2025-10-06,1
34785,6151192,1232872,,Venda,Apartamento,132.0,ASA NORTE,BRASILIA,1790000.0,13560.0,0.0,1.0,-15.7753,-47.8866,2025-10-06,4
34856,6151263,OV218,,Venda,Apartamento,93.0,ASA NORTE,BRASILIA,945000.0,10215.0,3.0,1.0,-15.7371,-47.8912,2025-10-06,3
34894,6151301,VILLA152054V01,,Venda,Apartamento,98.0,ASA NORTE,BRASILIA,1750000.0,17857.0,0.0,2.0,-15.7427,-47.8871,2025-10-06,7
35034,6151441,1131242,,Venda,Apartamento,79.0,ASA NORTE,BRASILIA,1090000.0,13797.0,0.0,1.0,-15.7787,-47.8865,2025-10-06,4
35037,6151444,2032,,Venda,Apartamento,205.0,ASA NORTE,BRASILIA,3170000.0,15461.0,3.0,2.0,-15.7529,-47.8847,2025-10-06,5
35073,6151480,SM1047,,Venda,Apartamento,88.0,ASA NORTE,BRASILIA,590000.0,6704.0,1.0,0.0,-15.7585,-47.8936,2025-10-06,6
35085,6151492,1194972,,Venda,Apartamento,163.0,ASA NORTE,BRASILIA,2819012.0,17294.0,4.0,3.0,-15.7473,-47.8906,2025-10-06,2
35092,6151499,1156389,,Venda,Apartamento,90.0,ASA NORTE,BRASILIA,910000.0,10111.0,0.0,0.0,-15.7545,-47.8808,2025-10-06,3
35105,6151511,1280094,,Venda,Apartamento,26.0,ASA NORTE,BRASILIA,315000.0,12115.0,0.0,1.0,-15.7662,-47.8751,2025-10-06,8
35152,6151558,1234485,,Venda,Apartamento,33.0,ASA NORTE,BRASILIA,279000.0,8454.0,0.0,0.0,-15.7768,-47.8886,2025-10-06,1
35221,6151627,701036,,Venda,Apartamento,128.0,ASA NORTE,BRASILIA,2050000.0,16015.0,0.0,2.0,-15.7613,-47.8829,2025-10-06,2
35231,6151636,fl001,,Venda,Apartamento,28.0,ASA NORTE,BRASILIA,375000.0,13392.0,0.0,0.0,-15.7909,-47.8853,2025-10-06,0
35284,6151690,FMX0102,,Venda,Apartamento,95.0,ASA NORTE,BRASILIA,820000.0,8631.0,0.0,0.0,-15.7519,-47.8821,2025-10-06,1
35299,6151705,980264,,Venda,Apartamento,128.0,ASA NORTE,BRASILIA,1990000.0,15546.0,4.0,2.0,-15.7613,-47.8829,2025-10-06,5
35461,6151868,PD3273,,Venda,Apartamento,202.0,ASA NORTE,BRASILIA,2180000.0,10792.0,3.0,2.0,-15.7521,-47.8848,2025-10-06,3
35465,6151872,1186537,,Venda,Apartamento,80.0,ASA NORTE,BRASILIA,758000.0,9475.0,0.0,0.0,-15.7782,-47.8758,2025-10-06,1
35591,6151997,AP00357,,Venda,Apartamento,187.0,ASA NORTE,BRASILIA,2350000.0,12591.0,0.0,2.0,-15.776,-47.887,2025-10-06,0
35630,6152035,AP0065,,Venda,Apartamento,123.0,ASA NORTE,BRASILIA,1620000.0,13170.0,0.0,1.0,-15.7576,-47.8905,2025-10-06,0
35695,6152100,P3333V,,Venda,Apartamento,160.0,ASA NORTE,BRASILIA,1880000.0,11750.0,0.0,1.0,-15.7829,-47.8779,2025-10-06,8
35718,6152122,AP01578,,Venda,Apartamento,90.0,ASA NORTE,BRASILIA,1249000.0,13877.0,3.0,0.0,-15.7413,-47.8839,2025-10-06,4
35788,6152193,1229518,,Venda,Apartamento,90.0,ASA NORTE,BRASILIA,1070000.0,11888.0,3.0,1.0,-15.7588,-47.8842,2025-10-06,8
35829,6152234,TH33652,,Venda,Apartamento,79.0,ASA NORTE,BRASILIA,547000.0,6931.0,3.0,0.0,-15.7806,-47.8893,2025-10-06,6
35921,6152327,DMM002/DI1806,,Venda,Apartamento,124.0,ASA NORTE,BRASILIA,1580000.0,12741.0,0.0,1.0,-15.7633,-47.8858,2025-10-06,0
36015,6152420,VK4160V,,Venda,Apartamento,518.0,ASA NORTE,BRASILIA,6500000.0,12548.0,0.0,4.0,-15.7588,-47.8842,2025-10-06,0
36023,6152428,037,,Venda,Apartamento,69.0,ASA NORTE,BRASILIA,800000.0,11594.0,0.0,0.0,-15.7378,-47.8942,2025-10-06,8
36079,6152484,1201781,,Venda,Apartamento,95.0,ASA NORTE,BRASILIA,1598000.0,16821.0,0.0,1.0,-15.7794,-47.8787,2025-10-06,2
36088,6152493,ale478542145,,Venda,Apartamento,55.0,ASA NORTE,BRASILIA,498000.0,9054.0,2.0,0.0,-15.7454,-47.8997,2025-10-06,1
36125,6152530,AP01116,,Venda,Apartamento,127.0,ASA NORTE,BRASILIA,1600000.0,12622.0,3.0,1.0,-15.7412,-47.8896,2025-10-06,0
36135,6152540,AP00143,,Venda,Apartamento,29.0,ASA NORTE,BRASILIA,470000.0,16206.0,1.0,0.0,-15.7886,-47.8893,2025-10-06,2
36148,6152553,TH33597,,Venda,Apartamento,125.0,ASA NORTE,BRASILIA,1500000.0,12000.0,4.0,1.0,-15.758,-47.8906,2025-10-06,8
36232,6152636,1235802,,Venda,Apartamento,51.0,ASA NORTE,BRASILIA,715000.0,14019.0,0.0,0.0,-15.7402,-47.8851,2025-10-06,4
36266,6152670,1188398,,Venda,Apartamento,35.0,ASA NORTE,BRASILIA,270000.0,7794.0,2.0,0.0,-15.752,-47.8951,2025-10-06,6
36436,6152840,4569,,Venda,Apartamento,96.0,ASA NORTE,BRASILIA,850000.0,8854.0,0.0,0.0,-15.7572,-47.88,2025-10-06,1
36461,6152865,1207871,,Venda,Apartamento,95.0,ASA NORTE,BRASILIA,1255000.0,13210.0,2.0,0.0,-15.7518,-47.8927,2025-10-06,0
36490,6152893,TH33591,,Venda,Apartamento,48.0,ASA NORTE,BRASILIA,360000.0,7515.0,2.0,0.0,-15.7518,-47.8973,2025-10-06,6
36519,6152922,P2803,,Venda,Apartamento,34.0,ASA NORTE,BRASILIA,285000.0,8382.0,0.0,0.0,-15.7391,-47.8896,2025-10-06,1
36552,6152954,NH412,,Venda,Apartamento,45.0,ASA NORTE,BRASILIA,619000.0,13755.0,2.0,0.0,-15.7555,-47.881,2025-10-06,4
36611,6153012,1202703,,Venda,Apartamento,260.0,ASA NORTE,BRASILIA,4300000.0,16538.0,4.0,3.0,-15.7456,-47.8866,2025-10-06,2
36638,6153040,1197379,,Venda,Apartamento,80.0,ASA NORTE,BRASILIA,830000.0,10375.0,0.0,0.0,-15.7682,-47.8772,2025-10-06,3
36751,6153152,1233560,,Venda,Apartamento,135.0,ASA NORTE,BRASILIA,1690000.0,12518.0,0.0,1.0,-15.7541,-47.8889,2025-10-06,0
36755,6153156,VILLA149792V01,,Venda,Apartamento,184.0,ASA NORTE,BRASILIA,3100000.0,16847.0,4.0,4.0,-15.7763,-47.8872,2025-10-06,2
36763,6153164,327895,,Venda,Apartamento,83.0,ASA NORTE,BRASILIA,1050000.0,12650.0,3.0,1.0,-15.7793,-47.8867,2025-10-06,0
36801,6153203,C845,,Venda,Apartamento,119.0,ASA NORTE,BRASILIA,980000.0,8235.0,3.0,0.0,53.912,38.557,2025-10-06,6
36895,6153297,CC716N,,Venda,Apartamento,47.0,ASA NORTE,BRASILIA,650000.0,13698.0,0.0,0.0,-15.7417,-47.8997,2025-10-06,4
36907,6153309,JOB017,,Venda,Apartamento,30.0,ASA NORTE,BRASILIA,460000.0,15333.0,1.0,1.0,-15.7662,-47.8751,2025-10-06,5
36914,6153316,1010007,,Venda,Apartamento,44.0,ASA NORTE,BRASILIA,600000.0,13636.0,2.0,0.0,-15.754,-47.8807,2025-10-06,4
36923,6153325,924549,,Venda,Apartamento,50.0,ASA NORTE,BRASILIA,595000.0,12012.0,2.0,0.0,-15.7706,-47.8916,2025-10-06,8
36991,6153393,28804,,Venda,Apartamento,28.0,ASA NORTE,BRASILIA,430000.0,15357.0,0.0,1.0,-15.7662,-47.8751,2025-10-06,5
37154,6153555,AP0364,,Venda,Apartamento,128.0,ASA NORTE,BRASILIA,2050000.0,16015.0,4.0,2.0,-15.7613,-47.8829,2025-10-06,2
37164,6153565,1043791,,Venda,Apartamento,248.0,ASA NORTE,BRASILIA,3500000.0,14112.0,0.0,4.0,-15.7572,-47.8879,2025-10-06,4
37220,6153621,1187648,,Venda,Apartamento,45.0,ASA NORTE,BRASILIA,619000.0,13755.0,0.0,0.0,-15.7362,-47.8961,2025-10-06,4
37227,6153628,FROTA054,,Venda,Apartamento,28.0,ASA NORTE,BRASILIA,280000.0,10000.0,0.0,0.0,-15.7716,-47.8939,2025-10-06,3
37255,6153657,1164023,,Venda,Apartamento,45.0,ASA NORTE,BRASILIA,619000.0,13755.0,0.0,0.0,-15.754,-47.8807,2025-10-06,4
37281,6153683,1171558,,Venda,Apartamento,113.0,ASA NORTE,BRASILIA,1580000.0,13982.0,0.0,1.0,-15.7757,-47.8831,2025-10-06,4
37314,6153715,AP00005,,Venda,Apartamento,230.0,ASA NORTE,BRASILIA,2950000.0,12826.0,0.0,0.0,-15.7559,-47.8923,2025-10-06,0
37385,6153787,1232314,,Venda,Apartamento,135.0,ASA NORTE,BRASILIA,1400000.0,10370.0,0.0,0.0,-15.762,-47.8781,2025-10-06,3
37392,6153794,1184001,,Venda,Apartamento,78.0,ASA NORTE,BRASILIA,840000.0,10769.0,0.0,0.0,-15.7781,-47.8752,2025-10-06,3
37402,6153804,1199961,,Venda,Apartamento,206.0,ASA NORTE,BRASILIA,2990000.0,14514.0,0.0,2.0,-15.7559,-47.8923,2025-10-06,4
37458,6153860,000755V-DFI,,Venda,Apartamento,37.0,ASA NORTE,BRASILIA,300000.0,8012.0,0.0,0.0,-15.7595,-47.8933,2025-10-06,6
37644,6154045,1212632,,Venda,Apartamento,208.0,ASA NORTE,BRASILIA,2150000.0,10336.0,0.0,1.0,-15.7586,-47.8894,2025-10-06,3
37712,6154112,14359,,Venda,Apartamento,122.0,ASA NORTE,BRASILIA,1890000.0,15491.0,0.0,2.0,-15.7588,-47.8842,2025-10-06,5
37763,6154163,VDGPP,,Venda,Apartamento,100.0,ASA NORTE,BRASILIA,1599000.0,15990.0,0.0,1.0,-15.7794,-47.8787,2025-10-06,2
37786,6154185,1203147,,Venda,Apartamento,78.0,ASA NORTE,BRASILIA,900000.0,11538.0,3.0,0.0,-15.7741,-47.8757,2025-10-06,8
37922,6154324,AP0051A,,Venda,Apartamento,132.0,ASA NORTE,BRASILIA,1850000.0,14015.0,3.0,1.0,-15.776,-47.886,2025-10-06,4
38156,6154557,VILLA75171A01,,Venda,Apartamento,46.0,ASA NORTE,BRASILIA,345000.0,7500.0,0.0,0.0,-15.7453,-47.898,2025-10-06,6
38203,6154603,1236457,,Venda,Apartamento,45.0,ASA NORTE,BRASILIA,630000.0,14000.0,0.0,0.0,-15.737,-47.891,2025-10-06,4
38273,6154673,1176473,,Venda,Apartamento,112.0,ASA NORTE,BRASILIA,1365000.0,12187.0,0.0,1.0,-15.7535,-47.8857,2025-10-06,8
38296,6154696,1027569,,Venda,Apartamento,182.0,ASA NORTE,BRASILIA,1950000.0,10714.0,0.0,1.0,-15.769,-47.8834,2025-10-06,3
38316,6154716,1171617,,Venda,Apartamento,79.0,ASA NORTE,BRASILIA,490000.0,6202.0,0.0,0.0,-15.7749,-47.89,2025-10-06,6
38344,6154744,1234170,,Venda,Apartamento,50.0,ASA NORTE,BRASILIA,600000.0,12000.0,2.0,0.0,-15.7555,-47.881,2025-10-06,8
38462,6154862,1203577,,Venda,Apartamento,125.0,ASA NORTE,BRASILIA,1600000.0,12800.0,0.0,0.0,-15.7732,-47.8826,2025-10-06,0
38858,6155260,VILLA152057V01,,Venda,Apartamento,137.0,ASA NORTE,BRASILIA,1600000.0,11678.0,0.0,1.0,-15.751,-47.8899,2025-10-06,8
38891,6155293,800498,,Venda,Apartamento,33.0,ASA NORTE,BRASILIA,250000.0,7575.0,0.0,0.0,-15.7696,-47.892,2025-10-06,6
39067,6155470,1218339,,Venda,Apartamento,163.0,ASA NORTE,BRASILIA,1900000.0,11656.0,0.0,1.0,-15.7502,-47.8859,2025-10-06,8
39108,6155511,1306282,,Venda,Apartamento,70.0,ASA NORTE,BRASILIA,900000.0,12857.0,0.0,1.0,-15.7447,-47.8947,2025-10-06,0
39113,6155516,1235885,,Venda,Apartamento,86.0,ASA NORTE,BRASILIA,760000.0,8837.0,3.0,0.0,-15.7782,-47.8758,2025-10-06,1
39182,6155585,1224979,,Venda,Apartamento,77.0,ASA NORTE,BRASILIA,1345000.0,17467.0,0.0,1.0,-15.7434,-47.8875,2025-10-06,7
39194,6155596,880111037-60,,Venda,Apartamento,47.0,ASA NORTE,BRASILIA,563000.0,11988.0,0.0,0.0,-15.769,-47.892,2025-10-06,8
39235,6155637,VILLA150662V01,,Venda,Apartamento,80.0,ASA NORTE,BRASILIA,920000.0,11500.0,0.0,1.0,-15.7495,-47.8858,2025-10-06,8
39299,6155701,1232749,,Venda,Apartamento,141.0,ASA NORTE,BRASILIA,1400000.0,9929.0,0.0,2.0,-15.7821,-47.8755,2025-10-06,1
39361,6155763,1199916,,Venda,Apartamento,134.0,ASA NORTE,BRASILIA,1580000.0,11791.0,0.0,1.0,-15.776,-47.886,2025-10-06,8
39366,6155768,1045218,,Venda,Apartamento,124.0,ASA NORTE,BRASILIA,1350000.0,10893.0,0.0,1.0,-15.7637,-47.8898,2025-10-06,3
39536,6155937,1210603,,Venda,Apartamento,132.0,ASA NORTE,BRASILIA,1790000.0,13560.0,3.0,1.0,-15.776,-47.886,2025-10-06,4
39649,6156051,1214270,,Venda,Apartamento,84.0,ASA NORTE,BRASILIA,1200000.0,14285.0,0.0,0.0,-15.7388,-47.8971,2025-10-06,4
39656,6156058,1169314,,Venda,Apartamento,159.0,ASA NORTE,BRASILIA,2410000.0,15157.0,0.0,2.0,-15.7456,-47.8946,2025-10-06,5
39686,6156090,1080767,,Venda,Apartamento,33.0,ASA NORTE,BRASILIA,410000.0,12424.0,1.0,0.0,-15.7389,-47.9007,2025-10-06,0
39692,6156096,FLZ011,,Venda,Apartamento,50.0,ASA NORTE,BRASILIA,595000.0,11911.0,0.0,0.0,-15.769,-47.892,2025-10-06,8
39694,6156098,RB1769,,Venda,Apartamento,112.0,ASA NORTE,BRASILIA,1780000.0,15892.0,2.0,1.0,-15.7572,-47.8879,2025-10-06,2
39726,6156130,1203710,,Venda,Apartamento,131.0,ASA NORTE,BRASILIA,2000000.0,15267.0,3.0,2.0,-15.7613,-47.8829,2025-10-06,5
39730,6156134,828,,Venda,Apartamento,40.0,ASA NORTE,BRASILIA,349900.0,8747.0,0.0,0.0,-15.7524,-47.8896,2025-10-06,1
39742,6156146,VDSB2N,,Venda,Apartamento,40.0,ASA NORTE,BRASILIA,390000.0,9750.0,0.0,1.0,-15.7477,-47.9014,2025-10-06,1
39795,6156200,11196,,Venda,Apartamento,103.0,ASA NORTE,BRASILIA,1720000.0,16699.0,0.0,2.0,-15.7731,-47.8864,2025-10-06,2
39807,6156212,LI904,,Venda,Apartamento,135.0,ASA NORTE,BRASILIA,1980000.0,14666.0,0.0,1.0,-15.7538,-47.8881,2025-10-06,5
39832,6156237,AP0248,,Venda,Apartamento,76.0,ASA NORTE,BRASILIA,950000.0,12500.0,0.0,0.0,-15.7381,-47.8863,2025-10-06,0
39837,6156242,252815AN,,Venda,Apartamento,95.0,ASA NORTE,BRASILIA,680000.0,7135.0,0.0,0.0,-15.7581,-47.8801,2025-10-06,6
39840,6156245,UB1543,,Venda,Apartamento,110.0,ASA NORTE,BRASILIA,1470000.0,13363.0,0.0,2.0,-15.7551,-47.8927,2025-10-06,0
39850,6156255,1127883,,Venda,Apartamento,29.0,ASA NORTE,BRASILIA,389000.0,13413.0,0.0,0.0,-15.7575,-47.8837,2025-10-06,0
39875,6156280,03287v,,Venda,Apartamento,83.0,ASA NORTE,BRASILIA,1200000.0,14482.0,0.0,1.0,-15.7793,-47.8867,2025-10-06,4
39927,6156333,866671,,Venda,Apartamento,113.0,ASA NORTE,BRASILIA,1399000.0,12380.0,3.0,1.0,-15.7757,-47.8831,2025-10-06,0
39949,6156355,AP03052,,Venda,Apartamento,32.0,ASA NORTE,BRASILIA,450000.0,13876.0,0.0,0.0,-15.7388,-47.9001,2025-10-06,4
39958,6156364,FLZ009,,Venda,Apartamento,102.0,ASA NORTE,BRASILIA,1300000.0,12733.0,0.0,1.0,-15.7489,-47.8942,2025-10-06,0
39994,6156400,936583,,Venda,Apartamento,112.0,ASA NORTE,BRASILIA,1600000.0,14285.0,0.0,1.0,-15.7757,-47.8831,2025-10-06,4
40036,6156441,1206376,,Venda,Apartamento,37.0,ASA NORTE,BRASILIA,429000.0,11718.0,0.0,0.0,-15.744,-47.8943,2025-10-06,8
40042,6156447,1085711,,Venda,Apartamento,132.0,ASA NORTE,BRASILIA,1850000.0,14015.0,0.0,1.0,-15.776,-47.886,2025-10-06,4
40048,6156453,1035378,,Venda,Apartamento,185.0,ASA NORTE,BRASILIA,1350000.0,7297.0,2.0,1.0,-15.7736,-47.8901,2025-10-06,6
40049,6156454,687123,,Venda,Apartamento,102.0,ASA NORTE,BRASILIA,850000.0,8292.0,0.0,0.0,-15.7497,-47.8979,2025-10-06,6
40055,6156460,FIS00402,,Venda,Apartamento,75.0,ASA NORTE,BRASILIA,720000.0,9600.0,2.0,1.0,-15.7391,-47.9013,2025-10-06,1
40058,6156463,FKS2201,,Venda,Apartamento,95.0,ASA NORTE,BRASILIA,819000.0,8621.0,0.0,0.0,-15.7581,-47.8801,2025-10-06,1
40079,6156484,LI1117,,Venda,Apartamento,128.0,ASA NORTE,BRASILIA,2080000.0,16250.0,0.0,1.0,-15.7388,-47.8977,2025-10-06,2
40113,6156518,214,,Venda,Apartamento,91.0,ASA NORTE,BRASILIA,1387193.0,15243.0,0.0,1.0,-15.7799,-47.8892,2025-10-06,5
40116,6156521,1206368,,Venda,Apartamento,31.0,ASA NORTE,BRASILIA,389000.0,12712.0,0.0,0.0,-15.7522,-47.8893,2025-10-06,0
40146,6156551,30937,,Venda,Apartamento,130.0,ASA NORTE,BRASILIA,1800000.0,13846.0,0.0,1.0,-15.7721,-47.8844,2025-10-06,4
40204,6156609,SQN402VD,,Venda,Apartamento,50.0,ASA NORTE,BRASILIA,565000.0,11300.0,0.0,0.0,-15.7821,-47.8755,2025-10-06,8
40267,6156673,750302,,Venda,Apartamento,168.0,ASA NORTE,BRASILIA,2970000.0,17703.0,4.0,2.0,-15.7473,-47.8906,2025-10-06,7
40320,6156726,03623,,Venda,Apartamento,33.0,ASA NORTE,BRASILIA,215000.0,6554.0,2.0,0.0,-15.758,-47.8951,2025-10-06,6
40325,6156731,dam45875448,,Venda,Apartamento,55.0,ASA NORTE,BRASILIA,499000.0,9072.0,0.0,0.0,-15.7454,-47.8997,2025-10-06,1
40489,6156896,1004103,,Venda,Apartamento,122.0,ASA NORTE,BRASILIA,1360000.0,11103.0,0.0,2.0,-15.7637,-47.8898,2025-10-06,3
40495,6156902,TH25636,,Venda,Apartamento,272.0,ASA NORTE,BRASILIA,3300000.0,12112.0,3.0,3.0,-15.7495,-47.8858,2025-10-06,8
40659,6157066,1197418,,Venda,Apartamento,52.0,ASA NORTE,BRASILIA,600000.0,11538.0,0.0,0.0,-15.754,-47.8807,2025-10-06,8
40792,6157201,883637,,Venda,Apartamento,87.0,ASA NORTE,BRASILIA,1070000.0,12298.0,2.0,0.0,-15.7454,-47.8919,2025-10-06,8
40904,6157313,LI955,,Venda,Apartamento,38.0,ASA NORTE,BRASILIA,349000.0,9184.0,0.0,0.0,-15.7516,-47.8977,2025-10-06,1
40933,6157342,SQN,,Venda,Apartamento,62.0,ASA NORTE,BRASILIA,720000.0,11612.0,0.0,0.0,-15.7674,-47.8784,2025-10-06,8
40960,6157368,AP0020,,Venda,Apartamento,45.0,ASA NORTE,BRASILIA,619000.0,13755.0,0.0,0.0,-15.7555,-47.881,2025-10-06,4
41016,6157424,2006CULL311020V,,Venda,Apartamento,30.0,ASA NORTE,BRASILIA,570000.0,19000.0,0.0,1.0,-15.7898,-47.8899,2025-10-06,7
41050,6157458,DCA083,,Venda,Apartamento,90.0,ASA NORTE,BRASILIA,1070000.0,11888.0,0.0,1.0,-15.7588,-47.8842,2025-10-06,8
41132,6157540,1119163,,Venda,Apartamento,25.0,ASA NORTE,BRASILIA,320000.0,12800.0,0.0,0.0,-15.7771,-47.8784,2025-10-06,0
41142,6157550,VILLA152159V01,,Venda,Apartamento,99.0,ASA NORTE,BRASILIA,1350000.0,13636.0,0.0,1.0,-15.7549,-47.8916,2025-10-06,4
41164,6157573,1136600,,Venda,Apartamento,88.0,ASA NORTE,BRASILIA,550000.0,6277.0,0.0,0.0,-15.7577,-47.894,2025-10-06,6
41245,6157654,1170230,,Venda,Apartamento,34.0,ASA NORTE,BRASILIA,405000.0,11807.0,0.0,1.0,-15.7662,-47.8751,2025-10-06,8
41260,6157669,NE712V1,,Venda,Apartamento,54.0,ASA NORTE,BRASILIA,360000.0,6666.0,1.0,0.0,-15.752,-47.8954,2025-10-06,6
41311,6157721,1093857,,Venda,Apartamento,127.0,ASA NORTE,BRASILIA,2069000.0,16291.0,0.0,2.0,-15.7613,-47.8829,2025-10-06,2
41324,6157734,P3102,,Venda,Apartamento,202.0,ASA NORTE,BRASILIA,2180000.0,10792.0,0.0,2.0,-15.7521,-47.8848,2025-10-06,3
41341,6157751,11116,,Venda,Apartamento,84.0,ASA NORTE,BRASILIA,1180000.0,14047.0,0.0,1.0,-15.7431,-47.8879,2025-10-06,4
41356,6157766,TH30120,,Venda,Apartamento,80.0,ASA NORTE,BRASILIA,750000.0,9375.0,3.0,0.0,-15.7741,-47.8757,2025-10-06,1
41365,6157775,1202424,,Venda,Apartamento,137.0,ASA NORTE,BRASILIA,1570000.0,11459.0,0.0,1.0,-15.751,-47.8899,2025-10-06,8
41366,6157776,1177299,,Venda,Apartamento,35.0,ASA NORTE,BRASILIA,375000.0,10806.0,0.0,0.0,-15.7477,-47.9014,2025-10-06,3
41375,6157785,10989,,Venda,Apartamento,94.0,ASA NORTE,BRASILIA,1300000.0,13829.0,0.0,1.0,-15.7794,-47.8787,2025-10-06,4
41376,6157786,1183938,,Venda,Apartamento,260.0,ASA NORTE,BRASILIA,4100000.0,15769.0,0.0,3.0,-15.7456,-47.8866,2025-10-06,2
41445,6157854,193,,Venda,Apartamento,80.0,ASA NORTE,BRASILIA,1089999.0,13624.0,0.0,0.0,-15.7428,-47.9005,2025-10-06,4
41535,6157944,1232958,,Venda,Apartamento,70.0,ASA NORTE,BRASILIA,890000.0,12714.0,2.0,1.0,-15.7456,-47.8946,2025-10-06,0
41548,6157957,1182991,,Venda,Apartamento,90.0,ASA NORTE,BRASILIA,1070000.0,11888.0,0.0,1.0,-15.7588,-47.8842,2025-10-06,8
41572,6157981,971480,,Venda,Apartamento,109.0,ASA NORTE,BRASILIA,1720000.0,15779.0,0.0,2.0,-15.7727,-47.8877,2025-10-06,2
41617,6158026,10586,,Venda,Apartamento,67.0,ASA NORTE,BRASILIA,950000.0,14179.0,0.0,0.0,-15.7442,-47.899,2025-10-06,4
41678,6158086,28969,,Venda,Apartamento,135.0,ASA NORTE,BRASILIA,2150000.0,15925.0,0.0,1.0,-15.7538,-47.8881,2025-10-06,2
41719,6158126,129,,Venda,Apartamento,245.0,ASA NORTE,BRASILIA,3500000.0,14285.0,0.0,4.0,-15.7572,-47.8879,2025-10-06,4
41772,6158179,1207359,,Venda,Apartamento,80.0,ASA NORTE,BRASILIA,825000.0,10312.0,0.0,1.0,-15.7526,-47.8918,2025-10-06,3
41795,6158202,2006FS311315,,Venda,Apartamento,34.0,ASA NORTE,BRASILIA,540000.0,15882.0,1.0,0.0,-15.7909,-47.8853,2025-10-06,2
41815,6158222,NEVCLN109,,Venda,Apartamento,35.0,ASA NORTE,BRASILIA,340000.0,9700.0,0.0,0.0,-15.759,-47.8873,2025-10-06,1
363118,6553231,AP0121RAI,Rômulo Araújo - Negócios Imobiliários,Venda,Apartamento,194.0,ASA NORTE,BRASILIA,3675000.0,18943.0,0.0,3.0,-15.7413327,-47.8886572,2026-03-28,7
363379,6553491,354,Reginaldo Corretor,Venda,Apartamento,168.0,ASA NORTE,BRASILIA,2290000.0,13630.0,0.0,1.0,-15.7410962,-47.8929974,2026-03-28,4
363581,6553694,1267266,Luxuryhouse investimentos imobiliários,Venda,Apartamento,123.0,ASA NORTE,BRASILIA,1599900.0,13007.0,0.0,1.0,-15.7416584,-47.8928262,2026-03-28,0
363749,6553862,1293700,Vendas My House,Venda,Apartamento,25.0,ASA NORTE,BRASILIA,350000.0,14000.0,0.0,1.0,-15.7570464,-47.8996714,2026-03-28,4
376821,6566933,0000327V-DFI,DDA Diógenes,Venda,Apartamento,171.0,ASA NORTE,BRASILIA,2300000.0,13474.0,0.0,1.0,-15.7820143,-47.8780175,2026-03-28,4
376862,6566974,P3664,Pilotis Imóveis,Venda,Apartamento,100.0,ASA NORTE,BRASILIA,1495000.0,14950.0,0.0,1.0,-15.7391601,-47.8966655,2026-03-28,5
376872,6566986,1265446,Vendas My House,Venda,Apartamento,40.0,ASA NORTE,BRASILIA,700000.0,17500.0,0.0,1.0,-15.7462975,-47.8938528,2026-03-28,7
376905,6567019,1313055,RW Imóveis,Venda,Apartamento,38.0,ASA NORTE,BRASILIA,331000.0,8710.0,0.0,0.0,-15.7518015,-47.8973166,2026-03-28,1
376945,6567059,lemre,Mestra Imobiliária,Venda,Apartamento,26.0,ASA NORTE,BRASILIA,320000.0,12307.0,1.0,1.0,-15.7542997,-47.9005703,2026-03-28,8
376946,6567060,1165001,Moni Netimoveis,Venda,Apartamento,48.0,ASA NORTE,BRASILIA,680000.0,14166.0,0.0,0.0,-15.7898201,-47.8898649,2026-03-28,4
377066,6567180,1311395,Daniela Ferreira,Venda,Apartamento,38.0,ASA NORTE,BRASILIA,365000.0,9605.0,1.0,0.0,-15.7449813,-47.8993019,2026-03-28,1
377086,6567200,1277055,Luxuryhouse investimentos imobiliários,Venda,Apartamento,162.0,ASA NORTE,BRASILIA,2990000.0,18456.0,4.0,3.0,-15.747251,-47.890633,2026-03-28,7
377148,6567262,1320522,Wal Miranda,Venda,Apartamento,122.0,ASA NORTE,BRASILIA,1599000.0,13106.0,3.0,1.0,-15.7416584,-47.8928262,2026-03-28,0
377225,6567339,SoftAp0940,SOFT GESTÃO IMOBILIÁRIA,Venda,Apartamento,27.0,ASA NORTE,BRASILIA,310000.0,11481.0,0.0,1.0,0.0,0.0,2026-03-28,8
377335,6567449,959,Meu Imóvel Imob,Venda,Apartamento,150.0,ASA NORTE,BRASILIA,1899999.0,12666.0,0.0,1.0,-15.776521,-47.8895594,2026-03-28,0
377415,6567529,1314622,Rones Imóveis,Venda,Apartamento,100.0,ASA NORTE,BRASILIA,1595000.0,15950.0,0.0,0.0,-15.7796082,-47.8787464,2026-03-28,2
377429,6567589,1313208,LB Imóveis,Venda,Apartamento,107.0,ASA NORTE,BRASILIA,1460000.0,13644.0,3.0,1.0,-15.7528603,-47.884741,2026-03-28,4
377436,6567549,AP0624,Futura Consultoria e Negócios,Venda,Apartamento,30.0,ASA NORTE,BRASILIA,450000.0,15000.0,0.0,1.0,-15.7661941,-47.8750763,2026-03-28,5
377455,6567568,800498V,BSB Netimóveis,Venda,Apartamento,33.0,ASA NORTE,BRASILIA,330000.0,10000.0,0.0,0.0,-15.7696479,-47.8919932,2026-03-28,3
377519,6567633,1165178,Moni Netimoveis,Venda,Apartamento,36.0,ASA NORTE,BRASILIA,429000.0,11916.0,1.0,0.0,-15.7439894,-47.8942827,2026-03-28,8
377554,6567668,1288259,LB Imóveis,Venda,Apartamento,299.0,ASA NORTE,BRASILIA,3199000.0,10699.0,0.0,3.0,-15.7528603,-47.884741,2026-03-28,3
377558,6567672,1312516,SALERNO IMOB,Venda,Apartamento,101.0,ASA NORTE,BRASILIA,1599000.0,15831.0,1.0,2.0,-15.7791785,-47.8892986,2026-03-28,2
377594,6567708,1165179,Moni Netimoveis,Venda,Apartamento,39.0,ASA NORTE,BRASILIA,379000.0,9717.0,0.0,0.0,-15.7454298,-47.8985316,2026-03-28,1
377889,6568003,RBM2013,RBM imobiliária,Venda,Apartamento,168.0,ASA NORTE,BRASILIA,2099000.0,12518.0,4.0,1.0,-15.7410962,-47.8929974,2026-03-28,0
377905,6568019,1323998,Cássia Oliveira Gestora imobiliária,Venda,Apartamento,42.0,ASA NORTE,BRASILIA,380000.0,9047.0,0.0,0.0,-15.7510045,-47.8958158,2026-03-28,1
377955,6568069,carlos5,José Carvalho,Venda,Apartamento,32.0,ASA NORTE,BRASILIA,349000.0,10906.0,1.0,0.0,-15.7523121,-47.8894993,2026-03-28,3
377968,6568082,TA2392,Tau Imóveis,Venda,Apartamento,90.0,ASA NORTE,BRASILIA,1490000.0,16555.0,0.0,1.0,-15.7528603,-47.884741,2026-03-28,2
378063,6568177,1317212,Daniel Carvalho Imobiliário,Venda,Apartamento,25.0,ASA NORTE,BRASILIA,330000.0,13116.0,1.0,1.0,0.0,0.0,2026-03-28,0
378172,6568286,OV280,Ovídio Maia imóveis,Venda,Apartamento,204.0,ASA NORTE,BRASILIA,3200000.0,15686.0,2.0,2.0,-15.7796751,-47.8868634,2026-03-28,5
381075,6571189,,Sacra Soluções Imobiliárias,Venda,Apartamento,20.0,ASA NORTE,BRASILIA,370000.0,18500.0,0.0,1.0,-15.7522186,-47.8892983,2026-03-28,7
381133,6571247,9081V-DFI,Noronha & Edmilson Imóveis,Venda,Apartamento,45.0,ASA NORTE,BRASILIA,565000.0,12555.0,0.0,0.0,-15.7544118,-47.8821633,2026-03-28,0
381172,6571286,32123,Beiramar Imóveis,Venda,Apartamento,64.0,ASA NORTE,BRASILIA,950000.0,14843.0,1.0,0.0,-15.790901,-47.885275,2026-03-28,5
381211,6571325,1044398,Moni Netimoveis,Venda,Apartamento,173.0,ASA NORTE,BRASILIA,2750000.0,15895.0,0.0,1.0,-15.745136,-47.892917,2026-03-28,2
381358,6571471,FJJ0702,Ferola Empreendimentos Imobiliários,Venda,Apartamento,33.0,ASA NORTE,BRASILIA,263000.0,7969.0,1.0,0.0,-15.7391299,-47.9013329,2026-03-28,6
381618,6571732,FCA035,Ferola Empreendimentos Imobiliários,Venda,Apartamento,42.0,ASA NORTE,BRASILIA,700000.0,16666.0,1.0,1.0,-15.7455917,-47.8945868,2026-03-28,2
381771,6571885,FAW0012,Ferola Empreendimentos Imobiliários,Venda,Apartamento,39.0,ASA NORTE,BRASILIA,380000.0,9654.0,0.0,0.0,-15.7449813,-47.8993019,2026-03-28,1
382254,6572367,,CBL Imóveis,Venda,Apartamento,280.0,ASA NORTE,BRASILIA,3199000.0,11425.0,0.0,1.0,-15.7532415,-47.8837573,2026-03-28,8
382404,6572516,1287477,LB Imóveis,Venda,Apartamento,131.0,ASA NORTE,BRASILIA,1880000.0,14351.0,0.0,1.0,-15.7817029,-47.8784498,2026-03-28,4
382827,6572940,,Sacra Soluções Imobiliárias,Venda,Apartamento,20.0,ASA NORTE,BRASILIA,370000.0,18500.0,0.0,1.0,-15.7522186,-47.8892983,2026-03-28,7
382851,6572965,AP0897,Monumental,Venda,Apartamento,210.0,ASA NORTE,BRASILIA,2750000.0,13095.0,0.0,0.0,-15.7528603,-47.884741,2026-03-28,0
382907,6573021,12011,61 Imóveis,Venda,Apartamento,100.0,ASA NORTE,BRASILIA,1690000.0,16900.0,0.0,1.0,-15.739576,-47.89424,2026-03-28,2
382981,6573095,FIS00448,Ferola Empreendimentos Imobiliários,Venda,Apartamento,40.0,ASA NORTE,BRASILIA,530000.0,13203.0,1.0,1.0,-15.790901,-47.885275,2026-03-28,0
383171,6573285,880331074-12,RE/MAX TRIUMPHUS I,Venda,Apartamento,127.0,ASA NORTE,BRASILIA,2395000.0,18858.0,0.0,2.0,-15.7811523,-47.8892163,2026-03-28,7
392203,6582317,1326913,JBF Consultoria Imobiliária,Venda,Apartamento,112.0,ASA NORTE,BRASILIA,1590000.0,14196.0,3.0,2.0,-15.7731049,-47.8864187,2026-03-28,4
392352,6582466,1321247,SARKIS Empreendimentos,Venda,Apartamento,60.0,ASA NORTE,BRASILIA,790000.0,13116.0,0.0,1.0,-15.790901,-47.885275,2026-03-28,0
392427,6582541,UB1587,Urbanic Imóveis,Venda,Apartamento,167.0,ASA NORTE,BRASILIA,2099000.0,12568.0,0.0,1.0,-15.7410962,-47.8929974,2026-03-28,0
392494,6582608,1166852,Moni Netimoveis,Venda,Apartamento,107.0,ASA NORTE,BRASILIA,1495000.0,13971.0,3.0,1.0,-15.7374892,-47.89015,2026-03-28,4
392576,6582690,KI,Koraly Imobiliária,Venda,Apartamento,24.0,ASA NORTE,BRASILIA,450000.0,18750.0,1.0,1.0,-15.7542997,-47.9005703,2026-03-28,7
392580,6582694,1313832,Victor Valim,Venda,Apartamento,140.0,ASA NORTE,BRASILIA,1850000.0,13214.0,3.0,1.0,-15.7533807,-47.8890808,2026-03-28,0
392616,6582730,AP00779,Serra Negra Imobiliária,Venda,Apartamento,39.0,ASA NORTE,BRASILIA,364999.0,9273.0,0.0,0.0,-15.7772406,-47.8832394,2026-03-28,1
392631,6582745,1316333,Sette Imob,Venda,Apartamento,86.0,ASA NORTE,BRASILIA,840000.0,9767.0,3.0,0.0,-15.7673619,-47.8784271,2026-03-28,1
392663,6582777,,Santiago Imobiliária,Venda,Apartamento,140.0,ASA NORTE,BRASILIA,1800000.0,12880.0,3.0,1.0,-15.7455917,-47.8945868,2026-03-28,0
392715,6582829,1323236,Luxuryhouse investimentos imobiliários,Venda,Apartamento,94.0,ASA NORTE,BRASILIA,819000.0,8712.0,0.0,0.0,-15.7528248,-47.8934996,2026-03-28,1
392759,6582873,AP00754,Suprema Construtora e Imobiliária,Venda,Apartamento,79.0,ASA NORTE,BRASILIA,798000.0,10101.0,3.0,0.0,-15.7681713,-47.8772294,2026-03-28,3
392787,6582901,1326801,Dubai Green Home,Venda,Apartamento,42.0,ASA NORTE,BRASILIA,610000.0,14523.0,0.0,0.0,-15.7644127,-47.8782329,2026-03-28,4
392802,6582916,1325918,Lidera Imóveis,Venda,Apartamento,171.0,ASA NORTE,BRASILIA,2300000.0,13474.0,0.0,1.0,-15.7820143,-47.8780175,2026-03-28,4
392823,6582936,1319012,PaulOOctavio,Venda,Apartamento,58.0,ASA NORTE,BRASILIA,640000.0,11034.0,1.0,0.0,-15.7806164,-47.8900128,2026-03-28,3
392825,6582938,2006FS311315,INVEST FLAT,Venda,Apartamento,34.0,ASA NORTE,BRASILIA,540000.0,15882.0,1.0,0.0,-15.790901,-47.885275,2026-03-28,2
392845,6582958,1143786,Smile Netimóveis,Venda,Apartamento,45.0,ASA NORTE,BRASILIA,850000.0,18888.0,1.0,1.0,-15.7539973,-47.8957712,2026-03-28,7
392886,6583000,AP00146,Júlio Rocha Imobiliária,Venda,Apartamento,39.0,ASA NORTE,BRASILIA,340000.0,8717.0,0.0,0.0,-15.743785,-47.897646,2026-03-28,1
392923,6583037,10647,Beiramar Imóveis,Venda,Apartamento,235.0,ASA NORTE,BRASILIA,2350000.0,10000.0,0.0,2.0,-15.7551223,-47.8927187,2026-03-28,3
392955,6583069,1316385,JA Imóveis,Venda,Apartamento,78.0,ASA NORTE,BRASILIA,979000.0,12551.0,0.0,0.0,-15.7782197,-47.8757768,2026-03-28,0
393013,6583127,1162125,Moni Netimoveis,Venda,Apartamento,38.0,ASA NORTE,BRASILIA,330000.0,8684.0,0.0,0.0,-15.7515502,-47.8976967,2026-03-28,1
393135,6583249,000731V-DFI,DDA Diógenes,Venda,Apartamento,181.0,ASA NORTE,BRASILIA,2350000.0,12975.0,0.0,1.0,-15.7690209,-47.8834096,2026-03-28,0
393204,6583318,1159474,Elevare imobi,Venda,Apartamento,187.0,ASA NORTE,BRASILIA,2150000.0,11474.0,2.0,1.0,-15.7501617,-47.8858701,2026-03-28,8
393212,6583326,DDA1025,Daleprane Inteligência Imobiliária,Venda,Apartamento,79.0,ASA NORTE,BRASILIA,950000.0,12071.0,0.0,0.0,-15.7491966,-47.8829847,2026-03-28,8
393259,6583373,CO10087,Coemi Imóveis,Venda,Apartamento,39.0,ASA NORTE,BRASILIA,380000.0,9654.0,0.0,0.0,-15.7451693,-47.8988321,2026-03-28,1
393287,6583401,,Massuh Imóveis,Venda,Apartamento,74.0,ASA NORTE,BRASILIA,960000.0,12972.0,2.0,3.0,-15.790901,-47.885275,2026-03-28,0
393309,6583423,1321266,LM Shark Consultoria Imobiliária,Venda,Apartamento,129.0,ASA NORTE,BRASILIA,1800000.0,13953.0,0.0,1.0,-15.7813954,-47.8799139,2026-03-28,4
393353,6583467,lrbvy,Mestra Imobiliária,Venda,Apartamento,39.0,ASA NORTE,BRASILIA,380000.0,9669.0,1.0,0.0,-15.7451693,-47.8988321,2026-03-28,1
393363,6583477,,GRImóveis,Venda,Apartamento,28.0,ASA NORTE,BRASILIA,349000.0,12464.0,1.0,0.0,-15.7872016,-47.8851527,2026-03-28,0
393391,6583505,31980,Beiramar Imóveis,Venda,Apartamento,39.0,ASA NORTE,BRASILIA,380000.0,9743.0,0.0,0.0,-15.7449813,-47.8993019,2026-03-28,1
393546,6583660,1323237,Luxuryhouse investimentos imobiliários,Venda,Apartamento,82.0,ASA NORTE,BRASILIA,1200000.0,14634.0,3.0,0.0,-15.7464379,-47.8954103,2026-03-28,5
393568,6583682,1312294,AS Imob,Venda,Apartamento,100.0,ASA NORTE,BRASILIA,1450000.0,14500.0,3.0,2.0,-15.7630288,-47.8897167,2026-03-28,4
393613,6583727,P3698,Pilotis Imóveis,Venda,Apartamento,84.0,ASA NORTE,BRASILIA,1490000.0,17738.0,0.0,1.0,-15.7495498,-47.8857893,2026-03-28,7
393703,6583817,,Wal Miranda,Venda,Apartamento,175.0,ASA NORTE,BRASILIA,2280000.0,13028.0,3.0,2.0,-15.7404539,-47.8887267,2026-03-28,0
393719,6583833,1315450,Fort Imobi Soluções Imobiliárias,Venda,Apartamento,74.0,ASA NORTE,BRASILIA,899000.0,12148.0,0.0,1.0,-15.790901,-47.885275,2026-03-28,8
393756,6583870,1324827,Mariana Menke Imóveis,Venda,Apartamento,40.0,ASA NORTE,BRASILIA,380000.0,9500.0,0.0,0.0,-15.7449813,-47.8993019,2026-03-28,1
393783,6583897,1312420,Daniela Ferreira,Venda,Apartamento,26.0,ASA NORTE,BRASILIA,330000.0,12692.0,0.0,1.0,-15.7570464,-47.8996714,2026-03-28,0
393796,6583910,1310328,Victor Cruz Negócios Imobiliários,Venda,Apartamento,30.0,ASA NORTE,BRASILIA,450000.0,15000.0,0.0,1.0,-15.7661941,-47.8750763,2026-03-28,5
393903,6584017,FCAL008,Ferola Empreendimentos Imobiliários,Venda,Apartamento,34.0,ASA NORTE,BRASILIA,380000.0,11176.0,1.0,0.0,-15.7469438,-47.8979061,2026-03-28,3
393928,6584042,,Aplique Imóveis,Venda,Apartamento,140.0,ASA NORTE,BRASILIA,1550000.0,11097.0,0.0,2.0,-15.7508971,-47.8888464,2026-03-28,3
393937,6584051,VILLA152699V01,Bordalo PRIME Imobiliária,Venda,Apartamento,125.0,ASA NORTE,BRASILIA,1690000.0,13520.0,0.0,0.0,-15.7726474,-47.8835871,2026-03-28,4
393987,6584101,AP00052,SALERNO IMOB,Venda,Apartamento,202.0,ASA NORTE,BRASILIA,2180000.0,10792.0,0.0,2.0,-15.7528603,-47.884741,2026-03-28,3
394001,6584115,31444,Beiramar Imóveis,Venda,Apartamento,207.0,ASA NORTE,BRASILIA,1500000.0,7246.0,0.0,2.0,-15.776521,-47.8895594,2026-03-28,6
394078,6584192,,Tau Imóveis,Venda,Apartamento,200.0,ASA NORTE,BRASILIA,2180000.0,10900.0,0.0,2.0,-15.7528603,-47.884741,2026-03-28,3
394099,6584213,1142354,Moni Netimoveis,Venda,Apartamento,26.0,ASA NORTE,BRASILIA,370000.0,14230.0,0.0,0.0,-15.732715,-47.897256,2026-03-28,4
394112,6584226,AP00054,SALERNO IMOB,Venda,Apartamento,42.0,ASA NORTE,BRASILIA,700000.0,16666.0,0.0,1.0,-15.7462975,-47.8938528,2026-03-28,2
394253,6584366,1165176,Moni Netimoveis,Venda,Apartamento,30.0,ASA NORTE,BRASILIA,399000.0,13300.0,1.0,0.0,-15.7522186,-47.8892983,2026-03-28,0
394512,6584626,1326912,Fort Imobi Soluções Imobiliárias,Venda,Apartamento,127.0,ASA NORTE,BRASILIA,1698000.0,13370.0,3.0,1.0,-15.7720808,-47.8843972,2026-03-28,0
394517,6584631,VILLA152575V01,Bordalo Imob,Venda,Apartamento,67.0,ASA NORTE,BRASILIA,900000.0,13432.0,0.0,0.0,-15.7441852,-47.8989538,2026-03-28,0
394537,6584651,RBM1653,RBM imobiliária,Venda,Apartamento,300.0,ASA NORTE,BRASILIA,3199000.0,10330.0,4.0,0.0,-15.7533223,-47.8841128,2026-03-28,3
394551,6584665,RBM2073,RBM imobiliária,Venda,Apartamento,113.0,ASA NORTE,BRASILIA,1699000.0,15035.0,0.0,1.0,-15.7726474,-47.8835871,2026-03-28,5
394565,6584679,,Mestra Imobiliária,Venda,Apartamento,36.0,ASA NORTE,BRASILIA,460000.0,12777.0,0.0,1.0,-15.790901,-47.885275,2026-03-28,0
394840,6584954,AP00232,Fernando Vasconcelos Imóveis,Venda,Apartamento,134.0,ASA NORTE,BRASILIA,1627000.0,12141.0,3.0,1.0,-15.742077,-47.8969295,2026-03-28,8
394851,6584965,,Mestra Imobiliária,Venda,Apartamento,112.0,ASA NORTE,BRASILIA,1600000.0,14285.0,3.0,2.0,-15.7724893,-47.8868905,2026-03-28,4
394985,6585098,11703,61 Imóveis,Venda,Apartamento,750.0,ASA NORTE,BRASILIA,11700000.0,15600.0,0.0,5.0,-15.7883311,-47.8870275,2026-03-28,5
395044,6585156,carlos4,José Carvalho,Venda,Apartamento,79.0,ASA NORTE,BRASILIA,840000.0,10632.0,0.0,0.0,-15.7681713,-47.8772294,2026-03-28,3
395151,6585264,ap0824,4IMOB,Venda,Apartamento,92.0,ASA NORTE,BRASILIA,1299000.0,14119.0,0.0,1.0,-15.7722579,-47.8793484,2026-03-28,4
395259,6585372,1281062,Maria José  Carvalho,Venda,Apartamento,168.0,ASA NORTE,BRASILIA,2099000.0,12518.0,0.0,1.0,-15.7416584,-47.8928262,2026-03-28,0
395355,6585468,green,Vendas My House,Venda,Apartamento,26.0,ASA NORTE,BRASILIA,370000.0,14230.0,0.0,1.0,-15.7570464,-47.8996714,2026-03-28,4
395380,6585493,1325833,LB Imóveis,Venda,Apartamento,86.0,ASA NORTE,BRASILIA,1290000.0,15000.0,2.0,1.0,-15.7603157,-47.8868262,2026-03-28,5
395680,6585793,11720,61 Imóveis,Venda,Apartamento,209.0,ASA NORTE,BRASILIA,3050000.0,14593.0,0.0,2.0,-15.7572123,-47.8878593,2026-03-28,5
395703,6585816,11981,61 Imóveis,Venda,Apartamento,123.0,ASA NORTE,BRASILIA,1695000.0,13780.0,0.0,0.0,-15.7469438,-47.8979061,2026-03-28,4
395790,6585903,1287743LBSQN110,LB Imóveis,Venda,Apartamento,223.0,ASA NORTE,BRASILIA,3550000.0,15919.0,4.0,4.0,-15.7572123,-47.8878593,2026-03-28,2
395811,6585924,11841,61 Imóveis,Venda,Apartamento,122.0,ASA NORTE,BRASILIA,1300000.0,10655.0,0.0,0.0,-15.7469438,-47.8979061,2026-03-28,3
415766,6605880,1325975,Maria José  Carvalho,Venda,Apartamento,65.0,ASA NORTE,BRASILIA,670000.0,10285.0,0.0,0.0,-15.7636512,-47.8933527,2026-04-05,3
451814,6641903,P3698,Pilotis Imóveis,Venda,Apartamento,84.0,ASA NORTE,BRASILIA,1490000.0,17738.0,0.0,1.0,-15.7495498,-47.8857893,2026-04-05,7
451889,6641978,CO10087,Coemi Imóveis,Venda,Apartamento,39.0,ASA NORTE,BRASILIA,380000.0,9654.0,0.0,0.0,-15.7451693,-47.8988321,2026-04-05,1
451932,6642021,1313832,Victor Valim,Venda,Apartamento,140.0,ASA NORTE,BRASILIA,1850000.0,13214.0,3.0,1.0,-15.7533807,-47.8890808,2026-04-05,0
451934,6642023,959,Meu Imóvel Imob,Venda,Apartamento,150.0,ASA NORTE,BRASILIA,1899999.0,12666.0,0.0,1.0,-15.776521,-47.8895594,2026-04-05,0
451940,6642029,,Moni Netimoveis,Venda,Apartamento,103.0,ASA NORTE,BRASILIA,1230000.0,11941.0,3.0,0.0,-15.7606308,-47.8793267,2026-04-05,8
451941,6642030,1315450,Fort Imobi Soluções Imobiliárias,Venda,Apartamento,74.0,ASA NORTE,BRASILIA,899000.0,12148.0,0.0,1.0,-15.790901,-47.885275,2026-04-05,8
451944,6642033,lemre,Mestra Imobiliária,Venda,Apartamento,26.0,ASA NORTE,BRASILIA,320000.0,12307.0,1.0,1.0,-15.7542997,-47.9005703,2026-04-05,8
451948,6642037,1312420,Daniela Ferreira,Venda,Apartamento,26.0,ASA NORTE,BRASILIA,330000.0,12692.0,0.0,1.0,-15.7570464,-47.8996714,2026-04-05,0
451966,6642055,FDSQN304V-DFI,FERREIRA EMPREENDIMENTOS IMOBILIARIOS,Venda,Apartamento,187.0,ASA NORTE,BRASILIA,2240000.0,12002.0,4.0,2.0,-15.7760383,-47.8869982,2026-04-05,8
452006,6642095,,Massuh Imóveis,Venda,Apartamento,74.0,ASA NORTE,BRASILIA,960000.0,12972.0,2.0,3.0,-15.790901,-47.885275,2026-04-05,0
452058,6642146,,Aplique Imóveis,Venda,Apartamento,140.0,ASA NORTE,BRASILIA,1550000.0,11097.0,0.0,2.0,-15.7508971,-47.8888464,2026-04-05,3
452066,6642154,1316333,Sette Imob,Venda,Apartamento,86.0,ASA NORTE,BRASILIA,840000.0,9767.0,3.0,0.0,-15.7673619,-47.8784271,2026-04-05,1
452111,6642199,1267266,Luxuryhouse investimentos imobiliários,Venda,Apartamento,123.0,ASA NORTE,BRASILIA,1599900.0,13007.0,0.0,1.0,-15.7416584,-47.8928262,2026-04-05,0
452117,6642205,KI,Koraly Imobiliária,Venda,Apartamento,24.0,ASA NORTE,BRASILIA,450000.0,18750.0,1.0,1.0,-15.7542997,-47.9005703,2026-04-05,7
452175,6642263,1170894,Moni Netimoveis,Venda,Apartamento,122.0,ASA NORTE,BRASILIA,1930000.0,15819.0,3.0,1.0,-15.7672182,-47.8870371,2026-04-05,2
452209,6642298,,Wal Miranda,Venda,Apartamento,175.0,ASA NORTE,BRASILIA,2280000.0,13028.0,3.0,2.0,-15.7404539,-47.8887267,2026-04-05,0
452228,6642502,1162125,Moni Netimoveis,Venda,Apartamento,38.0,ASA NORTE,BRASILIA,330000.0,8684.0,0.0,0.0,-15.7515502,-47.8976967,2026-04-05,1
452278,6642366,1310328,Victor Cruz Negócios Imobiliários,Venda,Apartamento,30.0,ASA NORTE,BRASILIA,450000.0,15000.0,0.0,1.0,-15.7661941,-47.8750763,2026-04-05,5
452421,6642510,1313055,RW Imóveis,Venda,Apartamento,38.0,ASA NORTE,BRASILIA,331000.0,8710.0,0.0,0.0,-15.7518015,-47.8973166,2026-04-05,1
452422,6642511,1325918,Lidera Imóveis,Venda,Apartamento,171.0,ASA NORTE,BRASILIA,2300000.0,13474.0,0.0,1.0,-15.7820143,-47.8780175,2026-04-05,4
452558,6642647,FCAL008,Ferola Empreendimentos Imobiliários,Venda,Apartamento,34.0,ASA NORTE,BRASILIA,380000.0,11176.0,1.0,0.0,-15.7469438,-47.8979061,2026-04-05,3
452596,6642685,0000327V-DFI,DDA Diógenes,Venda,Apartamento,171.0,ASA NORTE,BRASILIA,2300000.0,13474.0,0.0,1.0,-15.7820143,-47.8780175,2026-04-05,4
452601,6642690,1321247,SARKIS Empreendimentos,Venda,Apartamento,60.0,ASA NORTE,BRASILIA,790000.0,13116.0,0.0,1.0,-15.790901,-47.885275,2026-04-05,0
452647,6642736,TH34901,Thaís Imobiliaria,Venda,Apartamento,95.0,ASA NORTE,BRASILIA,930000.0,9758.0,4.0,0.0,-15.7590035,-47.8797921,2026-04-05,1
452676,6642765,VILLA152699V01,Bordalo PRIME Imobiliária,Venda,Apartamento,125.0,ASA NORTE,BRASILIA,1690000.0,13520.0,0.0,0.0,-15.7726474,-47.8835871,2026-04-05,4
452683,6642772,2006FS311315,INVEST FLAT,Venda,Apartamento,34.0,ASA NORTE,BRASILIA,540000.0,15882.0,1.0,0.0,-15.790901,-47.885275,2026-04-05,2
452693,6642782,,CBL Imóveis,Venda,Apartamento,280.0,ASA NORTE,BRASILIA,3199000.0,11425.0,0.0,1.0,-15.7532415,-47.8837573,2026-04-05,8
452697,6642786,1323236,Luxuryhouse investimentos imobiliários,Venda,Apartamento,94.0,ASA NORTE,BRASILIA,819000.0,8712.0,0.0,0.0,-15.7528248,-47.8934996,2026-04-05,1
452700,6642789,1329110,Leandro Mendonça,Venda,Apartamento,119.0,ASA NORTE,BRASILIA,1700000.0,14285.0,3.0,1.0,-15.7494915,-47.8930486,2026-04-05,4
452757,6642846,,GRImóveis,Venda,Apartamento,28.0,ASA NORTE,BRASILIA,349000.0,12464.0,1.0,0.0,-15.7872016,-47.8851527,2026-04-05,0
452761,6642850,1329731,Bruna Gonçalves,Venda,Apartamento,223.0,ASA NORTE,BRASILIA,3550000.0,15919.0,0.0,2.0,-15.7565505,-47.8875543,2026-04-05,2
452781,6642870,AP0017,Éric Soares da Silva,Venda,Apartamento,25.0,ASA NORTE,BRASILIA,270000.0,10800.0,0.0,0.0,-15.7532996,-47.8805399,2026-04-05,3
452789,6642878,VD42000,Benini Imóveis,Venda,Apartamento,112.0,ASA NORTE,BRASILIA,1600000.0,14285.0,3.0,2.0,-15.7731049,-47.8864187,2026-04-05,4
452866,6642955,1277055,Luxuryhouse investimentos imobiliários,Venda,Apartamento,162.0,ASA NORTE,BRASILIA,2990000.0,18456.0,4.0,3.0,-15.747251,-47.890633,2026-04-05,7
452891,6642980,DDA1026,Daleprane Inteligência Imobiliária,Venda,Apartamento,112.0,ASA NORTE,BRASILIA,1600000.0,14285.0,0.0,2.0,-15.7731049,-47.8864187,2026-04-05,4
452946,6643035,1166852,Moni Netimoveis,Venda,Apartamento,107.0,ASA NORTE,BRASILIA,1495000.0,13971.0,3.0,1.0,-15.7374892,-47.89015,2026-04-05,4
452950,6643039,1143786,Smile Netimóveis,Venda,Apartamento,45.0,ASA NORTE,BRASILIA,850000.0,18888.0,1.0,1.0,-15.7539973,-47.8957712,2026-04-05,7
452975,6643064,1165001,Moni Netimoveis,Venda,Apartamento,48.0,ASA NORTE,BRASILIA,680000.0,14166.0,0.0,0.0,-15.7898201,-47.8898649,2026-04-05,4
452997,6643086,1159474,Elevare imobi,Venda,Apartamento,187.0,ASA NORTE,BRASILIA,2150000.0,11474.0,2.0,1.0,-15.7501617,-47.8858701,2026-04-05,8
453006,6643095,AP00779,Serra Negra Imobiliária,Venda,Apartamento,39.0,ASA NORTE,BRASILIA,364999.0,9273.0,0.0,0.0,-15.7772406,-47.8832394,2026-04-05,1
453024,6643113,,Mestra Imobiliária,Venda,Apartamento,34.0,ASA NORTE,BRASILIA,560000.0,16470.0,1.0,1.0,53.911983,38.5569908,2026-04-05,2
453052,6643141,1321266,LM Shark Consultoria Imobiliária,Venda,Apartamento,129.0,ASA NORTE,BRASILIA,1800000.0,13953.0,0.0,1.0,-15.7813954,-47.8799139,2026-04-05,4
453066,6643155,1265446,Vendas My House,Venda,Apartamento,40.0,ASA NORTE,BRASILIA,700000.0,17500.0,0.0,1.0,-15.7462975,-47.8938528,2026-04-05,7
453096,6643185,RQB0664,Quadraimob Revenda,Venda,Apartamento,112.0,ASA NORTE,BRASILIA,1600000.0,14252.0,0.0,2.0,-15.7731049,-47.8864187,2026-04-05,4
453108,6643197,,Sacra Soluções Imobiliárias,Venda,Apartamento,20.0,ASA NORTE,BRASILIA,370000.0,18500.0,0.0,1.0,-15.7522186,-47.8892983,2026-04-05,7
453118,6643207,AP00146,Júlio Rocha Imobiliária,Venda,Apartamento,39.0,ASA NORTE,BRASILIA,340000.0,8717.0,0.0,0.0,-15.743785,-47.897646,2026-04-05,1
453159,6643248,1312294,AS Imob,Venda,Apartamento,100.0,ASA NORTE,BRASILIA,1450000.0,14500.0,3.0,2.0,-15.7630288,-47.8897167,2026-04-05,4
453189,6643278,UB1587,Urbanic Imóveis,Venda,Apartamento,167.0,ASA NORTE,BRASILIA,2099000.0,12568.0,0.0,1.0,-15.7410962,-47.8929974,2026-04-05,0
453221,6643309,AP00754,Suprema Construtora e Imobiliária,Venda,Apartamento,79.0,ASA NORTE,BRASILIA,798000.0,10101.0,3.0,0.0,-15.7681713,-47.8772294,2026-04-05,3
453227,6643315,1320522,Wal Miranda,Venda,Apartamento,122.0,ASA NORTE,BRASILIA,1599000.0,13106.0,3.0,1.0,-15.7416584,-47.8928262,2026-04-05,0
453241,6643329,1329233,Semear Imobiliária,Venda,Apartamento,169.0,ASA NORTE,BRASILIA,2150000.0,12759.0,0.0,2.0,-15.7540156,-47.8878475,2026-04-05,0
453260,6643348,1168729,Moni Netimoveis,Venda,Apartamento,35.0,ASA NORTE,BRASILIA,390000.0,11142.0,1.0,0.0,-15.7389305,-47.9006598,2026-04-05,3
453312,6643400,lrbvy,Mestra Imobiliária,Venda,Apartamento,39.0,ASA NORTE,BRASILIA,380000.0,9669.0,1.0,0.0,-15.7451693,-47.8988321,2026-04-05,1
453320,6643408,1319012,PaulOOctavio,Venda,Apartamento,58.0,ASA NORTE,BRASILIA,640000.0,11034.0,1.0,0.0,-15.7806164,-47.8900128,2026-04-05,3
453334,6643422,1044398,Moni Netimoveis,Venda,Apartamento,173.0,ASA NORTE,BRASILIA,2750000.0,15895.0,0.0,1.0,-15.745136,-47.892917,2026-04-05,2
453359,6643448,FCA035,Ferola Empreendimentos Imobiliários,Venda,Apartamento,42.0,ASA NORTE,BRASILIA,700000.0,16666.0,1.0,1.0,-15.7455917,-47.8945868,2026-04-05,2
453446,6643534,1324827,Mariana Menke Imóveis,Venda,Apartamento,40.0,ASA NORTE,BRASILIA,380000.0,9500.0,0.0,0.0,-15.7449813,-47.8993019,2026-04-05,1
453491,6643580,FJJ0702,Ferola Empreendimentos Imobiliários,Venda,Apartamento,33.0,ASA NORTE,BRASILIA,263000.0,7969.0,1.0,0.0,-15.7391299,-47.9013329,2026-04-05,6
453541,6643630,1314622,Rones Imóveis,Venda,Apartamento,100.0,ASA NORTE,BRASILIA,1595000.0,15950.0,0.0,0.0,-15.7796082,-47.8787464,2026-04-05,2
453548,6643637,,Alexi Imobiliária,Venda,Apartamento,78.0,ASA NORTE,BRASILIA,790000.0,10128.0,3.0,0.0,-15.7681713,-47.8772294,2026-04-05,3
453580,6643669,1316385,JA Imóveis,Venda,Apartamento,78.0,ASA NORTE,BRASILIA,979000.0,12551.0,0.0,0.0,-15.7782197,-47.8757768,2026-04-05,0
453667,6643756,32123,Beiramar Imóveis,Venda,Apartamento,64.0,ASA NORTE,BRASILIA,950000.0,14843.0,1.0,0.0,-15.790901,-47.885275,2026-04-05,5
453682,6643771,RBM2258,RBM imobiliária,Venda,Apartamento,39.0,ASA NORTE,BRASILIA,365000.0,9273.0,0.0,0.0,-15.7449813,-47.8993019,2026-04-05,1
453697,6643786,DDA1025,Daleprane Inteligência Imobiliária,Venda,Apartamento,79.0,ASA NORTE,BRASILIA,950000.0,12071.0,0.0,0.0,-15.7491966,-47.8829847,2026-04-05,8
453721,6643810,FAW0012,Ferola Empreendimentos Imobiliários,Venda,Apartamento,39.0,ASA NORTE,BRASILIA,380000.0,9654.0,0.0,0.0,-15.7449813,-47.8993019,2026-04-05,1
453753,6643842,1326913,JBF Consultoria Imobiliária,Venda,Apartamento,112.0,ASA NORTE,BRASILIA,1590000.0,14196.0,3.0,2.0,-15.7731049,-47.8864187,2026-04-05,4
453771,6643860,10647,Beiramar Imóveis,Venda,Apartamento,235.0,ASA NORTE,BRASILIA,2350000.0,10000.0,0.0,2.0,-15.7551223,-47.8927187,2026-04-05,3
453808,6643897,,Smile Netimóveis,Venda,Apartamento,85.0,ASA NORTE,BRASILIA,1220000.0,14352.0,0.0,1.0,-15.7797117,-47.8857751,2026-04-05,4
453813,6643902,31980,Beiramar Imóveis,Venda,Apartamento,39.0,ASA NORTE,BRASILIA,380000.0,9743.0,0.0,0.0,-15.7449813,-47.8993019,2026-04-05,1
453829,6643918,,Santiago Imobiliária,Venda,Apartamento,140.0,ASA NORTE,BRASILIA,1800000.0,12880.0,3.0,1.0,-15.7455917,-47.8945868,2026-04-05,0
453888,6643977,FDSQN305V-DFI,FERREIRA EMPREENDIMENTOS IMOBILIARIOS,Venda,Apartamento,194.0,ASA NORTE,BRASILIA,2700000.0,13917.0,0.0,2.0,-15.7735664,-47.8861326,2026-04-05,4
453894,6643983,1311395,Daniela Ferreira,Venda,Apartamento,38.0,ASA NORTE,BRASILIA,365000.0,9605.0,1.0,0.0,-15.7449813,-47.8993019,2026-04-05,1
454023,6644112,,Alpha Brasilia Administradora de Imóveis,Venda,Apartamento,231.0,ASA NORTE,BRASILIA,2650000.0,11471.0,0.0,1.0,-15.7404156,-47.8882649,2026-04-05,8
454025,6644114,1326972,Renova Imob,Venda,Apartamento,102.0,ASA NORTE,BRASILIA,1280000.0,12549.0,3.0,1.0,-15.748753,-47.893592,2026-04-05,0
454047,6644136,,Tau Imóveis,Venda,Apartamento,200.0,ASA NORTE,BRASILIA,2180000.0,10900.0,0.0,2.0,-15.7528603,-47.884741,2026-04-05,3
454054,6644143,AP00054,SALERNO IMOB,Venda,Apartamento,42.0,ASA NORTE,BRASILIA,700000.0,16666.0,0.0,1.0,-15.7462975,-47.8938528,2026-04-05,2
454175,6644264,1288259,LB Imóveis,Venda,Apartamento,299.0,ASA NORTE,BRASILIA,3199000.0,10699.0,0.0,3.0,-15.7528603,-47.884741,2026-04-05,3
454187,6644276,31444,Beiramar Imóveis,Venda,Apartamento,207.0,ASA NORTE,BRASILIA,1500000.0,7246.0,0.0,2.0,-15.776521,-47.8895594,2026-04-05,6
454193,6644282,1287477,LB Imóveis,Venda,Apartamento,131.0,ASA NORTE,BRASILIA,1880000.0,14351.0,0.0,1.0,-15.7817029,-47.8784498,2026-04-05,4
454237,6644326,1312516,SALERNO IMOB,Venda,Apartamento,101.0,ASA NORTE,BRASILIA,1599000.0,15831.0,1.0,2.0,-15.7791785,-47.8892986,2026-04-05,2
454250,6644339,1329297,Valter Porto,Venda,Apartamento,25.0,ASA NORTE,BRASILIA,360000.0,14308.0,1.0,1.0,-15.7542997,-47.9005703,2026-04-05,4
454284,6644373,1165176,Moni Netimoveis,Venda,Apartamento,30.0,ASA NORTE,BRASILIA,399000.0,13300.0,1.0,0.0,-15.7522186,-47.8892983,2026-04-05,0
454304,6644393,1313208,LB Imóveis,Venda,Apartamento,107.0,ASA NORTE,BRASILIA,1460000.0,13644.0,3.0,1.0,-15.7528603,-47.884741,2026-04-05,4
454311,6644400,1142354,Moni Netimoveis,Venda,Apartamento,26.0,ASA NORTE,BRASILIA,370000.0,14230.0,0.0,0.0,-15.732715,-47.897256,2026-04-05,4
454366,6644455,AP0121RAI,Rômulo Araújo - Negócios Imobiliários,Venda,Apartamento,194.0,ASA NORTE,BRASILIA,3675000.0,18943.0,0.0,3.0,-15.7413327,-47.8886572,2026-04-05,7
454434,6644522,1165178,Moni Netimoveis,Venda,Apartamento,36.0,ASA NORTE,BRASILIA,429000.0,11916.0,1.0,0.0,-15.7439894,-47.8942827,2026-04-05,8
454438,6644526,AP00052,SALERNO IMOB,Venda,Apartamento,202.0,ASA NORTE,BRASILIA,2180000.0,10792.0,0.0,2.0,-15.7528603,-47.884741,2026-04-05,3
454484,6644572,1165179,Moni Netimoveis,Venda,Apartamento,39.0,ASA NORTE,BRASILIA,379000.0,9717.0,0.0,0.0,-15.7454298,-47.8985316,2026-04-05,1
454610,6644698,AP0627,Futura Consultoria e Negócios,Venda,Apartamento,39.0,ASA NORTE,BRASILIA,365000.0,9358.0,0.0,0.0,-15.7451693,-47.8988321,2026-04-05,1
454669,6644758,AP00232,Fernando Vasconcelos Imóveis,Venda,Apartamento,134.0,ASA NORTE,BRASILIA,1627000.0,12141.0,3.0,1.0,-15.742077,-47.8969295,2026-04-05,8
454699,6644788,1326912,Fort Imobi Soluções Imobiliárias,Venda,Apartamento,127.0,ASA NORTE,BRASILIA,1698000.0,13370.0,3.0,1.0,-15.7720808,-47.8843972,2026-04-05,0
454727,6644816,11703,61 Imóveis,Venda,Apartamento,750.0,ASA NORTE,BRASILIA,11700000.0,15600.0,0.0,5.0,-15.7883311,-47.8870275,2026-04-05,5
454777,6644866,JO009,Juliana imóveis,Venda,Apartamento,168.0,ASA NORTE,BRASILIA,2290000.0,13630.0,0.0,1.0,-15.7410962,-47.8929974,2026-04-05,4
454835,6644924,carlos5,José Carvalho,Venda,Apartamento,32.0,ASA NORTE,BRASILIA,349000.0,10906.0,1.0,0.0,-15.7523121,-47.8894993,2026-04-05,3
454896,6644985,RBM2073,RBM imobiliária,Venda,Apartamento,113.0,ASA NORTE,BRASILIA,1699000.0,15035.0,0.0,1.0,-15.7726474,-47.8835871,2026-04-05,5
454938,6645027,AP0624,Futura Consultoria e Negócios,Venda,Apartamento,30.0,ASA NORTE,BRASILIA,450000.0,15000.0,0.0,1.0,-15.7661941,-47.8750763,2026-04-05,5
455063,6645152,VILLA152575V01,Bordalo Imob,Venda,Apartamento,67.0,ASA NORTE,BRASILIA,900000.0,13432.0,0.0,0.0,-15.7441852,-47.8989538,2026-04-05,0
455100,6645189,1328576,Cássia Oliveira Gestora imobiliária,Venda,Apartamento,103.0,ASA NORTE,BRASILIA,1300000.0,12621.0,0.0,1.0,-15.7496875,-47.8948749,2026-04-05,0
455105,6645194,1293700,Vendas My House,Venda,Apartamento,25.0,ASA NORTE,BRASILIA,350000.0,14000.0,0.0,1.0,-15.7570464,-47.8996714,2026-04-05,4
455153,6645242,,Sacra Soluções Imobiliárias,Venda,Apartamento,20.0,ASA NORTE,BRASILIA,370000.0,18500.0,0.0,1.0,-15.7522186,-47.8892983,2026-04-05,7
455178,6645266,FIS00448,Ferola Empreendimentos Imobiliários,Venda,Apartamento,40.0,ASA NORTE,BRASILIA,530000.0,13203.0,1.0,1.0,-15.790901,-47.885275,2026-04-05,0
455185,6645273,1281062,Maria José  Carvalho,Venda,Apartamento,168.0,ASA NORTE,BRASILIA,2099000.0,12518.0,0.0,1.0,-15.7416584,-47.8928262,2026-04-05,0
455252,6645340,RBM1653,RBM imobiliária,Venda,Apartamento,300.0,ASA NORTE,BRASILIA,3199000.0,10330.0,4.0,0.0,-15.7533223,-47.8841128,2026-04-05,3
455266,6645354,carlos4,José Carvalho,Venda,Apartamento,79.0,ASA NORTE,BRASILIA,840000.0,10632.0,0.0,0.0,-15.7681713,-47.8772294,2026-04-05,3
455321,6645409,1323998,Cássia Oliveira Gestora imobiliária,Venda,Apartamento,42.0,ASA NORTE,BRASILIA,380000.0,9047.0,0.0,0.0,-15.7510045,-47.8958158,2026-04-05,1
455324,6645412,354,Reginaldo Corretor,Venda,Apartamento,168.0,ASA NORTE,BRASILIA,2290000.0,13630.0,0.0,1.0,-15.7410962,-47.8929974,2026-04-05,4
455355,6645443,1328376,Private Broker,Venda,Apartamento,57.0,ASA NORTE,BRASILIA,680000.0,11921.0,2.0,1.0,-15.7724066,-47.8899605,2026-04-05,8
455397,6645485,AP00234,Fernando Vasconcelos Imóveis,Venda,Apartamento,134.0,ASA NORTE,BRASILIA,1760000.0,13134.0,3.0,1.0,-15.7759821,-47.8859895,2026-04-05,0
455507,6645595,RBM2013,RBM imobiliária,Venda,Apartamento,168.0,ASA NORTE,BRASILIA,2099000.0,12518.0,4.0,1.0,-15.7410962,-47.8929974,2026-04-05,0
455513,6645601,AP0897,Monumental,Venda,Apartamento,210.0,ASA NORTE,BRASILIA,2750000.0,13095.0,0.0,0.0,-15.7528603,-47.884741,2026-04-05,0
455787,6645876,1317212,Daniel Carvalho Imobiliário,Venda,Apartamento,25.0,ASA NORTE,BRASILIA,330000.0,13116.0,1.0,1.0,0.0,0.0,2026-04-05,0
455854,6645943,1329208,SALERNO IMOB,Venda,Apartamento,123.0,ASA NORTE,BRASILIA,1695000.0,13780.0,3.0,0.0,-15.7469438,-47.8979061,2026-04-05,4
455941,6646030,green,Vendas My House,Venda,Apartamento,26.0,ASA NORTE,BRASILIA,370000.0,14230.0,0.0,1.0,-15.7570464,-47.8996714,2026-04-05,4
456098,6646187,11981,61 Imóveis,Venda,Apartamento,123.0,ASA NORTE,BRASILIA,1695000.0,13780.0,0.0,0.0,-15.7469438,-47.8979061,2026-04-05,4
456104,6646193,11975,61 Imóveis,Venda,Apartamento,110.0,ASA NORTE,BRASILIA,1820000.0,16545.0,0.0,1.0,-15.7540879,-47.8888575,2026-04-05,2
456213,6646302,11841,61 Imóveis,Venda,Apartamento,122.0,ASA NORTE,BRASILIA,1300000.0,10655.0,0.0,0.0,-15.7469438,-47.8979061,2026-04-05,3
456231,6646320,12011,61 Imóveis,Venda,Apartamento,100.0,ASA NORTE,BRASILIA,1690000.0,16900.0,0.0,1.0,-15.739576,-47.89424,2026-04-05,2
456320,6646409,OV280,Ovídio Maia imóveis,Venda,Apartamento,204.0,ASA NORTE,BRASILIA,3200000.0,15686.0,2.0,2.0,-15.7796751,-47.8868634,2026-04-05,5
456490,6646579,1325833,LB Imóveis,Venda,Apartamento,86.0,ASA NORTE,BRASILIA,1290000.0,15000.0,2.0,1.0,-15.7603157,-47.8868262,2026-04-05,5
499829,6689935,1326913,JBF Consultoria Imobiliária,Venda,Apartamento,112.0,ASA NORTE,BRASILIA,1590000.0,14196.0,3.0,2.0,-15.7731049,-47.8864187,2026-04-12,4
499858,6689964,,Smile Netimóveis,Venda,Apartamento,27.0,ASA NORTE,BRASILIA,325000.0,12037.0,0.0,1.0,-15.7542997,-47.9005703,2026-04-12,8
499878,6689983,10647,Beiramar Imóveis,Venda,Apartamento,235.0,ASA NORTE,BRASILIA,2350000.0,10000.0,0.0,2.0,-15.7551223,-47.8927187,2026-04-12,3
499909,6690014,RBM2269,RBM imobiliária,Venda,Apartamento,104.0,ASA NORTE,BRASILIA,1300000.0,12500.0,0.0,0.0,-15.748753,-47.893592,2026-04-12,0
499911,6690016,AP2931,Simóvel,Venda,Apartamento,20.0,ASA NORTE,BRASILIA,259000.0,12950.0,0.0,0.0,-15.7539095,-47.8818664,2026-04-12,0
499966,6690072,DDA1026,Daleprane Inteligência Imobiliária,Venda,Apartamento,112.0,ASA NORTE,BRASILIA,1600000.0,14285.0,0.0,2.0,-15.7731049,-47.8864187,2026-04-12,4
499998,6690104,1321266,LM Shark Consultoria Imobiliária,Venda,Apartamento,129.0,ASA NORTE,BRASILIA,1800000.0,13953.0,0.0,1.0,-15.7813954,-47.8799139,2026-04-12,4
500026,6690132,,Alexi Imobiliária,Venda,Apartamento,78.0,ASA NORTE,BRASILIA,790000.0,10128.0,3.0,0.0,-15.7681713,-47.8772294,2026-04-12,3
500041,6690147,1316333,Sette Imob,Venda,Apartamento,86.0,ASA NORTE,BRASILIA,840000.0,9767.0,3.0,0.0,-15.7673619,-47.8784271,2026-04-12,1
500109,6690215,,Santiago Imobiliária,Venda,Apartamento,140.0,ASA NORTE,BRASILIA,1800000.0,12880.0,3.0,1.0,-15.7455917,-47.8945868,2026-04-12,0
500153,6690259,1313832,Victor Valim,Venda,Apartamento,140.0,ASA NORTE,BRASILIA,1850000.0,13214.0,3.0,1.0,-15.7533807,-47.8890808,2026-04-12,0
500205,6690311,1312294,AS Imob,Venda,Apartamento,100.0,ASA NORTE,BRASILIA,1450000.0,14500.0,3.0,2.0,-15.7630288,-47.8897167,2026-04-12,4
500234,6690340,COB215NORTE,Francisco Lima,Venda,Apartamento,258.0,ASA NORTE,BRASILIA,3330000.0,12906.0,4.0,2.0,-15.7398744,-47.8891122,2026-04-12,0
500255,6690361,1329110,Leandro Mendonça,Venda,Apartamento,119.0,ASA NORTE,BRASILIA,1700000.0,14285.0,3.0,1.0,-15.7494915,-47.8930486,2026-04-12,4
500273,6690379,TH34901,Thaís Imobiliária,Venda,Apartamento,95.0,ASA NORTE,BRASILIA,930000.0,9758.0,4.0,0.0,-15.7590035,-47.8797921,2026-04-12,1
500275,6690381,,CBL Imóveis,Venda,Apartamento,280.0,ASA NORTE,BRASILIA,3199000.0,11425.0,0.0,1.0,-15.7532415,-47.8837573,2026-04-12,8
500340,6690446,DDA1025,Daleprane Inteligência Imobiliária,Venda,Apartamento,79.0,ASA NORTE,BRASILIA,950000.0,12071.0,0.0,0.0,-15.7491966,-47.8829847,2026-04-12,8
500346,6690452,AP00754,Suprema Construtora e Imobiliária,Venda,Apartamento,79.0,ASA NORTE,BRASILIA,798000.0,10101.0,3.0,0.0,-15.7681713,-47.8772294,2026-04-12,3
500389,6690495,1168729,Moni Netimoveis,Venda,Apartamento,35.0,ASA NORTE,BRASILIA,390000.0,11142.0,1.0,0.0,-15.7389305,-47.9006598,2026-04-12,3
500423,6690529,1267266,Luxuryhouse investimentos imobiliários,Venda,Apartamento,123.0,ASA NORTE,BRASILIA,1599900.0,13007.0,0.0,1.0,-15.7416584,-47.8928262,2026-04-12,0
500460,6690566,1267266,Luxuryhouse investimentos imobiliários,Venda,Apartamento,123.0,ASA NORTE,BRASILIA,1599900.0,13007.0,0.0,1.0,-15.7416584,-47.8928262,2026-04-12,0
500498,6690604,VILLA153017V01,Bordalo Imob,Venda,Apartamento,79.0,ASA NORTE,BRASILIA,930000.0,11772.0,3.0,1.0,-15.7491966,-47.8829847,2026-04-12,8
500543,6690649,,Wal Miranda,Venda,Apartamento,175.0,ASA NORTE,BRASILIA,2280000.0,13028.0,3.0,2.0,-15.7404539,-47.8887267,2026-04-12,0
500547,6690653,SQN311,Felipe Dantas,Venda,Apartamento,206.0,ASA NORTE,BRASILIA,3299000.0,15999.0,4.0,2.0,-15.7558638,-47.8923091,2026-04-12,2
500701,6690807,1329731,Bruna Gonçalves,Venda,Apartamento,223.0,ASA NORTE,BRASILIA,3550000.0,15919.0,0.0,2.0,-15.7565505,-47.8875543,2026-04-12,2
500744,6690849,1312420,Daniela Ferreira,Venda,Apartamento,26.0,ASA NORTE,BRASILIA,330000.0,12692.0,0.0,1.0,-15.7570464,-47.8996714,2026-04-12,0
500807,6690912,KI,Koraly Imobiliária,Venda,Apartamento,24.0,ASA NORTE,BRASILIA,450000.0,18750.0,1.0,1.0,-15.7542997,-47.9005703,2026-04-12,7
500829,6690934,959,Meu Imóvel Imob,Venda,Apartamento,150.0,ASA NORTE,BRASILIA,1899999.0,12666.0,0.0,1.0,-15.776521,-47.8895594,2026-04-12,0
500841,6690946,32123,Beiramar Imóveis,Venda,Apartamento,64.0,ASA NORTE,BRASILIA,950000.0,14843.0,1.0,0.0,-15.790901,-47.885275,2026-04-12,5
500843,6690948,1325975,Maria José  Carvalho,Venda,Apartamento,65.0,ASA NORTE,BRASILIA,670000.0,10285.0,0.0,0.0,-15.7636512,-47.8933527,2026-04-12,3
500914,6691020,1165001,Moni Netimoveis,Venda,Apartamento,48.0,ASA NORTE,BRASILIA,680000.0,14166.0,0.0,0.0,-15.7898201,-47.8898649,2026-04-12,4
500924,6691030,1265446,Vendas My House,Venda,Apartamento,40.0,ASA NORTE,BRASILIA,700000.0,17500.0,0.0,1.0,-15.7462975,-47.8938528,2026-04-12,7
500967,6691073,1165001,Moni Netimoveis,Venda,Apartamento,48.0,ASA NORTE,BRASILIA,680000.0,14166.0,0.0,0.0,-15.7898201,-47.8898649,2026-04-12,4
500978,6691084,1265446,Vendas My House,Venda,Apartamento,40.0,ASA NORTE,BRASILIA,700000.0,17500.0,0.0,1.0,-15.7462975,-47.8938528,2026-04-12,7
501012,6691118,1325918,Lidera Imóveis,Venda,Apartamento,171.0,ASA NORTE,BRASILIA,2300000.0,13474.0,0.0,1.0,-15.7820143,-47.8780175,2026-04-12,4
501016,6691122,PSIL0558,Lilian Vieira Corretora de Imóveis,Venda,Apartamento,220.0,ASA NORTE,BRASILIA,3180000.0,14454.0,0.0,2.0,-15.7612702,-47.8828789,2026-04-12,4
501040,6691146,RQB0664,Quadraimob Revenda,Venda,Apartamento,112.0,ASA NORTE,BRASILIA,1600000.0,14252.0,0.0,2.0,-15.7731049,-47.8864187,2026-04-12,4
501087,6691192,,Massuh Imóveis,Venda,Apartamento,74.0,ASA NORTE,BRASILIA,960000.0,12972.0,2.0,3.0,-15.790901,-47.885275,2026-04-12,0
501090,6691195,0000327V-DFI,DDA Diógenes,Venda,Apartamento,171.0,ASA NORTE,BRASILIA,2300000.0,13474.0,0.0,1.0,-15.7820143,-47.8780175,2026-04-12,4
501102,6691207,1159474,Elevare imobi,Venda,Apartamento,187.0,ASA NORTE,BRASILIA,2150000.0,11474.0,2.0,1.0,-15.7501617,-47.8858701,2026-04-12,8
501137,6691242,1323236,Luxuryhouse investimentos imobiliários,Venda,Apartamento,94.0,ASA NORTE,BRASILIA,819000.0,8712.0,0.0,0.0,-15.7528248,-47.8934996,2026-04-12,1
501197,6691302,1332506,Abadia Baião Imóveis,Venda,Apartamento,59.0,ASA NORTE,BRASILIA,990000.0,16779.0,0.0,0.0,-15.7404539,-47.8887267,2026-04-12,2
501208,6691313,AP00146,Júlio Rocha Imobiliária,Venda,Apartamento,39.0,ASA NORTE,BRASILIA,340000.0,8717.0,0.0,0.0,-15.743785,-47.897646,2026-04-12,1
501215,6691320,1324827,Mariana Menke Imóveis,Venda,Apartamento,40.0,ASA NORTE,BRASILIA,380000.0,9500.0,0.0,0.0,-15.7449813,-47.8993019,2026-04-12,1
501230,6691335,1329233,Semear Imobiliária,Venda,Apartamento,169.0,ASA NORTE,BRASILIA,2150000.0,12759.0,0.0,2.0,-15.7540156,-47.8878475,2026-04-12,0
501287,6691392,1143786,Smile Netimóveis,Venda,Apartamento,45.0,ASA NORTE,BRASILIA,850000.0,18888.0,1.0,1.0,-15.7539973,-47.8957712,2026-04-12,7
501292,6691397,UB1587,Urbanic Imóveis,Venda,Apartamento,167.0,ASA NORTE,BRASILIA,2099000.0,12568.0,0.0,1.0,-15.7410962,-47.8929974,2026-04-12,0
501329,6691434,1321247,SARKIS Empreendimentos,Venda,Apartamento,60.0,ASA NORTE,BRASILIA,790000.0,13116.0,0.0,1.0,-15.790901,-47.885275,2026-04-12,0
501332,6691437,,CBL Imóveis,Venda,Apartamento,49.0,ASA NORTE,BRASILIA,750000.0,15306.0,1.0,1.0,-15.7639382,-47.8933111,2026-04-12,5
501354,6691459,VILLA152699V01,Bordalo PRIME Imobiliária,Venda,Apartamento,125.0,ASA NORTE,BRASILIA,1690000.0,13520.0,0.0,0.0,-15.7726474,-47.8835871,2026-04-12,4
501400,6691505,lemre,Mestra Imobiliária,Venda,Apartamento,26.0,ASA NORTE,BRASILIA,320000.0,12307.0,1.0,1.0,-15.7542997,-47.9005703,2026-04-12,8
501444,6691549,1143786,Smile Netimóveis,Venda,Apartamento,45.0,ASA NORTE,BRASILIA,850000.0,18888.0,1.0,1.0,-15.7539973,-47.8957712,2026-04-12,7
501449,6691554,UB1587,Urbanic Imóveis,Venda,Apartamento,167.0,ASA NORTE,BRASILIA,2099000.0,12568.0,0.0,1.0,-15.7410962,-47.8929974,2026-04-12,0
501488,6691593,1321247,SARKIS Empreendimentos,Venda,Apartamento,60.0,ASA NORTE,BRASILIA,790000.0,13116.0,0.0,1.0,-15.790901,-47.885275,2026-04-12,0
501491,6691596,,CBL Imóveis,Venda,Apartamento,49.0,ASA NORTE,BRASILIA,750000.0,15306.0,1.0,1.0,-15.7639382,-47.8933111,2026-04-12,5
501513,6691618,VILLA152699V01,Bordalo PRIME Imobiliária,Venda,Apartamento,125.0,ASA NORTE,BRASILIA,1690000.0,13520.0,0.0,0.0,-15.7726474,-47.8835871,2026-04-12,4
501593,6691698,1324001,Marizienne Imóveis,Venda,Apartamento,70.0,ASA NORTE,BRASILIA,895000.0,12785.0,0.0,1.0,-15.790901,-47.885275,2026-04-12,0
501688,6691793,RBM2258,RBM imobiliária,Venda,Apartamento,39.0,ASA NORTE,BRASILIA,365000.0,9273.0,0.0,0.0,-15.7449813,-47.8993019,2026-04-12,1
501703,6691808,FCAL008,Ferola Empreendimentos Imobiliários,Venda,Apartamento,34.0,ASA NORTE,BRASILIA,380000.0,11176.0,1.0,0.0,-15.7469438,-47.8979061,2026-04-12,3
501731,6691837,1162125,Moni Netimoveis,Venda,Apartamento,38.0,ASA NORTE,BRASILIA,330000.0,8684.0,0.0,0.0,-15.7515502,-47.8976967,2026-04-12,1
501750,6691856,FAW0012,Ferola Empreendimentos Imobiliários,Venda,Apartamento,39.0,ASA NORTE,BRASILIA,380000.0,9654.0,0.0,0.0,-15.7449813,-47.8993019,2026-04-12,1
501769,6691875,FJJ0702,Ferola Empreendimentos Imobiliários,Venda,Apartamento,33.0,ASA NORTE,BRASILIA,263000.0,7969.0,1.0,0.0,-15.7391299,-47.9013329,2026-04-12,6
501773,6691879,AP00779,Serra Negra Imobiliária,Venda,Apartamento,39.0,ASA NORTE,BRASILIA,364999.0,9273.0,0.0,0.0,-15.7772406,-47.8832394,2026-04-12,1
501792,6691898,1313055,RW Imóveis,Venda,Apartamento,38.0,ASA NORTE,BRASILIA,331000.0,8710.0,0.0,0.0,-15.7518015,-47.8973166,2026-04-12,1
501808,6691914,1311395,Daniela Ferreira,Venda,Apartamento,38.0,ASA NORTE,BRASILIA,365000.0,9605.0,1.0,0.0,-15.7449813,-47.8993019,2026-04-12,1
501827,6691933,CO10087,Coemi Imóveis,Venda,Apartamento,39.0,ASA NORTE,BRASILIA,365000.0,9273.0,0.0,0.0,-15.7451693,-47.8988321,2026-04-12,1
501853,6691959,,GRImóveis,Venda,Apartamento,28.0,ASA NORTE,BRASILIA,349000.0,12464.0,1.0,0.0,-15.7872016,-47.8851527,2026-04-12,0
501878,6691984,31980,Beiramar Imóveis,Venda,Apartamento,39.0,ASA NORTE,BRASILIA,380000.0,9743.0,0.0,0.0,-15.7449813,-47.8993019,2026-04-12,1
501882,6691988,1331974,Brasília Prime Imóveis,Venda,Apartamento,40.0,ASA NORTE,BRASILIA,590000.0,14596.0,0.0,0.0,-15.7391601,-47.8966655,2026-04-12,5
501894,6692000,1172311,Moni Netimoveis,Venda,Apartamento,118.0,ASA NORTE,BRASILIA,1550000.0,13135.0,3.0,1.0,-15.7494915,-47.8930486,2026-04-12,0
501962,6692068,AP0121RAI,Rômulo Araújo - Negócios Imobiliários,Venda,Apartamento,194.0,ASA NORTE,BRASILIA,3675000.0,18943.0,0.0,3.0,-15.7413327,-47.8886572,2026-04-12,7
501998,6692104,1326972,Renova Imob,Venda,Apartamento,102.0,ASA NORTE,BRASILIA,1280000.0,12549.0,3.0,1.0,-15.748753,-47.893592,2026-04-12,0
502023,6692129,,Tau Imóveis,Venda,Apartamento,200.0,ASA NORTE,BRASILIA,2180000.0,10900.0,0.0,2.0,-15.7528603,-47.884741,2026-04-12,3
502025,6692131,31444,Beiramar Imóveis,Venda,Apartamento,207.0,ASA NORTE,BRASILIA,1500000.0,7246.0,0.0,2.0,-15.776521,-47.8895594,2026-04-12,6
502070,6692176,AP00052,SALERNO IMOB,Venda,Apartamento,202.0,ASA NORTE,BRASILIA,2180000.0,10792.0,0.0,2.0,-15.7528603,-47.884741,2026-04-12,3
502099,6692205,1330557,Guerri Investimentos Imobiliários,Venda,Apartamento,156.0,ASA NORTE,BRASILIA,2350000.0,15064.0,4.0,2.0,-15.7539796,-47.8917392,2026-04-12,5
502213,6692319,1165178,Moni Netimoveis,Venda,Apartamento,36.0,ASA NORTE,BRASILIA,429000.0,11916.0,1.0,0.0,-15.7439894,-47.8942827,2026-04-12,8
502222,6692328,1287477,LB Imóveis,Venda,Apartamento,131.0,ASA NORTE,BRASILIA,1880000.0,14351.0,0.0,1.0,-15.7817029,-47.8784498,2026-04-12,4
502324,6692430,,Alpha Brasilia Administradora de Imóveis,Venda,Apartamento,231.0,ASA NORTE,BRASILIA,2650000.0,11471.0,0.0,1.0,-15.7404156,-47.8882649,2026-04-12,8
502412,6692517,880461004-160,RE/MAX Pater,Venda,Apartamento,133.0,ASA NORTE,BRASILIA,2100000.0,15789.0,3.0,0.0,-15.7633446,-47.8858503,2026-04-12,2
502471,6692577,1312516,SALERNO IMOB,Venda,Apartamento,101.0,ASA NORTE,BRASILIA,1599000.0,15831.0,1.0,2.0,-15.7791785,-47.8892986,2026-04-12,2
502486,6692592,AP00054,SALERNO IMOB,Venda,Apartamento,42.0,ASA NORTE,BRASILIA,700000.0,16666.0,0.0,1.0,-15.7462975,-47.8938528,2026-04-12,2
502494,6692600,1288259,LB Imóveis,Venda,Apartamento,299.0,ASA NORTE,BRASILIA,3199000.0,10699.0,0.0,3.0,-15.7528603,-47.884741,2026-04-12,3
502528,6692634,JO009,Juliana imóveis,Venda,Apartamento,168.0,ASA NORTE,BRASILIA,2290000.0,13630.0,0.0,1.0,-15.7410962,-47.8929974,2026-04-12,4
502617,6692723,1326912,Fort Imobi Soluções Imobiliárias,Venda,Apartamento,127.0,ASA NORTE,BRASILIA,1698000.0,13370.0,3.0,1.0,-15.7720808,-47.8843972,2026-04-12,0
502640,6692746,carlos4,José Carvalho,Venda,Apartamento,79.0,ASA NORTE,BRASILIA,840000.0,10632.0,0.0,0.0,-15.7681713,-47.8772294,2026-04-12,3
502647,6692753,RBM2013,RBM imobiliária,Venda,Apartamento,168.0,ASA NORTE,BRASILIA,2099000.0,12518.0,4.0,1.0,-15.7410962,-47.8929974,2026-04-12,0
502731,6692837,VD42000,Benini Imóveis,Venda,Apartamento,112.0,ASA NORTE,BRASILIA,1580000.0,14107.0,3.0,2.0,-15.7731049,-47.8864187,2026-04-12,4
502763,6692869,carlos5,José Carvalho,Venda,Apartamento,32.0,ASA NORTE,BRASILIA,349000.0,10906.0,1.0,0.0,-15.7523121,-47.8894993,2026-04-12,3
502767,6692873,1170894,Moni Netimoveis,Venda,Apartamento,122.0,ASA NORTE,BRASILIA,1890000.0,15491.0,3.0,1.0,-15.7672182,-47.8870371,2026-04-12,5
502840,6692946,RBM1653,RBM imobiliária,Venda,Apartamento,300.0,ASA NORTE,BRASILIA,3199000.0,10330.0,4.0,0.0,-15.7533223,-47.8841128,2026-04-12,3
502867,6692973,1331956,Scalercio Imobiliária,Venda,Apartamento,153.0,ASA NORTE,BRASILIA,1900000.0,12418.0,3.0,1.0,-15.7501617,-47.8858701,2026-04-12,0
502875,6692981,RBM2073,RBM imobiliária,Venda,Apartamento,113.0,ASA NORTE,BRASILIA,1699000.0,15035.0,0.0,1.0,-15.7726474,-47.8835871,2026-04-12,5
502992,6693098,VILLA152575V01,Bordalo Imob,Venda,Apartamento,67.0,ASA NORTE,BRASILIA,900000.0,13432.0,0.0,0.0,-15.7441852,-47.8989538,2026-04-12,0
503011,6693117,AP00234,Fernando Vasconcelos Imóveis,Venda,Apartamento,134.0,ASA NORTE,BRASILIA,1760000.0,13134.0,3.0,1.0,-15.7759821,-47.8859895,2026-04-12,0
503020,6693126,1044398,Moni Netimoveis,Venda,Apartamento,173.0,ASA NORTE,BRASILIA,2750000.0,15895.0,0.0,1.0,-15.745136,-47.892917,2026-04-12,2
503064,6693170,1330427,Celiane Fernandes,Venda,Apartamento,112.0,ASA NORTE,BRASILIA,1600000.0,14285.0,0.0,2.0,-15.7731049,-47.8864187,2026-04-12,4
503112,6693218,11703,61 Imóveis,Venda,Apartamento,750.0,ASA NORTE,BRASILIA,11700000.0,15600.0,0.0,5.0,-15.7883311,-47.8870275,2026-04-12,5
503120,6693226,1281062,Maria José  Carvalho,Venda,Apartamento,168.0,ASA NORTE,BRASILIA,2099000.0,12518.0,0.0,1.0,-15.7416584,-47.8928262,2026-04-12,0
503194,6693300,03850,Plano Imobiliária,Venda,Apartamento,181.0,ASA NORTE,BRASILIA,2190000.0,12092.0,0.0,1.0,-15.7690209,-47.8834096,2026-04-12,8
503196,6693302,lrbvy,Mestra Imobiliária,Venda,Apartamento,39.0,ASA NORTE,BRASILIA,365000.0,9287.0,1.0,0.0,-15.7451693,-47.8988321,2026-04-12,1
503290,6693396,880231189-12,RE/MAX Cerrado,Venda,Apartamento,95.0,ASA NORTE,BRASILIA,850000.0,8919.0,4.0,0.0,-15.7527755,-47.8829861,2026-04-12,1
503314,6693420,RBM2264,RBM imobiliária,Venda,Apartamento,202.0,ASA NORTE,BRASILIA,2180000.0,10782.0,0.0,2.0,-15.7521108,-47.8848466,2026-04-12,3
503324,6693430,AP00232,Fernando Vasconcelos Imóveis,Venda,Apartamento,134.0,ASA NORTE,BRASILIA,1627000.0,12141.0,3.0,1.0,-15.742077,-47.8969295,2026-04-12,8
503339,6693445,AP0897,Monumental,Venda,Apartamento,210.0,ASA NORTE,BRASILIA,2750000.0,13095.0,0.0,0.0,-15.7528603,-47.884741,2026-04-12,0
503361,6693467,1293700,Vendas My House,Venda,Apartamento,25.0,ASA NORTE,BRASILIA,350000.0,14000.0,0.0,1.0,-15.7570464,-47.8996714,2026-04-12,4
503415,6693521,,Sacra Soluções Imobiliárias,Venda,Apartamento,20.0,ASA NORTE,BRASILIA,370000.0,18500.0,0.0,1.0,-15.7522186,-47.8892983,2026-04-12,7
503484,6693590,green,Vendas My House,Venda,Apartamento,26.0,ASA NORTE,BRASILIA,370000.0,14230.0,0.0,1.0,-15.7570464,-47.8996714,2026-04-12,4
503582,6693687,1329208,SALERNO IMOB,Venda,Apartamento,123.0,ASA NORTE,BRASILIA,1695000.0,13780.0,3.0,0.0,-15.7469438,-47.8979061,2026-04-12,4
503718,6693822,1317212,Daniel Carvalho Imobiliário,Venda,Apartamento,25.0,ASA NORTE,BRASILIA,330000.0,13116.0,1.0,1.0,0.0,0.0,2026-04-12,0
503802,6693906,,61 Imóveis,Venda,Apartamento,62.0,ASA NORTE,BRASILIA,1040000.0,16774.0,2.0,1.0,-15.7820968,-47.8755238,2026-04-12,2
503950,6694056,11981,61 Imóveis,Venda,Apartamento,123.0,ASA NORTE,BRASILIA,1695000.0,13780.0,0.0,0.0,-15.7469438,-47.8979061,2026-04-12,4
503959,6694065,11975,61 Imóveis,Venda,Apartamento,110.0,ASA NORTE,BRASILIA,1820000.0,16545.0,0.0,1.0,-15.7540879,-47.8888575,2026-04-12,2
504104,6694209,1329909,Eduardo Moura,Venda,Apartamento,30.0,ASA NORTE,BRASILIA,415000.0,13833.0,1.0,0.0,-15.790901,-47.885275,2026-04-12,4
504176,6694280,OV280,Ovídio Maia imóveis,Venda,Apartamento,204.0,ASA NORTE,BRASILIA,3200000.0,15686.0,2.0,2.0,-15.7796751,-47.8868634,2026-04-12,5
504229,6694334,313,KZABSB IMOBILIARIA,Venda,Apartamento,260.0,ASA NORTE,BRASILIA,3200000.0,12307.0,4.0,2.0,-15.7404539,-47.8887267,2026-04-12,8
539638,6729747,,Wal Miranda,Venda,Apartamento,175.0,ASA NORTE,BRASILIA,2280000.0,13028.0,3.0,2.0,-15.7404539,-47.8887267,2026-04-19,0
539648,6729757,,Victor Cruz Negócios Imobiliários,Venda,Apartamento,33.0,ASA NORTE,BRASILIA,399000.0,12090.0,1.0,0.0,-15.7657653,-47.8916842,2026-04-19,8
539787,6729896,,CBL Imóveis,Venda,Apartamento,280.0,ASA NORTE,BRASILIA,3199000.0,11425.0,0.0,1.0,-15.7532415,-47.8837573,2026-04-19,8
539799,6729908,,Massuh Imóveis,Venda,Apartamento,27.0,ASA NORTE,BRASILIA,350000.0,12962.0,1.0,0.0,-15.732715,-47.897256,2026-04-19,0
539804,6729913,1143786,Smile Netimóveis,Venda,Apartamento,45.0,ASA NORTE,BRASILIA,850000.0,18888.0,1.0,1.0,-15.7539973,-47.8957712,2026-04-19,7
539822,6729931,0000327V-DFI,DDA Diógenes,Venda,Apartamento,171.0,ASA NORTE,BRASILIA,2300000.0,13474.0,0.0,1.0,-15.7820143,-47.8780175,2026-04-19,4
539872,6729981,AP2931,Simóvel,Venda,Apartamento,20.0,ASA NORTE,BRASILIA,259000.0,12950.0,0.0,0.0,-15.7539095,-47.8818664,2026-04-19,0
539873,6729982,1336812,RW Imóveis,Venda,Apartamento,80.0,ASA NORTE,BRASILIA,812000.0,10150.0,0.0,0.0,-15.7681713,-47.8772294,2026-04-19,3
539879,6729988,1311395,Daniela Ferreira,Venda,Apartamento,38.0,ASA NORTE,BRASILIA,365000.0,9605.0,1.0,0.0,-15.7449813,-47.8993019,2026-04-19,1
539891,6730000,12043,61 Imóveis,Venda,Apartamento,114.0,ASA NORTE,BRASILIA,1690000.0,14824.0,0.0,2.0,-15.7580429,-47.8906367,2026-04-19,5
539970,6730079,CO10087,Coemi Imóveis,Venda,Apartamento,39.0,ASA NORTE,BRASILIA,365000.0,9273.0,0.0,0.0,-15.7451693,-47.8988321,2026-04-19,1
539973,6730082,,Moacir Odria Imóveis,Venda,Apartamento,132.0,ASA NORTE,BRASILIA,1749000.0,13250.0,0.0,1.0,-15.7759821,-47.8859895,2026-04-19,0
539994,6730103,FCA035,Ferola Empreendimentos Imobiliários,Venda,Apartamento,42.0,ASA NORTE,BRASILIA,700000.0,16666.0,1.0,1.0,-15.7455917,-47.8945868,2026-04-19,2
540039,6730148,1321266,LM Shark Consultoria Imobiliária,Venda,Apartamento,129.0,ASA NORTE,BRASILIA,1800000.0,13953.0,0.0,1.0,-15.7813954,-47.8799139,2026-04-19,4
540059,6730168,31980,Beiramar Imóveis,Venda,Apartamento,39.0,ASA NORTE,BRASILIA,380000.0,9743.0,0.0,0.0,-15.7449813,-47.8993019,2026-04-19,1
540073,6730182,1337251,EDP Imoveis,Venda,Apartamento,171.0,ASA NORTE,BRASILIA,2300000.0,13450.0,0.0,1.0,-15.7820143,-47.8780175,2026-04-19,0
540104,6730213,SQN311,Felipe Dantas,Venda,Apartamento,206.0,ASA NORTE,BRASILIA,3299000.0,15999.0,4.0,2.0,-15.7558638,-47.8923091,2026-04-19,2
540175,6730284,,CBL Imóveis,Venda,Apartamento,49.0,ASA NORTE,BRASILIA,750000.0,15306.0,1.0,1.0,-15.7639382,-47.8933111,2026-04-19,5
540179,6730288,UB1587,Urbanic Imóveis,Venda,Apartamento,167.0,ASA NORTE,BRASILIA,2099000.0,12568.0,0.0,1.0,-15.7410962,-47.8929974,2026-04-19,0
540190,6730299,1316333,Sette Imob,Venda,Apartamento,86.0,ASA NORTE,BRASILIA,840000.0,9767.0,3.0,0.0,-15.7673619,-47.8784271,2026-04-19,1
540196,6730305,lemre,Mestra Imobiliária,Venda,Apartamento,26.0,ASA NORTE,BRASILIA,320000.0,12307.0,1.0,1.0,-15.7542997,-47.9005703,2026-04-19,8
540202,6730311,1324827,Mariana Menke Imóveis,Venda,Apartamento,40.0,ASA NORTE,BRASILIA,380000.0,9500.0,0.0,0.0,-15.7449813,-47.8993019,2026-04-19,1
540267,6730376,1158282,Moni Netimoveis,Venda,Apartamento,165.0,ASA NORTE,BRASILIA,2970000.0,18000.0,3.0,2.0,-15.7504928,-47.8871599,2026-04-19,7
540309,6730418,1312420,Daniela Ferreira,Venda,Apartamento,26.0,ASA NORTE,BRASILIA,330000.0,12692.0,0.0,1.0,-15.7570464,-47.8996714,2026-04-19,0
540311,6730420,FCAL008,Ferola Empreendimentos Imobiliários,Venda,Apartamento,34.0,ASA NORTE,BRASILIA,380000.0,11176.0,1.0,0.0,-15.7469438,-47.8979061,2026-04-19,3
540312,6730421,DDA1025,Daleprane Inteligência Imobiliária,Venda,Apartamento,79.0,ASA NORTE,BRASILIA,950000.0,12071.0,0.0,0.0,-15.7491966,-47.8829847,2026-04-19,8
540317,6730426,1313832,Victor Valim,Venda,Apartamento,140.0,ASA NORTE,BRASILIA,1850000.0,13214.0,3.0,1.0,-15.7533807,-47.8890808,2026-04-19,0
540337,6730446,PSIL0558,Lilian Vieira Corretora de Imóveis,Venda,Apartamento,220.0,ASA NORTE,BRASILIA,3180000.0,14454.0,0.0,2.0,-15.7612702,-47.8828789,2026-04-19,4
540355,6730464,DDA1027,Daleprane Inteligência Imobiliária,Venda,Apartamento,27.0,ASA NORTE,BRASILIA,370000.0,13703.0,0.0,1.0,-15.7542997,-47.9005703,2026-04-19,4
540371,6730480,1211468,Fernando Righi,Venda,Apartamento,323.0,ASA NORTE,BRASILIA,5340000.0,16532.0,4.0,4.0,-15.7413327,-47.8886572,2026-04-19,2
540504,6730613,32269,Beiramar Imóveis,Venda,Apartamento,167.0,ASA NORTE,BRASILIA,2270000.0,13592.0,0.0,1.0,-15.7422125,-47.8936247,2026-04-19,4
540509,6730618,AP00754,Suprema Construtora e Imobiliária,Venda,Apartamento,79.0,ASA NORTE,BRASILIA,798000.0,10101.0,3.0,0.0,-15.7681713,-47.8772294,2026-04-19,3
540519,6730628,1321247,SARKIS Empreendimentos,Venda,Apartamento,60.0,ASA NORTE,BRASILIA,790000.0,13116.0,0.0,1.0,-15.790901,-47.885275,2026-04-19,0
540545,6730654,1325918,Lidera Imóveis,Venda,Apartamento,171.0,ASA NORTE,BRASILIA,2300000.0,13474.0,0.0,1.0,-15.7820143,-47.8780175,2026-04-19,4
540612,6730721,AP00146,Júlio Rocha Imobiliária,Venda,Apartamento,39.0,ASA NORTE,BRASILIA,340000.0,8717.0,0.0,0.0,-15.743785,-47.897646,2026-04-19,1
540628,6730737,,JCMAX CONSULTORIA IMOBILIÁRIA.,Venda,Apartamento,30.0,ASA NORTE,BRASILIA,285000.0,9500.0,0.0,0.0,-15.759051,-47.8874849,2026-04-19,1
540750,6730859,1329731,Bruna Gonçalves,Venda,Apartamento,223.0,ASA NORTE,BRASILIA,3550000.0,15919.0,0.0,2.0,-15.7565505,-47.8875543,2026-04-19,2
540768,6730877,1338163,Abadia Baião Imóveis,Venda,Apartamento,59.0,ASA NORTE,BRASILIA,958500.0,16245.0,0.0,0.0,-15.7404539,-47.8887267,2026-04-19,2
540791,6730900,1168729,Moni Netimoveis,Venda,Apartamento,35.0,ASA NORTE,BRASILIA,390000.0,11142.0,1.0,0.0,-15.7389305,-47.9006598,2026-04-19,3
540810,6730919,,KR IMÓVEIS,Venda,Apartamento,78.0,ASA NORTE,BRASILIA,800000.0,10256.0,3.0,0.0,-15.7782197,-47.8757768,2026-04-19,3
540836,6730945,32123,Beiramar Imóveis,Venda,Apartamento,64.0,ASA NORTE,BRASILIA,950000.0,14843.0,1.0,0.0,-15.790901,-47.885275,2026-04-19,5
540934,6731043,1312294,AS Imob,Venda,Apartamento,100.0,ASA NORTE,BRASILIA,1450000.0,14500.0,3.0,2.0,-15.7630288,-47.8897167,2026-04-19,4
540938,6731047,1267266,Luxuryhouse investimentos imobiliários,Venda,Apartamento,123.0,ASA NORTE,BRASILIA,1599900.0,13007.0,0.0,1.0,-15.7416584,-47.8928262,2026-04-19,0
540939,6731048,,Samantha Imóveis,Venda,Apartamento,34.0,ASA NORTE,BRASILIA,349000.0,10264.0,1.0,0.0,-15.7516232,-47.8965209,2026-04-19,3
540976,6731085,AP0124V,Felipe Araujo de Souza,Venda,Apartamento,171.0,ASA NORTE,BRASILIA,1980000.0,11578.0,3.0,1.0,-15.745136,-47.892917,2026-04-19,8
540983,6731092,1310328,Victor Cruz Negócios Imobiliários,Venda,Apartamento,30.0,ASA NORTE,BRASILIA,450000.0,15000.0,0.0,1.0,-15.7661941,-47.8750763,2026-04-19,5
540997,6731106,,Santiago Imobiliária,Venda,Apartamento,140.0,ASA NORTE,BRASILIA,1800000.0,12880.0,3.0,1.0,-15.7455917,-47.8945868,2026-04-19,0
541001,6731110,,Massuh Imóveis,Venda,Apartamento,74.0,ASA NORTE,BRASILIA,960000.0,12972.0,2.0,3.0,-15.790901,-47.885275,2026-04-19,0
541100,6731209,959,Meu Imóvel Imob,Venda,Apartamento,150.0,ASA NORTE,BRASILIA,1899999.0,12666.0,0.0,1.0,-15.776521,-47.8895594,2026-04-19,0
541117,6731226,1338258,ZAVAGLIA IMOVEIS,Venda,Apartamento,79.0,ASA NORTE,BRASILIA,900000.0,11414.0,3.0,0.0,-15.7681713,-47.8772294,2026-04-19,8
541162,6731271,FJJ0702,Ferola Empreendimentos Imobiliários,Venda,Apartamento,33.0,ASA NORTE,BRASILIA,263000.0,7969.0,1.0,0.0,-15.7391299,-47.9013329,2026-04-19,6
541225,6731334,1324001,Marizienne Imóveis,Venda,Apartamento,70.0,ASA NORTE,BRASILIA,895000.0,12785.0,0.0,1.0,-15.790901,-47.885275,2026-04-19,0
541226,6731335,1165001,Moni Netimoveis,Venda,Apartamento,48.0,ASA NORTE,BRASILIA,680000.0,14166.0,0.0,0.0,-15.7898201,-47.8898649,2026-04-19,4
541236,6731345,,Suprema Construtora e Imobiliária,Venda,Apartamento,93.0,ASA NORTE,BRASILIA,795000.0,8548.0,2.0,0.0,-15.7528248,-47.8934996,2026-04-19,1
541327,6731436,AP00459,Markus Ferreira,Venda,Apartamento,156.0,ASA NORTE,BRASILIA,2350000.0,15064.0,4.0,2.0,-15.7549173,-47.891626,2026-04-19,5
541328,6731437,1265446,Vendas My House,Venda,Apartamento,40.0,ASA NORTE,BRASILIA,700000.0,17500.0,0.0,1.0,-15.7462975,-47.8938528,2026-04-19,7
541332,6731441,DDA1026,Daleprane Inteligência Imobiliária,Venda,Apartamento,112.0,ASA NORTE,BRASILIA,1600000.0,14285.0,0.0,2.0,-15.7731049,-47.8864187,2026-04-19,4
541338,6731447,,Sacra Soluções Imobiliárias,Venda,Apartamento,20.0,ASA NORTE,BRASILIA,370000.0,18500.0,0.0,1.0,-15.7522186,-47.8892983,2026-04-19,7
541354,6731463,FAW0012,Ferola Empreendimentos Imobiliários,Venda,Apartamento,39.0,ASA NORTE,BRASILIA,380000.0,9654.0,0.0,0.0,-15.7449813,-47.8993019,2026-04-19,1
541357,6731466,,Moni Netimoveis,Venda,Apartamento,112.0,ASA NORTE,BRASILIA,1600000.0,14285.0,0.0,2.0,-15.7724893,-47.8868905,2026-04-19,4
541396,6731505,KI,Koraly Imobiliária,Venda,Apartamento,24.0,ASA NORTE,BRASILIA,450000.0,18750.0,1.0,1.0,-15.7542997,-47.9005703,2026-04-19,7
541523,6731632,1159474,Elevare imobi,Venda,Apartamento,187.0,ASA NORTE,BRASILIA,2150000.0,11474.0,2.0,1.0,-15.7501617,-47.8858701,2026-04-19,8
541644,6731753,1288259,LB Imóveis,Venda,Apartamento,299.0,ASA NORTE,BRASILIA,3199000.0,10699.0,0.0,3.0,-15.7528603,-47.884741,2026-04-19,3
541659,6731768,1165178,Moni Netimoveis,Venda,Apartamento,36.0,ASA NORTE,BRASILIA,429000.0,11916.0,1.0,0.0,-15.7439894,-47.8942827,2026-04-19,8
541666,6731775,AP00054,SALERNO IMOB,Venda,Apartamento,42.0,ASA NORTE,BRASILIA,700000.0,16666.0,0.0,1.0,-15.7462975,-47.8938528,2026-04-19,2
541725,6731833,12012,61 Imóveis,Venda,Apartamento,245.0,ASA NORTE,BRASILIA,3900000.0,15918.0,4.0,2.0,-15.7572123,-47.8878593,2026-04-19,2
541793,6731902,AP0121RAI,Rômulo Araújo - Negócios Imobiliários,Venda,Apartamento,194.0,ASA NORTE,BRASILIA,3675000.0,18943.0,0.0,3.0,-15.7413327,-47.8886572,2026-04-19,7
541847,6731956,1287477,LB Imóveis,Venda,Apartamento,131.0,ASA NORTE,BRASILIA,1880000.0,14351.0,0.0,1.0,-15.7817029,-47.8784498,2026-04-19,4
541856,6731965,DTZ057,Daleprane Inteligência Imobiliária,Venda,Apartamento,37.0,ASA NORTE,BRASILIA,550000.0,14864.0,0.0,0.0,-15.7363209,-47.8883882,2026-04-19,5
541869,6731978,1312516,SALERNO IMOB,Venda,Apartamento,101.0,ASA NORTE,BRASILIA,1599000.0,15831.0,1.0,2.0,-15.7791785,-47.8892986,2026-04-19,2
541874,6731983,880461004-160,RE/MAX Pater,Venda,Apartamento,133.0,ASA NORTE,BRASILIA,2100000.0,15789.0,3.0,0.0,-15.7574311,-47.8877971,2026-04-19,2
541893,6732002,,Tau Imóveis,Venda,Apartamento,200.0,ASA NORTE,BRASILIA,2180000.0,10900.0,0.0,2.0,-15.7528603,-47.884741,2026-04-19,3
541924,6732033,1330557,Guerri Investimentos Imobiliários,Venda,Apartamento,156.0,ASA NORTE,BRASILIA,2350000.0,15064.0,4.0,2.0,-15.7539796,-47.8917392,2026-04-19,5
541970,6732079,1317212,Daniel Carvalho Imobiliário,Venda,Apartamento,25.0,ASA NORTE,BRASILIA,330000.0,13116.0,1.0,1.0,0.0,0.0,2026-04-19,0
542019,6732128,1326972,Renova Imob,Venda,Apartamento,102.0,ASA NORTE,BRASILIA,1280000.0,12549.0,3.0,1.0,-15.748753,-47.893592,2026-04-19,0
542026,6732135,AP00052,SALERNO IMOB,Venda,Apartamento,202.0,ASA NORTE,BRASILIA,2180000.0,10792.0,0.0,2.0,-15.7528603,-47.884741,2026-04-19,3
542079,6732188,,Alpha Brasilia Administradora de Imóveis,Venda,Apartamento,231.0,ASA NORTE,BRASILIA,2650000.0,11471.0,0.0,1.0,-15.7404156,-47.8882649,2026-04-19,8
542120,6732229,1338269,Ivone Alves,Venda,Apartamento,250.0,ASA NORTE,BRASILIA,3500000.0,14000.0,0.0,4.0,-15.7572123,-47.8878593,2026-04-19,4
542129,6732238,,Imobiliária Real,Venda,Apartamento,53.0,ASA NORTE,BRASILIA,425000.0,8018.0,1.0,0.0,-15.7383832,-47.9000813,2026-04-19,6
542224,6732333,COB215NORTE,Francisco Lima,Venda,Apartamento,258.0,ASA NORTE,BRASILIA,3330000.0,12906.0,4.0,2.0,-15.7398744,-47.8891122,2026-04-19,0
542225,6732334,1333444,IMOBDF,Venda,Apartamento,45.0,ASA NORTE,BRASILIA,360000.0,8000.0,2.0,0.0,-15.7594514,-47.8932603,2026-04-19,6
542273,6732382,,Smile Netimóveis,Venda,Apartamento,48.0,ASA NORTE,BRASILIA,559000.0,11645.0,0.0,1.0,-15.7898201,-47.8898649,2026-04-19,8
542330,6732438,RBM2073,RBM imobiliária,Venda,Apartamento,113.0,ASA NORTE,BRASILIA,1699000.0,15035.0,0.0,1.0,-15.7726474,-47.8835871,2026-04-19,5
542343,6732451,carlos5,José Carvalho,Venda,Apartamento,32.0,ASA NORTE,BRASILIA,349000.0,10906.0,1.0,0.0,-15.7523121,-47.8894993,2026-04-19,3
542355,6732463,VILLA152575V01,Bordalo Imob,Venda,Apartamento,67.0,ASA NORTE,BRASILIA,900000.0,13432.0,0.0,0.0,-15.7441852,-47.8989538,2026-04-19,0
542397,6732506,1330427,Celiane Fernandes,Venda,Apartamento,112.0,ASA NORTE,BRASILIA,1600000.0,14285.0,0.0,2.0,-15.7731049,-47.8864187,2026-04-19,4
542433,6732542,CO10178,Coemi Imóveis,Venda,Apartamento,75.0,ASA NORTE,BRASILIA,1230000.0,16400.0,2.0,1.0,-15.7791566,-47.8857129,2026-04-19,2
542469,6732578,1331918,Fábio do Vale,Venda,Apartamento,235.0,ASA NORTE,BRASILIA,2430000.0,10340.0,0.0,2.0,-15.7551223,-47.8927187,2026-04-19,3
542508,6732617,JO009,Juliana imóveis,Venda,Apartamento,168.0,ASA NORTE,BRASILIA,2290000.0,13630.0,0.0,1.0,-15.7410962,-47.8929974,2026-04-19,4
542527,6732636,RBM2258,RBM imobiliária,Venda,Apartamento,39.0,ASA NORTE,BRASILIA,365000.0,9273.0,0.0,0.0,-15.7449813,-47.8993019,2026-04-19,1
542579,6732688,,Sacra Soluções Imobiliárias,Venda,Apartamento,20.0,ASA NORTE,BRASILIA,370000.0,18500.0,0.0,1.0,-15.7522186,-47.8892983,2026-04-19,7
542612,6732721,RBM2013,RBM imobiliária,Venda,Apartamento,168.0,ASA NORTE,BRASILIA,2099000.0,12518.0,4.0,1.0,-15.7410962,-47.8929974,2026-04-19,0
542627,6732736,,Smile Netimóveis,Venda,Apartamento,27.0,ASA NORTE,BRASILIA,325000.0,12037.0,0.0,1.0,-15.7542997,-47.9005703,2026-04-19,8
542632,6732741,880231189-12,RE/MAX Cerrado,Venda,Apartamento,95.0,ASA NORTE,BRASILIA,850000.0,8919.0,4.0,0.0,-15.7527755,-47.8829861,2026-04-19,1
542643,6732752,lrbvy,Mestra Imobiliária,Venda,Apartamento,39.0,ASA NORTE,BRASILIA,365000.0,9287.0,1.0,0.0,-15.7451693,-47.8988321,2026-04-19,1
542665,6732774,1044398,Moni Netimoveis,Venda,Apartamento,173.0,ASA NORTE,BRASILIA,2750000.0,15895.0,0.0,1.0,-15.745136,-47.892917,2026-04-19,2
542672,6732781,carlos4,José Carvalho,Venda,Apartamento,79.0,ASA NORTE,BRASILIA,840000.0,10632.0,0.0,0.0,-15.7681713,-47.8772294,2026-04-19,3
542809,6732918,AP00234,Fernando Vasconcelos Imóveis,Venda,Apartamento,134.0,ASA NORTE,BRASILIA,1760000.0,13134.0,3.0,1.0,-15.7759821,-47.8859895,2026-04-19,0
542836,6732945,AP00232,Fernando Vasconcelos Imóveis,Venda,Apartamento,134.0,ASA NORTE,BRASILIA,1627000.0,12141.0,3.0,1.0,-15.7425155,-47.8955892,2026-04-19,8
542840,6732949,RBM2264,RBM imobiliária,Venda,Apartamento,202.0,ASA NORTE,BRASILIA,2180000.0,10782.0,0.0,2.0,-15.7521108,-47.8848466,2026-04-19,3
542863,6732971,11703,61 Imóveis,Venda,Apartamento,750.0,ASA NORTE,BRASILIA,11700000.0,15600.0,0.0,5.0,-15.7883311,-47.8870275,2026-04-19,5
542902,6733010,RBM1653,RBM imobiliária,Venda,Apartamento,300.0,ASA NORTE,BRASILIA,3199000.0,10330.0,4.0,0.0,-15.7533223,-47.8841128,2026-04-19,3
542911,6733019,,Smile Netimóveis,Venda,Apartamento,21.0,ASA NORTE,BRASILIA,410000.0,19047.0,0.0,0.0,-15.790901,-47.885275,2026-04-19,7
542932,6733040,AP0897,Monumental,Venda,Apartamento,210.0,ASA NORTE,BRASILIA,2750000.0,13095.0,0.0,0.0,-15.7528603,-47.884741,2026-04-19,0
543008,6733117,1281062,Maria José  Carvalho,Venda,Apartamento,168.0,ASA NORTE,BRASILIA,2099000.0,12518.0,0.0,1.0,-15.7416584,-47.8928262,2026-04-19,0
543048,6733157,1293700,Vendas My House,Venda,Apartamento,25.0,ASA NORTE,BRASILIA,350000.0,14000.0,0.0,1.0,-15.7570464,-47.8996714,2026-04-19,4
543071,6733180,FIS00448,Ferola Empreendimentos Imobiliários,Venda,Apartamento,40.0,ASA NORTE,BRASILIA,530000.0,13203.0,1.0,1.0,-15.790901,-47.885275,2026-04-19,0
543125,6733234,1335694,Planalto Central Imóveis,Venda,Apartamento,68.0,ASA NORTE,BRASILIA,930000.0,13672.0,0.0,0.0,-15.7513405,-47.8831789,2026-04-19,4
543148,6733256,CO10174,Coemi Imóveis,Venda,Apartamento,112.0,ASA NORTE,BRASILIA,1600000.0,14285.0,3.0,2.0,-15.7731049,-47.8864187,2026-04-19,4
543169,6733277,green,Vendas My House,Venda,Apartamento,26.0,ASA NORTE,BRASILIA,370000.0,14230.0,0.0,1.0,-15.7570464,-47.8996714,2026-04-19,4
543403,6733512,1329208,SALERNO IMOB,Venda,Apartamento,123.0,ASA NORTE,BRASILIA,1695000.0,13780.0,3.0,0.0,-15.7469438,-47.8979061,2026-04-19,4
543629,6733738,11981,61 Imóveis,Venda,Apartamento,123.0,ASA NORTE,BRASILIA,1695000.0,13780.0,0.0,0.0,-15.7469438,-47.8979061,2026-04-19,4
543767,6733876,333,KZABSB IMOBILIARIA,Venda,Apartamento,221.0,ASA NORTE,BRASILIA,2850000.0,12895.0,3.0,2.0,-15.7603157,-47.8868262,2026-04-19,0
543768,6733877,TH34901,Thaís Imobiliária,Venda,Apartamento,95.0,ASA NORTE,BRASILIA,930000.0,9758.0,4.0,0.0,-15.7590035,-47.8797921,2026-04-19,1
543958,6734067,1333454,LB Imóveis,Venda,Apartamento,120.0,ASA NORTE,BRASILIA,1750000.0,14583.0,0.0,1.0,-15.7683975,-47.880123,2026-04-19,5
605080,6002502,IMB1108,,Venda,Apartamento,35.0,ASA NORTE,BRASILIA,270000.0,7692.0,0.0,0.0,-15.7578,-47.8945,2025-09-07,6
607340,6002699,1125820,,Venda,Apartamento,232.0,ASA NORTE,BRASILIA,2599000.0,11202.0,3.0,1.0,-15.7399,-47.8899,2025-09-07,8
609396,5996753,RB1769,,Venda,Apartamento,112.0,ASA NORTE,BRASILIA,1780000.0,15892.0,2.0,1.0,-15.7572,-47.8879,2025-09-07,2
613372,6003425,732140,,Venda,Apartamento,29.0,ASA NORTE,BRASILIA,309000.0,10655.0,0.0,1.0,-15.736,-47.9053,2025-09-07,3
613497,6003426,VK4160,,Venda,Apartamento,518.0,ASA NORTE,BRASILIA,6900000.0,13316.0,0.0,4.0,-15.7588,-47.8842,2025-09-07,0
614360,6003632,VILLA148184V01,,Venda,Apartamento,519.0,ASA NORTE,BRASILIA,6500000.0,12524.0,4.0,3.0,-15.7612,-47.8896,2025-09-07,0
618461,6004414,1125740,,Venda,Apartamento,144.0,ASA NORTE,BRASILIA,1750000.0,12174.0,0.0,1.0,-15.7723,-47.8793,2025-09-07,8
619631,5996949,01664V-DFI,,Venda,Apartamento,137.0,ASA NORTE,BRASILIA,1570000.0,11459.0,0.0,1.0,-15.7509,-47.8888,2025-09-07,8
621717,6004745,1194228,,Venda,Apartamento,94.0,ASA NORTE,BRASILIA,1550000.0,16489.0,0.0,1.0,-15.737,-47.891,2025-09-07,2
634182,5997044,1122101,,Venda,Apartamento,108.0,ASA NORTE,BRASILIA,1199000.0,11101.0,0.0,0.0,-15.7523,-47.8961,2025-09-07,3
643680,6006746,1217651,,Venda,Apartamento,127.0,ASA NORTE,BRASILIA,1700000.0,13385.0,3.0,1.0,-15.7461,-47.8947,2025-09-07,0
643867,6006779,1209045,,Venda,Apartamento,84.0,ASA NORTE,BRASILIA,1180000.0,14087.0,2.0,1.0,-15.7427,-47.888,2025-09-07,4
645498,5997149,720619,,Venda,Apartamento,63.0,ASA NORTE,BRASILIA,850000.0,13492.0,2.0,0.0,-15.737,-47.891,2025-09-07,4
645543,5997151,1104121,,Venda,Apartamento,50.0,ASA NORTE,BRASILIA,620000.0,12400.0,0.0,0.0,-15.7403,-47.9001,2025-09-07,0
647823,6007077,03623,,Venda,Apartamento,33.0,ASA NORTE,BRASILIA,215000.0,6554.0,2.0,0.0,-15.758,-47.8951,2025-09-07,6
648605,6005611,1180873,,Venda,Apartamento,74.0,ASA NORTE,BRASILIA,1080000.0,14634.0,2.0,1.0,-15.7607,-47.8905,2025-09-07,5
649348,6005615,VILLA139637V01,,Venda,Apartamento,155.0,ASA NORTE,BRASILIA,2150000.0,13870.0,0.0,2.0,-15.754,-47.8917,2025-09-07,4
661322,6007972,AP0055,,Venda,Apartamento,114.0,ASA NORTE,BRASILIA,1650000.0,14473.0,3.0,1.0,-15.7794,-47.8787,2025-09-07,4
664442,6008432,1089660,,Venda,Apartamento,95.0,ASA NORTE,BRASILIA,1200000.0,12631.0,2.0,1.0,-15.7518,-47.8927,2025-09-07,0
665090,6008467,JCL0071,,Venda,Apartamento,110.0,ASA NORTE,BRASILIA,1470000.0,13363.0,0.0,2.0,-15.7551,-47.8927,2025-09-07,0
667517,5997208,1221166,,Venda,Apartamento,95.0,ASA NORTE,BRASILIA,1200000.0,12631.0,0.0,1.0,-15.7526,-47.8918,2025-09-07,0
667904,5997211,1188637,,Venda,Apartamento,90.0,ASA NORTE,BRASILIA,1300000.0,14444.0,0.0,2.0,-15.7898,-47.8899,2025-09-07,4
670480,6009602,VEN665,,Venda,Apartamento,44.0,ASA NORTE,BRASILIA,550000.0,12381.0,0.0,0.0,-15.7545,-47.8814,2025-09-07,0
674577,6010605,1216604,,Venda,Apartamento,38.0,ASA NORTE,BRASILIA,350000.0,9283.0,2.0,0.0,-15.7452,-47.8988,2025-09-07,1
686417,5997278,A324,,Venda,Apartamento,80.0,ASA NORTE,BRASILIA,540000.0,6750.0,3.0,0.0,-15.7768,-47.8886,2025-09-07,6
687193,6011867,1306282,,Venda,Apartamento,70.0,ASA NORTE,BRASILIA,900000.0,12857.0,0.0,1.0,-15.7447,-47.8947,2025-09-07,0
690896,6012114,14359,,Venda,Apartamento,122.0,ASA NORTE,BRASILIA,1890000.0,15491.0,0.0,2.0,-15.7588,-47.8842,2025-09-07,5
707627,6012930,1053238,,Venda,Apartamento,66.0,ASA NORTE,BRASILIA,850000.0,12878.0,2.0,1.0,-15.7792,-47.8893,2025-09-07,0
709542,6013001,AP0353,,Venda,Apartamento,40.0,ASA NORTE,BRASILIA,260000.0,6500.0,1.0,0.0,-15.7634,-47.8919,2025-09-07,6
710518,6013102,1197379,,Venda,Apartamento,80.0,ASA NORTE,BRASILIA,830000.0,10375.0,0.0,0.0,-15.7682,-47.8772,2025-09-07,3
712254,6013458,1312158,,Venda,Apartamento,115.0,ASA NORTE,BRASILIA,1600000.0,13913.0,0.0,2.0,-15.7755,-47.8832,2025-09-07,4
725636,5997380,1000179,,Venda,Apartamento,76.0,ASA NORTE,BRASILIA,799000.0,10513.0,0.0,0.0,-15.7386,-47.8855,2025-09-07,3
735196,5997529,1092312,,Venda,Apartamento,110.0,ASA NORTE,BRASILIA,1690000.0,15363.0,0.0,2.0,-15.7606,-47.8867,2025-09-07,5
735310,5997532,1206368,,Venda,Apartamento,31.0,ASA NORTE,BRASILIA,389000.0,12712.0,0.0,0.0,-15.7522,-47.8893,2025-09-07,0
736684,5997571,1212641,,Venda,Apartamento,123.0,ASA NORTE,BRASILIA,1580000.0,12845.0,4.0,2.0,-15.7608,-47.8885,2025-09-07,0
736749,5997573,1204799,,Venda,Apartamento,68.0,ASA NORTE,BRASILIA,900000.0,13235.0,2.0,1.0,-15.7456,-47.8946,2025-09-07,0
736825,5997574,BE205MV,,Venda,Apartamento,300.0,ASA NORTE,BRASILIA,3199000.0,10663.0,0.0,1.0,-15.7533,-47.8841,2025-09-07,3
740460,6016502,AP0993,,Venda,Apartamento,95.0,ASA NORTE,BRASILIA,740000.0,7764.0,0.0,0.0,-15.7533,-47.8826,2025-09-07,6
741462,6016538,1216395,,Venda,Apartamento,45.0,ASA NORTE,BRASILIA,618000.0,13733.0,0.0,0.0,-15.754,-47.8807,2025-09-07,4
742406,6016574,934917,,Venda,Apartamento,181.0,ASA NORTE,BRASILIA,1950000.0,10773.0,0.0,1.0,-15.7695,-47.8833,2025-09-07,3
742409,6016575,1189729,,Venda,Apartamento,126.0,ASA NORTE,BRASILIA,1540000.0,12222.0,0.0,1.0,-15.7401,-47.897,2025-09-07,8
745932,5997646,1212651,,Venda,Apartamento,29.0,ASA NORTE,BRASILIA,405000.0,13965.0,1.0,1.0,-15.7639,-47.8933,2025-09-07,4
750611,6016225,905320,,Venda,Apartamento,110.0,ASA NORTE,BRASILIA,1470000.0,13363.0,0.0,2.0,-15.7549,-47.8916,2025-09-07,0
753411,6016465,1080767,,Venda,Apartamento,33.0,ASA NORTE,BRASILIA,410000.0,12424.0,1.0,0.0,-15.7389,-47.9007,2025-09-07,0
753991,5997596,PD3396,,Venda,Apartamento,125.0,ASA NORTE,BRASILIA,1600000.0,12800.0,3.0,1.0,-15.7412,-47.8896,2025-09-07,0
762444,6018687,DDA1021,,Venda,Apartamento,35.0,ASA NORTE,BRASILIA,350000.0,10000.0,2.0,0.0,-15.7768,-47.8886,2025-09-07,3
763289,6018790,OV218,,Venda,Apartamento,93.0,ASA NORTE,BRASILIA,945000.0,10215.0,3.0,1.0,-15.7371,-47.8912,2025-09-07,3
766481,6018901,1235,,Venda,Apartamento,123.0,ASA NORTE,BRASILIA,1480000.0,12032.0,0.0,1.0,-15.7633,-47.8858,2025-09-07,8
768825,6017789,1099720,,Venda,Apartamento,137.0,ASA NORTE,BRASILIA,1650000.0,12043.0,3.0,1.0,-15.7509,-47.8888,2025-09-07,8
778995,6019750,VK4160-KV,,Venda,Apartamento,518.0,ASA NORTE,BRASILIA,6500000.0,12548.0,0.0,4.0,-15.7588,-47.8842,2025-09-07,0
787385,5997896,P2609,,Venda,Apartamento,247.0,ASA NORTE,BRASILIA,3000000.0,12154.0,4.0,2.0,-15.7665,-47.8849,2025-09-07,8
803472,6021802,BKRJM023,,Venda,Apartamento,120.0,ASA NORTE,BRASILIA,1530000.0,12750.0,0.0,1.0,-15.7425,-47.8956,2025-09-07,0
804247,6021975,1280094,,Venda,Apartamento,26.0,ASA NORTE,BRASILIA,315000.0,12115.0,0.0,1.0,-15.7662,-47.8751,2025-09-07,8
806490,6022403,1197547,,Venda,Apartamento,45.0,ASA NORTE,BRASILIA,619000.0,13755.0,0.0,0.0,-15.7555,-47.881,2025-09-14,4
806786,5997993,1205227,,Venda,Apartamento,60.0,ASA NORTE,BRASILIA,790000.0,13166.0,2.0,0.0,-15.7557,-47.8833,2025-09-07,0
808508,5998002,1217133,,Venda,Apartamento,60.0,ASA NORTE,BRASILIA,980000.0,16333.0,0.0,0.0,-15.7367,-47.887,2025-09-07,2
818873,6023853,1138632,,Venda,Apartamento,137.0,ASA NORTE,BRASILIA,1850000.0,13503.0,4.0,1.0,-15.7817,-47.8784,2025-09-14,4
820464,6024181,FEN0010,,Venda,Apartamento,57.0,ASA NORTE,BRASILIA,679000.0,11912.0,2.0,0.0,-15.7403,-47.9001,2025-09-14,8
820729,6024217,RB1713,,Venda,Apartamento,28.0,ASA NORTE,BRASILIA,375000.0,13392.0,1.0,0.0,-15.7909,-47.8853,2025-09-14,0
820884,6024219,FKS0506,,Venda,Apartamento,65.0,ASA NORTE,BRASILIA,780000.0,12000.0,0.0,0.0,-15.7456,-47.8946,2025-09-14,8
821497,6024288,CO8578,,Venda,Apartamento,160.0,ASA NORTE,BRASILIA,2400000.0,15000.0,4.0,2.0,-15.7456,-47.8946,2025-09-14,5
821801,6024551,1188480,,Venda,Apartamento,39.0,ASA NORTE,BRASILIA,320000.0,8205.0,0.0,0.0,-15.7516,-47.8965,2025-09-14,6
822266,6022678,1080275,,Venda,Apartamento,33.0,ASA NORTE,BRASILIA,400000.0,12121.0,0.0,0.0,-15.7472,-47.8831,2025-09-14,8
822353,6022680,19275,,Venda,Apartamento,300.0,ASA NORTE,BRASILIA,3099000.0,10330.0,0.0,1.0,-15.7529,-47.8847,2025-09-14,3
822804,6024894,852276,,Venda,Apartamento,72.0,ASA NORTE,BRASILIA,925000.0,12847.0,0.0,1.0,-15.7792,-47.8893,2025-09-14,0
826887,5998148,1073201,,Venda,Apartamento,107.0,ASA NORTE,BRASILIA,1200000.0,11214.0,0.0,0.0,-15.7616,-47.8945,2025-09-07,8
861825,5998153,1103525,,Venda,Apartamento,78.0,ASA NORTE,BRASILIA,950000.0,12179.0,0.0,0.0,-15.7742,-47.8764,2025-09-07,8
864806,5998159,1206300,,Venda,Apartamento,50.0,ASA NORTE,BRASILIA,550000.0,11000.0,2.0,0.0,-15.7712,-47.8904,2025-09-07,3
864914,5998165,AP02952,,Venda,Apartamento,168.0,ASA NORTE,BRASILIA,2440000.0,14523.0,0.0,2.0,-15.7612,-47.8896,2025-09-07,4
865642,6028551,03836,,Venda,Apartamento,32.0,ASA NORTE,BRASILIA,210000.0,6562.0,1.0,0.0,-15.7563,-47.8941,2025-09-14,6
883286,6027571,000755V-DFI,,Venda,Apartamento,37.0,ASA NORTE,BRASILIA,300000.0,8012.0,0.0,0.0,-15.7595,-47.8933,2025-09-14,6
907176,6027847,1053238,,Venda,Apartamento,66.0,ASA NORTE,BRASILIA,850000.0,12878.0,2.0,1.0,-15.7792,-47.8893,2025-09-14,0
917908,6028057,AP0051A,,Venda,Apartamento,132.0,ASA NORTE,BRASILIA,1850000.0,14015.0,3.0,1.0,-15.776,-47.886,2025-09-14,4
918815,5998232,602164,,Venda,Apartamento,48.0,ASA NORTE,BRASILIA,500000.0,10416.0,0.0,0.0,-15.7909,-47.8853,2025-09-07,3
920928,6028726,1153569,,Venda,Apartamento,122.0,ASA NORTE,BRASILIA,1524000.0,12443.0,0.0,1.0,-15.7405,-47.8887,2025-09-14,0
921378,6028950,AP216367,,Venda,Apartamento,123.0,ASA NORTE,BRASILIA,1660000.0,13495.0,0.0,0.0,-15.746,-47.8981,2025-09-14,4
1010297,6028693,1200639,,Venda,Apartamento,80.0,ASA NORTE,BRASILIA,775000.0,9687.0,0.0,0.0,-15.7782,-47.8758,2025-09-14,1
1026105,6029266,PD3370,,Venda,Apartamento,105.0,ASA NORTE,BRASILIA,1590000.0,15142.0,3.0,1.0,-15.7521,-47.8848,2025-09-14,5
1040189,5998297,906719,,Venda,Apartamento,127.0,ASA NORTE,BRASILIA,1500000.0,11811.0,4.0,2.0,-15.7762,-47.8893,2025-09-07,8
1040262,5998299,1043226,,Venda,Apartamento,30.0,ASA NORTE,BRASILIA,330000.0,11000.0,0.0,1.0,-15.7662,-47.8751,2025-09-07,3
1041590,6029941,1043,,Venda,Apartamento,126.0,ASA NORTE,BRASILIA,1600000.0,12698.0,0.0,1.0,-15.7405,-47.8887,2025-09-14,0
1041884,6030109,10838,,Venda,Apartamento,25.0,ASA NORTE,BRASILIA,315000.0,12600.0,0.0,1.0,-15.7543,-47.9006,2025-09-14,0
1043504,6030326,1032919,,Venda,Apartamento,117.0,ASA NORTE,BRASILIA,1550000.0,13247.0,0.0,1.0,-15.7572,-47.8879,2025-09-14,0
1047599,6030672,AP0754,,Venda,Apartamento,124.0,ASA NORTE,BRASILIA,1580000.0,12741.0,0.0,1.0,-15.7633,-47.8858,2025-09-14,0
1048500,5998321,1193065,,Venda,Apartamento,260.0,ASA NORTE,BRASILIA,4300000.0,16538.0,3.0,3.0,-15.7456,-47.8866,2025-09-07,2
1068865,5998409,CO9583,,Venda,Apartamento,45.0,ASA NORTE,BRASILIA,619000.0,13755.0,2.0,0.0,-15.7555,-47.881,2025-09-07,4
1072739,6030677,CO9773,,Venda,Apartamento,84.0,ASA NORTE,BRASILIA,1180000.0,14087.0,2.0,1.0,-15.7431,-47.8879,2025-09-14,4
1073528,6030844,1034043,,Venda,Apartamento,130.0,ASA NORTE,BRASILIA,1380000.0,10615.0,0.0,1.0,-15.7405,-47.8887,2025-09-14,3
1073679,6030846,1192462,,Venda,Apartamento,202.0,ASA NORTE,BRASILIA,2180000.0,10792.0,2.0,1.0,-15.7521,-47.8848,2025-09-14,3
1073828,6031040,1167449,,Venda,Apartamento,143.0,ASA NORTE,BRASILIA,2120000.0,14825.0,0.0,1.0,-15.7464,-47.8881,2025-09-14,5
1073877,6031104,1121860,,Venda,Apartamento,181.0,ASA NORTE,BRASILIA,2040000.0,11270.0,0.0,1.0,-15.7695,-47.8833,2025-09-14,8
1074355,6031112,1215430,,Venda,Apartamento,102.0,ASA NORTE,BRASILIA,1720000.0,16862.0,0.0,2.0,-15.7731,-47.8864,2025-09-14,2
1074457,6031148,1206232,,Venda,Apartamento,137.0,ASA NORTE,BRASILIA,1790000.0,13065.0,3.0,1.0,-15.7541,-47.8889,2025-09-14,0
1080024,6000011,1034028,,Venda,Apartamento,299.0,ASA NORTE,BRASILIA,3199000.0,10699.0,0.0,3.0,-15.7529,-47.8847,2025-09-07,3
1080701,5998422,1190723,,Venda,Apartamento,79.0,ASA NORTE,BRASILIA,825000.0,10443.0,0.0,0.0,-15.7782,-47.8767,2025-09-07,3
1081540,6000306,TH15781,,Venda,Apartamento,44.0,ASA NORTE,BRASILIA,260000.0,5909.0,1.0,0.0,-15.7764,-47.8889,2025-09-07,6
1088335,5999110,AP1175,,Venda,Apartamento,120.0,ASA NORTE,BRASILIA,1358000.0,11316.0,3.0,1.0,-15.7425,-47.8956,2025-09-07,8
1089239,5987290,CEI0002KT,,Venda,Apartamento,33.0,ASA NORTE,BRASILIA,380000.0,11515.0,0.0,0.0,-15.7389,-47.9007,2025-09-07,8
1089257,5987297,1166755,,Venda,Apartamento,97.0,ASA NORTE,BRASILIA,1847000.0,19011.0,3.0,2.0,-15.7609,-47.8862,2025-09-07,7
1090009,5484956,1124925,,Venda,Apartamento,75.0,ASA NORTE,BRASILIA,1099500.0,14660.0,3.0,1.0,-15.7588,-47.8842,2025-07-27,5
1095173,5996700,1120209,,Venda,Apartamento,70.0,ASA NORTE,BRASILIA,729900.0,10427.0,0.0,0.0,-15.7649,-47.8793,2025-09-07,3
1100299,5507935,1136369,,Venda,Apartamento,178.0,ASA NORTE,BRASILIA,2300000.0,12921.0,2.0,2.0,-15.7495,-47.8858,2025-07-27,0
1104062,5520067,VEN666,,Venda,Apartamento,78.0,ASA NORTE,BRASILIA,980000.0,12564.0,0.0,0.0,-15.7377,-47.8901,2025-07-27,0
1127630,5997457,AP02667,,Venda,Apartamento,32.0,ASA NORTE,BRASILIA,450000.0,13876.0,0.0,0.0,-15.7388,-47.9001,2025-09-07,4
1134496,5997744,1154868,,Venda,Apartamento,79.0,ASA NORTE,BRASILIA,720000.0,9113.0,0.0,1.0,-15.7724,-47.8771,2025-09-07,1
1137933,5484215,CO0001-CARL,,Venda,Apartamento,205.0,ASA NORTE,BRASILIA,3170000.0,15463.0,0.0,2.0,-15.7509,-47.8888,2025-07-27,5
1137947,5484229,MeuIMD102,,Venda,Apartamento,91.0,ASA NORTE,BRASILIA,1387193.0,15210.0,0.0,1.0,-15.7799,-47.8892,2025-07-27,5
1138016,5987333,680394,,Venda,Apartamento,119.0,ASA NORTE,BRASILIA,1200000.0,10084.0,0.0,1.0,-15.7495,-47.893,2025-09-07,3
1138025,5987336,AP0354,,Venda,Apartamento,110.0,ASA NORTE,BRASILIA,1470000.0,13363.0,0.0,2.0,-15.7551,-47.8927,2025-09-07,0
1138122,5484401,1080275,,Venda,Apartamento,33.0,ASA NORTE,BRASILIA,400000.0,12121.0,0.0,0.0,-15.7472,-47.8831,2025-07-27,8
1138132,5987357,JOB19,,Venda,Apartamento,121.0,ASA NORTE,BRASILIA,1400000.0,11570.0,0.0,0.0,-15.7762,-47.8893,2025-09-07,8
1138196,5484475,NEVCLN109,,Venda,Apartamento,35.0,ASA NORTE,BRASILIA,340000.0,9700.0,0.0,0.0,-15.759,-47.8873,2025-07-27,1
1138509,5484786,1151221,,Venda,Apartamento,37.0,ASA NORTE,BRASILIA,320900.0,8672.0,1.0,0.0,-15.7768,-47.8886,2025-07-27,1
1138527,5484804,1116809,,Venda,Apartamento,181.0,ASA NORTE,BRASILIA,1950000.0,10773.0,0.0,1.0,-15.7695,-47.8833,2025-07-27,3
1138563,5484840,1187149,,Venda,Apartamento,89.0,ASA NORTE,BRASILIA,1300000.0,14680.0,0.0,1.0,-15.7672,-47.8844,2025-07-27,5
1138733,5485037,1121522,,Venda,Apartamento,78.0,ASA NORTE,BRASILIA,1045000.0,13397.0,2.0,1.0,-15.7794,-47.8787,2025-07-27,0
1138775,5987462,1164107,,Venda,Apartamento,45.0,ASA NORTE,BRASILIA,619000.0,13755.0,0.0,0.0,-15.755,-47.8806,2025-09-07,4
1138853,5485155,1003269,,Venda,Apartamento,48.0,ASA NORTE,BRASILIA,549000.0,11437.0,0.0,0.0,-15.7402,-47.8989,2025-07-27,8
1138874,5485176,,,Venda,Apartamento,80.0,ASA NORTE,BRASILIA,1475000.0,18437.0,0.0,1.0,-15.747,-47.8883,2025-07-27,7
1138898,5485199,1162585,,Venda,Apartamento,140.0,ASA NORTE,BRASILIA,1580000.0,11285.0,0.0,1.0,-15.7588,-47.8842,2025-07-27,8
1138904,5485205,1201317,,Venda,Apartamento,160.0,ASA NORTE,BRASILIA,1900000.0,11875.0,0.0,1.0,-15.7817,-47.8784,2025-07-27,8
1138913,5485214,1111,,Venda,Apartamento,141.0,ASA NORTE,BRASILIA,1500000.0,10638.0,0.0,2.0,-15.7509,-47.8888,2025-07-27,3
1138919,5485219,AP0685,,Venda,Apartamento,78.0,ASA NORTE,BRASILIA,944900.0,12114.0,0.0,0.0,-15.7712,-47.8766,2025-07-27,8
1138998,5485297,10988,,Venda,Apartamento,130.0,ASA NORTE,BRASILIA,1790000.0,13769.0,0.0,2.0,-15.7495,-47.8858,2025-07-27,4
1139010,5987501,1202703,,Venda,Apartamento,260.0,ASA NORTE,BRASILIA,4300000.0,16538.0,4.0,3.0,-15.7456,-47.8866,2025-09-07,2
1139025,5485325,10736,,Venda,Apartamento,45.0,ASA NORTE,BRASILIA,619000.0,13755.0,0.0,0.0,-15.754,-47.8807,2025-07-27,4
1139029,5485329,4808,,Venda,Apartamento,223.0,ASA NORTE,BRASILIA,2400000.0,10762.0,0.0,2.0,-15.7549,-47.8916,2025-07-27,3
1139036,5485336,10427,,Venda,Apartamento,120.0,ASA NORTE,BRASILIA,1570000.0,13083.0,0.0,1.0,-15.7684,-47.8801,2025-07-27,0
1139057,5485357,1156883,,Venda,Apartamento,118.0,ASA NORTE,BRASILIA,1780000.0,15084.0,0.0,1.0,-15.7612,-47.8896,2025-07-27,5
1139184,5485481,10907,,Venda,Apartamento,111.0,ASA NORTE,BRASILIA,1780000.0,16036.0,0.0,1.0,-15.7612,-47.8896,2025-07-27,2
1139216,5485513,1199961,,Venda,Apartamento,206.0,ASA NORTE,BRASILIA,2990000.0,14514.0,0.0,2.0,-15.7559,-47.8923,2025-07-27,4
1139260,5987538,QUE104,,Venda,Apartamento,125.0,ASA NORTE,BRASILIA,1170000.0,9337.0,0.0,0.0,-15.7754,-47.8823,2025-09-07,1
1139281,5485578,1108784,,Venda,Apartamento,70.0,ASA NORTE,BRASILIA,750000.0,10714.0,4.0,0.0,-15.7504,-47.8812,2025-07-27,3
1139344,5485641,CO9033,,Venda,Apartamento,95.0,ASA NORTE,BRASILIA,785000.0,8220.0,3.0,0.0,-15.7518,-47.8927,2025-07-27,6
1139347,5485644,9748,,Venda,Apartamento,110.0,ASA NORTE,BRASILIA,1690000.0,15363.0,0.0,2.0,-15.7603,-47.8868,2025-07-27,5
1139367,5485664,CO8484,,Venda,Apartamento,673.0,ASA NORTE,BRASILIA,10000000.0,14858.0,0.0,4.0,-15.7603,-47.8868,2025-07-27,5
1139384,5485681,1190006,,Venda,Apartamento,124.0,ASA NORTE,BRASILIA,1630000.0,13145.0,3.0,0.0,-15.7596,-47.8828,2025-07-27,0
1139409,5485706,PD3370,,Venda,Apartamento,105.0,ASA NORTE,BRASILIA,1590000.0,15142.0,3.0,1.0,-15.7521,-47.8848,2025-07-27,5
1139450,5485746,4954,,Venda,Apartamento,38.0,ASA NORTE,BRASILIA,340000.0,8947.0,0.0,0.0,-15.781,-47.8903,2025-07-27,1
1139465,5485760,CO9635,,Venda,Apartamento,170.0,ASA NORTE,BRASILIA,2100000.0,12368.0,2.0,2.0,-15.7495,-47.8858,2025-07-27,0
1139475,5485770,RQB0514,,Venda,Apartamento,112.0,ASA NORTE,BRASILIA,1600000.0,14321.0,0.0,1.0,-15.7762,-47.8831,2025-07-27,4
1139522,5485816,1105341,,Venda,Apartamento,160.0,ASA NORTE,BRASILIA,2150000.0,13437.0,0.0,2.0,-15.7509,-47.8888,2025-07-27,0
1139606,5485900,1169200,,Venda,Apartamento,137.0,ASA NORTE,BRASILIA,1690000.0,12335.0,3.0,1.0,-15.7518,-47.8891,2025-07-27,8
1139625,5485919,14-1,,Venda,Apartamento,140.0,ASA NORTE,BRASILIA,1690000.0,12071.0,0.0,1.0,-15.7588,-47.8842,2025-07-27,8
1139654,5485948,1093857,,Venda,Apartamento,127.0,ASA NORTE,BRASILIA,2069000.0,16291.0,0.0,2.0,-15.7613,-47.8829,2025-07-27,2
1139663,5485957,1116238,,Venda,Apartamento,107.0,ASA NORTE,BRASILIA,1450000.0,13551.0,0.0,1.0,-15.7464,-47.8954,2025-07-27,4
1139674,5485968,1068790,,Venda,Apartamento,167.0,ASA NORTE,BRASILIA,2099000.0,12568.0,0.0,1.0,-15.7411,-47.893,2025-07-27,0
1139676,5485970,VILLA150662V01,,Venda,Apartamento,80.0,ASA NORTE,BRASILIA,920000.0,11500.0,0.0,1.0,-15.7495,-47.8858,2025-07-27,8
1139683,5485977,26971,,Venda,Apartamento,83.0,ASA NORTE,BRASILIA,1200000.0,14457.0,0.0,1.0,-15.7505,-47.8872,2025-07-27,4
1139721,5486015,10675,,Venda,Apartamento,96.0,ASA NORTE,BRASILIA,1490000.0,15520.0,3.0,1.0,-15.7549,-47.8916,2025-07-27,5
1139727,5486021,AP0137,,Venda,Apartamento,140.0,ASA NORTE,BRASILIA,1580000.0,11285.0,0.0,1.0,-15.7588,-47.8842,2025-07-27,8
1139743,5486037,10691,,Venda,Apartamento,57.0,ASA NORTE,BRASILIA,679000.0,11912.0,0.0,0.0,-15.7403,-47.9001,2025-07-27,8
1139773,5486067,VILLA151575V01,,Venda,Apartamento,94.0,ASA NORTE,BRASILIA,1599000.0,17010.0,0.0,1.0,-15.7794,-47.8787,2025-07-27,2
1139780,5486074,CO9619,,Venda,Apartamento,123.0,ASA NORTE,BRASILIA,2000000.0,16260.0,3.0,1.0,-15.7633,-47.8858,2025-07-27,2
1139785,5486079,1115891,,Venda,Apartamento,53.0,ASA NORTE,BRASILIA,780000.0,14716.0,2.0,1.0,-15.776,-47.8907,2025-07-27,5
1139792,5486086,TH31878,,Venda,Apartamento,118.0,ASA NORTE,BRASILIA,1780000.0,15084.0,4.0,1.0,-15.7612,-47.8896,2025-07-27,5
1139822,5486116,1116723,,Venda,Apartamento,184.0,ASA NORTE,BRASILIA,1360000.0,7391.0,0.0,1.0,-15.7742,-47.89,2025-07-27,6
1139854,5486148,28946,,Venda,Apartamento,121.0,ASA NORTE,BRASILIA,1450000.0,11983.0,0.0,1.0,-15.7762,-47.8893,2025-07-27,8
1139862,5486156,1163629,,Venda,Apartamento,166.0,ASA NORTE,BRASILIA,1880000.0,11348.0,0.0,1.0,-15.7603,-47.8896,2025-07-27,8
1139873,5486167,10208,,Venda,Apartamento,168.0,ASA NORTE,BRASILIA,2099000.0,12494.0,0.0,1.0,-15.7417,-47.8928,2025-07-27,0
1139889,5486183,10505,,Venda,Apartamento,235.0,ASA NORTE,BRASILIA,2595000.0,11042.0,3.0,1.0,-15.7529,-47.8847,2025-07-27,3
1139914,5486207,10697,,Venda,Apartamento,95.0,ASA NORTE,BRASILIA,1250000.0,13157.0,0.0,1.0,-15.7518,-47.8927,2025-07-27,0
1139915,5486208,SQN2084qts,,Venda,Apartamento,124.0,ASA NORTE,BRASILIA,1880000.0,15161.0,0.0,2.0,-15.7613,-47.8829,2025-07-27,5
1139959,5486251,FCR0075,,Venda,Apartamento,87.0,ASA NORTE,BRASILIA,790000.0,9080.0,0.0,0.0,-15.7518,-47.8927,2025-07-27,1
1139964,5987634,1125935,,Venda,Apartamento,52.0,ASA NORTE,BRASILIA,620000.0,11856.0,0.0,0.0,-15.7671,-47.8916,2025-09-07,8
1139981,5987636,UB1579,,Venda,Apartamento,77.0,ASA NORTE,BRASILIA,799900.0,10388.0,0.0,0.0,-15.7386,-47.8855,2025-09-07,3
1139984,5486276,mcduplicadonovo0625,,Venda,Apartamento,279.0,ASA NORTE,BRASILIA,3099000.0,11107.0,5.0,1.0,-15.7533,-47.8841,2025-07-27,3
1139989,5486281,1092976,,Venda,Apartamento,92.0,ASA NORTE,BRASILIA,1059000.0,11510.0,0.0,0.0,-15.7371,-47.8912,2025-07-27,8
1140012,5486304,TH26521,,Venda,Apartamento,103.0,ASA NORTE,BRASILIA,1230000.0,11941.0,3.0,1.0,-15.7488,-47.8936,2025-07-27,8
1140013,5486305,1000216,,Venda,Apartamento,105.0,ASA NORTE,BRASILIA,1379000.0,13133.0,3.0,1.0,-15.7384,-47.8962,2025-07-27,0
1140092,5486389,1112815,,Venda,Apartamento,135.0,ASA NORTE,BRASILIA,1750000.0,12962.0,0.0,1.0,-15.758,-47.8906,2025-07-27,0
1140122,5486418,1201263,,Venda,Apartamento,76.0,ASA NORTE,BRASILIA,1100000.0,14473.0,0.0,1.0,-15.7731,-47.8864,2025-07-27,4
1140160,5486456,TH32591,,Venda,Apartamento,86.0,ASA NORTE,BRASILIA,1240000.0,14470.0,2.0,1.0,-15.7603,-47.8868,2025-07-27,4
1140201,5486497,1187648,,Venda,Apartamento,45.0,ASA NORTE,BRASILIA,619000.0,13755.0,0.0,0.0,-15.7362,-47.8961,2025-07-27,4
1140202,5486498,1177881,,Venda,Apartamento,123.0,ASA NORTE,BRASILIA,1760000.0,14308.0,0.0,0.0,-15.7469,-47.8979,2025-07-27,4
1140240,5486536,43322170744000,,Venda,Apartamento,122.0,ASA NORTE,BRASILIA,1650000.0,13471.0,0.0,1.0,-15.7633,-47.8858,2025-07-27,4
1140247,5486543,8994,,Venda,Apartamento,117.0,ASA NORTE,BRASILIA,1590000.0,13589.0,0.0,1.0,-15.7572,-47.8879,2025-07-27,4
1140263,5486559,1191826,,Venda,Apartamento,75.0,ASA NORTE,BRASILIA,895000.0,11914.0,0.0,0.0,-15.7483,-47.8828,2025-07-27,8
1140282,5987691,1130286,,Venda,Apartamento,197.0,ASA NORTE,BRASILIA,2300000.0,11675.0,3.0,1.0,-15.7549,-47.8916,2025-09-07,8
1140294,5486589,10838,,Venda,Apartamento,25.0,ASA NORTE,BRASILIA,325000.0,13000.0,0.0,1.0,-15.7543,-47.9006,2025-07-27,0
1140295,5486590,10589,,Venda,Apartamento,45.0,ASA NORTE,BRASILIA,549000.0,12200.0,0.0,0.0,-15.7518,-47.8973,2025-07-27,8
1140321,5486616,1201286,,Venda,Apartamento,173.0,ASA NORTE,BRASILIA,2850000.0,16473.0,4.0,2.0,-15.7417,-47.8928,2025-07-27,2
1140387,5486681,1032919,,Venda,Apartamento,117.0,ASA NORTE,BRASILIA,1590000.0,13589.0,0.0,1.0,-15.7572,-47.8879,2025-07-27,4
1140398,5486692,1188482,,Venda,Apartamento,112.0,ASA NORTE,BRASILIA,1280000.0,11428.0,0.0,1.0,-15.7731,-47.8864,2025-07-27,8
1140413,5486707,10265,,Venda,Apartamento,79.0,ASA NORTE,BRASILIA,799000.0,10113.0,0.0,0.0,-15.7712,-47.8766,2025-07-27,3
1140422,5486716,1193546,,Venda,Apartamento,27.0,ASA NORTE,BRASILIA,390000.0,14444.0,0.0,0.0,-15.7806,-47.89,2025-07-27,4
1140426,5486720,8979,,Venda,Apartamento,123.0,ASA NORTE,BRASILIA,1660000.0,13495.0,0.0,0.0,-15.7469,-47.8979,2025-07-27,4
1140436,5486730,MARINA70,,Venda,Apartamento,48.0,ASA NORTE,BRASILIA,270000.0,5625.0,2.0,0.0,-15.7647,-47.8915,2025-07-27,6
1140447,5486741,1180140,,Venda,Apartamento,200.0,ASA NORTE,BRASILIA,2180000.0,10900.0,2.0,2.0,-15.7529,-47.8847,2025-07-27,3
1140475,5486769,5460,,Venda,Apartamento,78.0,ASA NORTE,BRASILIA,780000.0,10000.0,0.0,0.0,-15.7682,-47.8772,2025-07-27,3
1140518,5486811,631205,,Venda,Apartamento,139.0,ASA NORTE,BRASILIA,1490000.0,10691.0,0.0,1.0,-15.7597,-47.8836,2025-07-27,3
1140523,5486816,1139173,,Venda,Apartamento,217.0,ASA NORTE,BRASILIA,2550000.0,11751.0,0.0,0.0,-15.7557,-47.8833,2025-07-27,8
1140545,5486838,P3004,,Venda,Apartamento,257.0,ASA NORTE,BRASILIA,3500000.0,13618.0,4.0,0.0,-15.7583,-47.8826,2025-07-27,4
1140576,5486868,1-3706219,,Venda,Apartamento,102.0,ASA NORTE,BRASILIA,1690000.0,16568.0,0.0,2.0,-15.7727,-47.8877,2025-07-27,2
1140611,5486902,P2987,,Venda,Apartamento,94.0,ASA NORTE,BRASILIA,1599000.0,17010.0,0.0,1.0,-15.7796,-47.8787,2025-07-27,2
1140641,5486932,10057,,Venda,Apartamento,95.0,ASA NORTE,BRASILIA,830000.0,8736.0,0.0,0.0,-15.7581,-47.8801,2025-07-27,1
1140675,5486966,P3102,,Venda,Apartamento,202.0,ASA NORTE,BRASILIA,2180000.0,10792.0,0.0,2.0,-15.7521,-47.8848,2025-07-27,3
1140708,5486998,311rw1132norte,,Venda,Apartamento,75.0,ASA NORTE,BRASILIA,1140000.0,15200.0,0.0,1.0,-15.7549,-47.8916,2025-07-27,5
1140714,5487004,1105494,,Venda,Apartamento,51.0,ASA NORTE,BRASILIA,670000.0,13137.0,2.0,0.0,-15.7397,-47.8859,2025-07-27,0
1140741,5487031,1180873,,Venda,Apartamento,74.0,ASA NORTE,BRASILIA,1080000.0,14634.0,2.0,1.0,-15.7607,-47.8905,2025-07-27,5
1140789,5487078,1190560,,Venda,Apartamento,247.0,ASA NORTE,BRASILIA,2200000.0,8906.0,0.0,2.0,-15.7576,-47.8905,2025-07-27,1
1140795,5487084,AP0271,,Venda,Apartamento,140.0,ASA NORTE,BRASILIA,1650000.0,11785.0,0.0,1.0,-15.7588,-47.8842,2025-07-27,8
1140807,5487096,1180223,,Venda,Apartamento,60.0,ASA NORTE,BRASILIA,650000.0,10833.0,2.0,0.0,-15.7528,-47.8935,2025-07-27,3
1140813,5487102,1069273,,Venda,Apartamento,95.0,ASA NORTE,BRASILIA,830000.0,8736.0,3.0,0.0,-15.759,-47.8796,2025-07-27,1
1140815,5487104,1055218,,Venda,Apartamento,280.0,ASA NORTE,BRASILIA,2400000.0,8571.0,0.0,2.0,-15.7558,-47.8926,2025-07-27,1
1140838,5487127,1104121,,Venda,Apartamento,50.0,ASA NORTE,BRASILIA,620000.0,12400.0,0.0,0.0,-15.7403,-47.9001,2025-07-27,0
1140851,5487140,RB1653,,Venda,Apartamento,300.0,ASA NORTE,BRASILIA,3199000.0,10663.0,4.0,0.0,-15.7533,-47.8841,2025-07-27,3
1140869,5487158,RM1875,,Venda,Apartamento,112.0,ASA NORTE,BRASILIA,1280000.0,11402.0,3.0,1.0,-15.7723,-47.8869,2025-07-27,8
1140871,5487160,10295,,Venda,Apartamento,34.0,ASA NORTE,BRASILIA,300000.0,8823.0,0.0,0.0,-15.7452,-47.8988,2025-07-27,1
1140924,5487213,4280,,Venda,Apartamento,112.0,ASA NORTE,BRASILIA,1290000.0,11517.0,0.0,1.0,-15.7731,-47.8864,2025-07-27,8
1140926,5487215,1034028,,Venda,Apartamento,299.0,ASA NORTE,BRASILIA,3199000.0,10699.0,0.0,3.0,-15.7529,-47.8847,2025-07-27,3
1140932,5487221,03696,,Venda,Apartamento,181.0,ASA NORTE,BRASILIA,1950000.0,10766.0,0.0,1.0,-15.7695,-47.8833,2025-07-27,3
1140960,5487249,1006253,,Venda,Apartamento,135.0,ASA NORTE,BRASILIA,1650000.0,12222.0,0.0,1.0,-15.7786,-47.8801,2025-07-27,8
1140965,5487254,8707,,Venda,Apartamento,180.0,ASA NORTE,BRASILIA,3199000.0,17772.0,0.0,1.0,-15.7529,-47.8847,2025-07-27,7
1140979,5487268,VILLA139637V01,,Venda,Apartamento,155.0,ASA NORTE,BRASILIA,2150000.0,13870.0,0.0,2.0,-15.754,-47.8917,2025-07-27,4
1141016,5487304,6320,,Venda,Apartamento,100.0,ASA NORTE,BRASILIA,1599000.0,15990.0,0.0,0.0,-15.7794,-47.8787,2025-07-27,2
1141030,5487318,6029,,Venda,Apartamento,56.0,ASA NORTE,BRASILIA,630000.0,11250.0,0.0,0.0,-15.7403,-47.9001,2025-07-27,8
1141037,5487325,729080125,,Venda,Apartamento,26.0,ASA NORTE,BRASILIA,285000.0,10961.0,0.0,1.0,-15.7662,-47.8751,2025-07-27,3
1141043,5487330,RM1802,,Venda,Apartamento,95.0,ASA NORTE,BRASILIA,1599000.0,16831.0,3.0,1.0,-15.7796,-47.8787,2025-07-27,2
1141044,5487331,03707,,Venda,Apartamento,247.0,ASA NORTE,BRASILIA,3100000.0,12559.0,0.0,2.0,-15.7668,-47.8857,2025-07-27,0
1141070,5987808,1212630,,Venda,Apartamento,84.0,ASA NORTE,BRASILIA,1180000.0,14087.0,0.0,1.0,-15.7427,-47.888,2025-09-07,4
1141077,5487364,971480,,Venda,Apartamento,109.0,ASA NORTE,BRASILIA,1690000.0,15504.0,0.0,2.0,-15.7727,-47.8877,2025-07-27,5
1141079,5487366,1034001,,Venda,Apartamento,100.0,ASA NORTE,BRASILIA,1599000.0,15990.0,0.0,1.0,-15.7794,-47.8787,2025-07-27,2
1141111,5487398,FIS00284,,Venda,Apartamento,110.0,ASA NORTE,BRASILIA,1400000.0,12727.0,2.0,1.0,-15.7698,-47.8838,2025-07-27,0
1141113,5487400,DI817,,Venda,Apartamento,94.0,ASA NORTE,BRASILIA,1599000.0,17021.0,0.0,1.0,-15.7796,-47.8787,2025-07-27,2
1141151,5487438,1069746,,Venda,Apartamento,75.0,ASA NORTE,BRASILIA,1170000.0,15600.0,0.0,1.0,-15.7495,-47.8858,2025-07-27,5
1141152,5487439,880111037-60,,Venda,Apartamento,65.0,ASA NORTE,BRASILIA,563000.0,8661.0,0.0,0.0,-15.769,-47.892,2025-07-27,1
1141163,5487450,2954,,Venda,Apartamento,270.0,ASA NORTE,BRASILIA,3250000.0,12037.0,0.0,3.0,-15.758,-47.8906,2025-07-27,8
1141164,5487451,VILLA150209V01,,Venda,Apartamento,169.0,ASA NORTE,BRASILIA,2200000.0,13017.0,0.0,2.0,-15.7586,-47.8894,2025-07-27,0
1141178,5487464,1170648,,Venda,Apartamento,104.0,ASA NORTE,BRASILIA,1250000.0,12019.0,0.0,1.0,-15.7799,-47.8892,2025-07-27,8
1141202,5487488,AP0189,,Venda,Apartamento,45.0,ASA NORTE,BRASILIA,519000.0,11533.0,0.0,0.0,-15.7518,-47.8973,2025-07-27,8
1141208,5487494,AC3261,,Venda,Apartamento,95.0,ASA NORTE,BRASILIA,699000.0,7357.0,3.0,0.0,-15.7519,-47.8821,2025-07-27,6
1141209,5487495,VILLA151749V01,,Venda,Apartamento,61.0,ASA NORTE,BRASILIA,865000.0,14180.0,2.0,0.0,-15.7363,-47.8884,2025-07-27,4
1141215,5987832,AP1478,,Venda,Apartamento,95.0,ASA NORTE,BRASILIA,1450000.0,15263.0,3.0,0.0,-15.7532,-47.8838,2025-09-07,5
1141219,5487505,736107,,Venda,Apartamento,55.0,ASA NORTE,BRASILIA,575000.0,10454.0,0.0,0.0,-15.7671,-47.8916,2025-07-27,3
1141259,5487545,CO9631,,Venda,Apartamento,112.0,ASA NORTE,BRASILIA,1500000.0,13363.0,3.0,2.0,-15.7731,-47.8864,2025-07-27,0
1141261,5487547,1188738,,Venda,Apartamento,78.0,ASA NORTE,BRASILIA,1120000.0,14358.0,2.0,1.0,-15.7792,-47.8857,2025-07-27,4
1141310,5487594,570368,,Venda,Apartamento,160.0,ASA NORTE,BRASILIA,1880000.0,11753.0,3.0,1.0,-15.7829,-47.8779,2025-07-27,8
1141333,5487616,1108080,,Venda,Apartamento,40.0,ASA NORTE,BRASILIA,400000.0,10000.0,0.0,1.0,-15.7477,-47.9014,2025-07-27,3
1141377,5987853,1119163,,Venda,Apartamento,25.0,ASA NORTE,BRASILIA,312000.0,12480.0,0.0,0.0,-15.7771,-47.8784,2025-09-07,0
1141403,5487686,FNC050,,Venda,Apartamento,134.0,ASA NORTE,BRASILIA,1960000.0,14626.0,3.0,1.0,-15.7541,-47.8889,2025-07-27,5
1141426,5487709,1193592,,Venda,Apartamento,48.0,ASA NORTE,BRASILIA,547000.0,11395.0,0.0,0.0,-15.7402,-47.8989,2025-07-27,8
1141432,5487715,TH29611,,Venda,Apartamento,160.0,ASA NORTE,BRASILIA,2250000.0,14062.0,4.0,2.0,-15.7456,-47.8946,2025-07-27,4
1141435,5487718,960431,,Venda,Apartamento,245.0,ASA NORTE,BRASILIA,3500000.0,14285.0,4.0,4.0,-15.7569,-47.8874,2025-07-27,4
1141463,5487745,1191276,,Venda,Apartamento,119.0,ASA NORTE,BRASILIA,1290000.0,10842.0,0.0,1.0,-15.7491,-47.8929,2025-07-27,3
1141466,5487748,1004569,,Venda,Apartamento,76.0,ASA NORTE,BRASILIA,799900.0,10525.0,0.0,0.0,-15.7386,-47.8855,2025-07-27,3
1141467,5487749,CO9612,,Venda,Apartamento,40.0,ASA NORTE,BRASILIA,570000.0,14091.0,0.0,0.0,-15.7392,-47.8967,2025-07-27,4
1141528,5487809,1169925,,Venda,Apartamento,175.0,ASA NORTE,BRASILIA,2850000.0,16284.0,0.0,3.0,-15.7812,-47.8892,2025-07-27,2
1141542,5487823,880241011-203,,Venda,Apartamento,344.0,ASA NORTE,BRASILIA,4200000.0,12221.0,0.0,3.0,-15.7602,-47.886,2025-07-27,8
1141550,5487831,70744-000,,Venda,Apartamento,123.0,ASA NORTE,BRASILIA,1480000.0,12032.0,0.0,1.0,-15.7633,-47.8858,2025-07-27,8
1141611,5487891,880131002-123,,Venda,Apartamento,110.0,ASA NORTE,BRASILIA,1450000.0,13181.0,0.0,1.0,-15.7462,-47.8871,2025-07-27,0
1141617,5487897,Estr,,Venda,Apartamento,132.0,ASA NORTE,BRASILIA,1800000.0,13636.0,3.0,2.0,-15.776,-47.886,2025-07-27,4
1141622,5487902,5360,,Venda,Apartamento,211.0,ASA NORTE,BRASILIA,2150000.0,10189.0,0.0,2.0,-15.7529,-47.8847,2025-07-27,3
1141623,5987888,965088,,Venda,Apartamento,245.0,ASA NORTE,BRASILIA,3500000.0,14285.0,4.0,4.0,-15.7572,-47.8879,2025-09-07,4
1141670,5487950,1097095,,Venda,Apartamento,41.0,ASA NORTE,BRASILIA,519000.0,12658.0,2.0,0.0,-15.7512,-47.8967,2025-07-27,0
1141705,5487985,1177300,,Venda,Apartamento,90.0,ASA NORTE,BRASILIA,1185000.0,13166.0,0.0,1.0,-15.7574,-47.89,2025-07-27,0
1141706,5487986,IMB1108,,Venda,Apartamento,35.0,ASA NORTE,BRASILIA,270000.0,7692.0,0.0,0.0,-15.7578,-47.8945,2025-07-27,6
1141721,5488001,TA2122,,Venda,Apartamento,200.0,ASA NORTE,BRASILIA,2180000.0,10900.0,0.0,2.0,-15.7529,-47.8847,2025-07-27,3
1141753,5488033,FKS0506,,Venda,Apartamento,65.0,ASA NORTE,BRASILIA,780000.0,12000.0,0.0,0.0,-15.7456,-47.8946,2025-07-27,8
1141764,5488044,1120371,,Venda,Apartamento,89.0,ASA NORTE,BRASILIA,1360000.0,15280.0,0.0,1.0,-15.7588,-47.8842,2025-07-27,5
1141846,5488126,1054438,,Venda,Apartamento,110.0,ASA NORTE,BRASILIA,1690000.0,15363.0,0.0,2.0,-15.7603,-47.8868,2025-07-27,5
1141847,5488127,10623,,Venda,Apartamento,94.0,ASA NORTE,BRASILIA,1350000.0,14361.0,3.0,1.0,-15.7549,-47.8916,2025-07-27,4
1141848,5488128,TH29030,,Venda,Apartamento,127.0,ASA NORTE,BRASILIA,1500000.0,11811.0,4.0,2.0,-15.7765,-47.8896,2025-07-27,8
1141898,5488178,AP0711,,Venda,Apartamento,95.0,ASA NORTE,BRASILIA,990000.0,10421.0,0.0,0.0,-15.7519,-47.8821,2025-07-27,3
1141960,5488240,1119646,,Venda,Apartamento,42.0,ASA NORTE,BRASILIA,520000.0,12380.0,0.0,0.0,-15.7453,-47.8992,2025-07-27,0
1141966,5488246,342430,,Venda,Apartamento,101.0,ASA NORTE,BRASILIA,1230000.0,12178.0,0.0,1.0,-15.7421,-47.8924,2025-07-27,8
1141967,5987937,1116809,,Venda,Apartamento,181.0,ASA NORTE,BRASILIA,1950000.0,10773.0,0.0,1.0,-15.7695,-47.8833,2025-09-07,3
1142116,5488396,1138198,,Venda,Apartamento,38.0,ASA NORTE,BRASILIA,549000.0,14447.0,0.0,0.0,-15.7518,-47.8973,2025-07-27,4
1142157,5488436,TH29616,,Venda,Apartamento,47.0,ASA NORTE,BRASILIA,335000.0,7127.0,2.0,0.0,-15.7578,-47.8945,2025-07-27,6
1142185,5488464,03772,,Venda,Apartamento,79.0,ASA NORTE,BRASILIA,780000.0,9904.0,0.0,0.0,-15.7743,-47.8773,2025-07-27,1
1142237,5488515,854804,,Venda,Apartamento,270.0,ASA NORTE,BRASILIA,3100000.0,11481.0,0.0,3.0,-15.758,-47.8906,2025-07-27,8
1142339,5488614,FIS00228,,Venda,Apartamento,108.0,ASA NORTE,BRASILIA,1080000.0,10000.0,3.0,0.0,-15.7617,-47.8932,2025-07-27,3
1142363,5488638,TH30120,,Venda,Apartamento,80.0,ASA NORTE,BRASILIA,780000.0,9750.0,3.0,0.0,-15.7741,-47.8757,2025-07-27,1
1142404,5488679,720734,,Venda,Apartamento,200.0,ASA NORTE,BRASILIA,2750000.0,13750.0,0.0,1.0,-15.7549,-47.8916,2025-07-27,4
1142483,5488757,AP0729,,Venda,Apartamento,48.0,ASA NORTE,BRASILIA,490000.0,10147.0,1.0,0.0,-15.7399,-47.899,2025-07-27,3
1142546,5488819,M1129432,,Venda,Apartamento,29.0,ASA NORTE,BRASILIA,310000.0,10861.0,1.0,1.0,-15.7522,-47.8893,2025-07-27,3
1142559,5488832,AP0718,,Venda,Apartamento,125.0,ASA NORTE,BRASILIA,1500000.0,12000.0,0.0,0.0,-15.7757,-47.8831,2025-07-27,8
1142576,5488849,1055753,,Venda,Apartamento,90.0,ASA NORTE,BRASILIA,1300000.0,14520.0,0.0,2.0,-15.7898,-47.8899,2025-07-27,4
1142633,5488906,CC213,,Venda,Apartamento,268.0,ASA NORTE,BRASILIA,4500000.0,16782.0,0.0,3.0,-15.7456,-47.8882,2025-07-27,2
1142685,5488958,10631,,Venda,Apartamento,162.0,ASA NORTE,BRASILIA,1850000.0,11419.0,5.0,1.0,-15.7495,-47.8858,2025-07-27,8
1142707,5488979,1198427,,Venda,Apartamento,135.0,ASA NORTE,BRASILIA,1860000.0,13777.0,0.0,1.0,-15.7541,-47.8889,2025-07-27,4
1142729,5489000,10901,,Venda,Apartamento,134.0,ASA NORTE,BRASILIA,1580000.0,11791.0,0.0,1.0,-15.776,-47.886,2025-07-27,8
1142772,5489042,FIS00237,,Venda,Apartamento,189.0,ASA NORTE,BRASILIA,2149000.0,11370.0,0.0,1.0,-15.7698,-47.8838,2025-07-27,8
1142800,5489069,10706,,Venda,Apartamento,140.0,ASA NORTE,BRASILIA,1580000.0,11285.0,3.0,1.0,-15.7588,-47.8842,2025-07-27,8
1142822,5988053,SQN215,,Venda,Apartamento,232.0,ASA NORTE,BRASILIA,2600000.0,11206.0,3.0,1.0,-15.7405,-47.8887,2025-09-07,8
1142834,5489103,28277,,Venda,Apartamento,100.0,ASA NORTE,BRASILIA,1599000.0,15990.0,0.0,1.0,-15.7796,-47.8787,2025-07-27,2
1142837,5489106,TH26807,,Venda,Apartamento,41.0,ASA NORTE,BRASILIA,350000.0,8536.0,1.0,0.0,-15.7748,-47.8893,2025-07-27,1
1142844,5489113,896731,,Venda,Apartamento,143.0,ASA NORTE,BRASILIA,1890000.0,13216.0,4.0,1.0,-15.7456,-47.8866,2025-07-27,0
1142858,5489127,AP0055,,Venda,Apartamento,114.0,ASA NORTE,BRASILIA,1650000.0,14473.0,3.0,1.0,-15.7794,-47.8787,2025-07-27,4
1142881,5489150,1146646,,Venda,Apartamento,118.0,ASA NORTE,BRASILIA,1780000.0,15084.0,4.0,1.0,-15.7612,-47.8896,2025-07-27,5
1142899,5489168,1107327,,Venda,Apartamento,175.0,ASA NORTE,BRASILIA,2400000.0,13714.0,0.0,2.0,-15.7407,-47.888,2025-07-27,4
1142901,5489170,10809,,Venda,Apartamento,132.0,ASA NORTE,BRASILIA,1850000.0,14015.0,3.0,1.0,-15.776,-47.886,2025-07-27,4
1142944,5489212,1186380,,Venda,Apartamento,90.0,ASA NORTE,BRASILIA,1250000.0,13888.0,0.0,0.0,-15.7518,-47.8927,2025-07-27,4
1142949,5489217,1182694,,Venda,Apartamento,176.0,ASA NORTE,BRASILIA,2590000.0,14715.0,0.0,2.0,-15.7572,-47.8879,2025-07-27,5
1142975,5489243,1084737,,Venda,Apartamento,105.0,ASA NORTE,BRASILIA,1379000.0,13133.0,0.0,1.0,-15.7384,-47.8962,2025-07-27,0
1142986,5988077,1185415,,Venda,Apartamento,50.0,ASA NORTE,BRASILIA,615000.0,12300.0,0.0,0.0,-15.7555,-47.881,2025-09-07,8
1143022,5489289,1128379,,Venda,Apartamento,90.0,ASA NORTE,BRASILIA,1020000.0,11387.0,3.0,1.0,-15.7392,-47.8967,2025-07-27,8
1143036,5489303,1192462,,Venda,Apartamento,202.0,ASA NORTE,BRASILIA,2180000.0,10792.0,2.0,1.0,-15.7521,-47.8848,2025-07-27,3
1143043,5489309,1045103,,Venda,Apartamento,101.0,ASA NORTE,BRASILIA,1197000.0,11863.0,0.0,1.0,-15.7392,-47.8967,2025-07-27,8
1143088,5489353,678751,,Venda,Apartamento,102.0,ASA NORTE,BRASILIA,820000.0,8039.0,0.0,0.0,-15.7621,-47.894,2025-07-27,6
1143101,5489366,1016602,,Venda,Apartamento,167.0,ASA NORTE,BRASILIA,2799700.0,16764.0,4.0,2.0,-15.7473,-47.8906,2025-07-27,2
1143127,5489392,1177299,,Venda,Apartamento,38.0,ASA NORTE,BRASILIA,395000.0,10533.0,0.0,0.0,-15.7477,-47.9014,2025-07-27,3
1143138,5489403,1115481,,Venda,Apartamento,260.0,ASA NORTE,BRASILIA,4300000.0,16538.0,0.0,3.0,-15.7456,-47.8866,2025-07-27,2
1143150,5489415,PAIV020725001,,Venda,Apartamento,123.0,ASA NORTE,BRASILIA,1410000.0,11463.0,0.0,1.0,-15.7477,-47.8934,2025-07-27,8
1143164,5489429,BE304MS,,Venda,Apartamento,127.0,ASA NORTE,BRASILIA,1499999.0,11811.0,4.0,2.0,-15.7768,-47.8886,2025-07-27,8
1143167,5489432,271,,Venda,Apartamento,57.0,ASA NORTE,BRASILIA,690000.0,12105.0,0.0,0.0,-15.7707,-47.8881,2025-07-27,8
1143222,5489486,10909,,Venda,Apartamento,135.0,ASA NORTE,BRASILIA,1860000.0,13777.0,0.0,1.0,-15.7541,-47.8889,2025-07-27,4
1143227,5489491,945976,,Venda,Apartamento,240.0,ASA NORTE,BRASILIA,2490000.0,10375.0,4.0,2.0,-15.7529,-47.8847,2025-07-27,3
1143322,5489583,10990,,Venda,Apartamento,137.0,ASA NORTE,BRASILIA,1590000.0,11605.0,3.0,1.0,-15.751,-47.8899,2025-07-27,8
1143330,5489590,1188297,,Venda,Apartamento,45.0,ASA NORTE,BRASILIA,630000.0,14000.0,1.0,0.0,-15.7378,-47.8962,2025-07-27,4
1143334,5489594,1167429,,Venda,Apartamento,90.0,ASA NORTE,BRASILIA,1080000.0,12000.0,0.0,1.0,-15.7588,-47.8842,2025-07-27,8
1143347,5988125,707,,Venda,Apartamento,49.0,ASA NORTE,BRASILIA,690000.0,14081.0,0.0,0.0,-15.7683,-47.8923,2025-09-07,4
1143353,5489613,1196463,,Venda,Apartamento,36.0,ASA NORTE,BRASILIA,270000.0,7500.0,1.0,0.0,-15.74,-47.8932,2025-07-27,6
1143403,5489663,880161013-28,,Venda,Apartamento,60.0,ASA NORTE,BRASILIA,739000.0,12265.0,0.0,0.0,-15.7451,-47.8935,2025-07-27,8
1143490,5489748,1193004,,Venda,Apartamento,40.0,ASA NORTE,BRASILIA,480000.0,12000.0,1.0,0.0,-15.7401,-47.8976,2025-07-27,8
1143510,5489768,TA2240,,Venda,Apartamento,79.0,ASA NORTE,BRASILIA,680000.0,8607.0,0.0,0.0,-15.7683,-47.8783,2025-07-27,1
1143548,5489806,1182092,,Venda,Apartamento,260.0,ASA NORTE,BRASILIA,4300000.0,16538.0,0.0,3.0,-15.7456,-47.8866,2025-07-27,2
1143596,5489853,AP0744,,Venda,Apartamento,130.0,ASA NORTE,BRASILIA,1600000.0,12307.0,3.0,2.0,-15.7495,-47.8858,2025-07-27,8
1143600,5489857,10012,,Venda,Apartamento,79.0,ASA NORTE,BRASILIA,825000.0,10443.0,3.0,0.0,-15.7782,-47.8758,2025-07-27,3
1143639,5489896,728352,,Venda,Apartamento,69.0,ASA NORTE,BRASILIA,795000.0,11521.0,2.0,0.0,-15.7382,-47.8899,2025-07-27,8
1143653,5489910,BU755,,Venda,Apartamento,382.0,ASA NORTE,BRASILIA,5400001.0,14136.0,4.0,3.0,-15.758,-47.8906,2025-07-27,4
1143680,5489937,1121860,,Venda,Apartamento,181.0,ASA NORTE,BRASILIA,2040000.0,11270.0,0.0,1.0,-15.7695,-47.8833,2025-07-27,8
1143718,5489975,ANL408,,Venda,Apartamento,100.0,ASA NORTE,BRASILIA,1220000.0,12200.0,0.0,0.0,-15.7614,-47.8786,2025-07-27,8
1143744,5490000,1092783,,Venda,Apartamento,172.0,ASA NORTE,BRASILIA,1850000.0,10755.0,0.0,1.0,-15.7466,-47.8923,2025-07-27,3
1143753,5490009,TH28970,,Venda,Apartamento,104.0,ASA NORTE,BRASILIA,880000.0,8461.0,0.0,0.0,-15.7616,-47.8789,2025-07-27,1
1143811,5490065,1167886,,Venda,Apartamento,208.0,ASA NORTE,BRASILIA,2390000.0,11490.0,0.0,1.0,-15.758,-47.8906,2025-07-27,8
1143853,5490106,TH32445,,Venda,Apartamento,115.0,ASA NORTE,BRASILIA,1390000.0,12086.0,3.0,1.0,-15.7757,-47.8831,2025-07-27,8
1143854,5490107,1096537,,Venda,Apartamento,94.0,ASA NORTE,BRASILIA,1325000.0,14095.0,3.0,1.0,-15.7794,-47.8787,2025-07-27,4
1143865,5490118,BR3CB15962,,Venda,Apartamento,222.0,ASA NORTE,BRASILIA,2590000.0,11666.0,3.0,1.0,-15.7529,-47.8847,2025-07-27,8
1143889,5490142,1096174,,Venda,Apartamento,78.0,ASA NORTE,BRASILIA,944900.0,12114.0,3.0,0.0,-15.7712,-47.8757,2025-07-27,8
1143913,5490166,FJJ0533,,Venda,Apartamento,100.0,ASA NORTE,BRASILIA,980000.0,9800.0,0.0,0.0,-15.7523,-47.8937,2025-07-27,1
1143956,5490210,VILLA123798V01,,Venda,Apartamento,77.0,ASA NORTE,BRASILIA,1150000.0,14935.0,0.0,1.0,-15.7665,-47.8849,2025-07-27,5
1143962,5490216,2491,,Venda,Apartamento,95.0,ASA NORTE,BRASILIA,1195000.0,12578.0,0.0,1.0,-15.7526,-47.8918,2025-07-27,0
1143968,5490222,811721,,Venda,Apartamento,246.0,ASA NORTE,BRASILIA,3000000.0,12195.0,0.0,2.0,-15.7665,-47.8849,2025-07-27,8
1143986,5490240,FIS00402,,Venda,Apartamento,75.0,ASA NORTE,BRASILIA,720000.0,9600.0,2.0,1.0,-15.7391,-47.9013,2025-07-27,1
1144013,5490267,1139359,,Venda,Apartamento,142.0,ASA NORTE,BRASILIA,1750000.0,12323.0,3.0,1.0,-15.7509,-47.8888,2025-07-27,8
1144024,5490278,1200650,,Venda,Apartamento,38.0,ASA NORTE,BRASILIA,350000.0,9210.0,1.0,0.0,-15.743,-47.8983,2025-07-27,1
1144041,5490295,AP0182,,Venda,Apartamento,28.0,ASA NORTE,BRASILIA,170000.0,6071.0,1.0,0.0,-15.7605,-47.8929,2025-07-27,6
1144063,5490316,1010461,,Venda,Apartamento,202.0,ASA NORTE,BRASILIA,2180000.0,10792.0,0.0,2.0,-15.7529,-47.8847,2025-07-27,3
1144082,5490335,1179044,,Venda,Apartamento,100.0,ASA NORTE,BRASILIA,1220000.0,12200.0,0.0,0.0,-15.7614,-47.8786,2025-07-27,8
1144113,5490366,1195594,,Venda,Apartamento,105.0,ASA NORTE,BRASILIA,1500000.0,14285.0,3.0,1.0,-15.7521,-47.8848,2025-07-27,4
1144140,5988232,1016714,,Venda,Apartamento,208.0,ASA NORTE,BRASILIA,3199000.0,15379.0,0.0,1.0,-15.7529,-47.8847,2025-09-07,5
1144175,5490428,10-1,,Venda,Apartamento,80.0,ASA NORTE,BRASILIA,920000.0,11500.0,0.0,0.0,-15.7741,-47.8757,2025-07-27,8
1144195,5490448,rabelosqn3133quartos,,Venda,Apartamento,120.0,ASA NORTE,BRASILIA,1420000.0,11833.0,0.0,1.0,-15.7495,-47.893,2025-07-27,8
1144215,5490468,1034043,,Venda,Apartamento,130.0,ASA NORTE,BRASILIA,1380000.0,10615.0,0.0,1.0,-15.7405,-47.8887,2025-07-27,3
1144221,5490473,CO9618,,Venda,Apartamento,70.0,ASA NORTE,BRASILIA,1170000.0,16714.0,2.0,1.0,-15.737,-47.891,2025-07-27,2
1144242,5490494,1249527,,Venda,Apartamento,121.0,ASA NORTE,BRASILIA,1420000.0,11735.0,0.0,1.0,-15.7765,-47.8896,2025-07-27,8
1144269,5490520,1200680,,Venda,Apartamento,172.0,ASA NORTE,BRASILIA,2420000.0,14069.0,4.0,2.0,-15.758,-47.8906,2025-07-27,4
1144289,5490540,JULIA448,,Venda,Apartamento,45.0,ASA NORTE,BRASILIA,619000.0,13755.0,0.0,0.0,-15.754,-47.8807,2025-07-27,4
1144290,5490541,AP02667,,Venda,Apartamento,32.0,ASA NORTE,BRASILIA,450000.0,13876.0,0.0,0.0,-15.7388,-47.9001,2025-07-27,4
1144350,5490601,1164132y,,Venda,Apartamento,135.0,ASA NORTE,BRASILIA,1690000.0,12546.0,0.0,1.0,-15.7541,-47.8889,2025-07-27,0
1144362,5490613,4848445,,Venda,Apartamento,40.0,ASA NORTE,BRASILIA,399990.0,9999.0,1.0,1.0,-15.7477,-47.9014,2025-07-27,3
1144378,5490629,1100895,,Venda,Apartamento,168.0,ASA NORTE,BRASILIA,2195000.0,13088.0,0.0,1.0,-15.7409,-47.8938,2025-07-27,0
1144455,5490706,1124044,,Venda,Apartamento,132.0,ASA NORTE,BRASILIA,1950000.0,14772.0,3.0,2.0,-15.7763,-47.8872,2025-07-27,5
1144466,5490717,1167449,,Venda,Apartamento,143.0,ASA NORTE,BRASILIA,2120000.0,14825.0,0.0,1.0,-15.7464,-47.8881,2025-07-27,5
1144475,5490726,754235,,Venda,Apartamento,48.0,ASA NORTE,BRASILIA,290000.0,6041.0,0.0,0.0,-15.7518,-47.8973,2025-07-27,6
1144580,5490831,384,,Venda,Apartamento,245.0,ASA NORTE,BRASILIA,3500000.0,14285.0,4.0,2.0,-15.7569,-47.8874,2025-07-27,4
1144665,5490914,1103525,,Venda,Apartamento,78.0,ASA NORTE,BRASILIA,950000.0,12179.0,0.0,0.0,-15.7742,-47.8764,2025-07-27,8
1144695,5490944,AP00096,,Venda,Apartamento,55.0,ASA NORTE,BRASILIA,390000.0,7090.0,3.0,0.0,-15.7612,-47.8927,2025-07-27,6
1144764,5491013,1131572,,Venda,Apartamento,342.0,ASA NORTE,BRASILIA,3500000.0,10233.0,0.0,2.0,-15.7821,-47.8755,2025-07-27,3
1144768,5491017,AP0993,,Venda,Apartamento,95.0,ASA NORTE,BRASILIA,740000.0,7764.0,0.0,0.0,-15.7533,-47.8826,2025-07-27,6
1144787,5491036,724085,,Venda,Apartamento,134.0,ASA NORTE,BRASILIA,1635000.0,12201.0,0.0,1.0,-15.7824,-47.8783,2025-07-27,8
1144789,5491038,1176616,,Venda,Apartamento,55.0,ASA NORTE,BRASILIA,699000.0,12633.0,2.0,0.0,-15.7821,-47.8755,2025-07-27,0
1144828,5491076,FROTA044,,Venda,Apartamento,48.0,ASA NORTE,BRASILIA,600000.0,12500.0,0.0,0.0,-15.7898,-47.8899,2025-07-27,0
1144837,5491085,1045537,,Venda,Apartamento,127.0,ASA NORTE,BRASILIA,1489000.0,11724.0,0.0,2.0,-15.7762,-47.8893,2025-07-27,8
1144864,5491112,AP2404V,,Venda,Apartamento,95.0,ASA NORTE,BRASILIA,1589990.0,16736.0,0.0,1.0,-15.7794,-47.8787,2025-07-27,2
1144876,5491124,CO9583,,Venda,Apartamento,45.0,ASA NORTE,BRASILIA,619000.0,13755.0,2.0,0.0,-15.7555,-47.881,2025-07-27,4
1144877,5491125,AP0066,,Venda,Apartamento,127.0,ASA NORTE,BRASILIA,1500000.0,11811.0,4.0,2.0,-15.7762,-47.8893,2025-07-27,8
1144890,5491138,CO9644,,Venda,Apartamento,51.0,ASA NORTE,BRASILIA,630000.0,12352.0,1.0,0.0,-15.7557,-47.8833,2025-07-27,8
1144893,5491141,1184009,,Venda,Apartamento,172.0,ASA NORTE,BRASILIA,1700000.0,9883.0,3.0,1.0,-15.7466,-47.8923,2025-07-27,1
1144938,5491185,UB1587,,Venda,Apartamento,167.0,ASA NORTE,BRASILIA,2099000.0,12568.0,0.0,1.0,-15.7411,-47.893,2025-07-27,0
1144948,5491195,719887,,Venda,Apartamento,89.0,ASA NORTE,BRASILIA,1070000.0,12022.0,0.0,2.0,-15.7588,-47.8842,2025-07-27,8
1144957,5491204,1096913,,Venda,Apartamento,49.0,ASA NORTE,BRASILIA,590000.0,12040.0,0.0,0.0,-15.769,-47.892,2025-07-27,8
1144960,5491207,UB1586,,Venda,Apartamento,168.0,ASA NORTE,BRASILIA,2600000.0,15476.0,0.0,2.0,-15.7602,-47.886,2025-07-27,5
1145039,5491285,1120209,,Venda,Apartamento,70.0,ASA NORTE,BRASILIA,750000.0,10714.0,0.0,0.0,-15.7649,-47.8793,2025-07-27,3
1145041,5491287,GM5309,,Venda,Apartamento,78.0,ASA NORTE,BRASILIA,899000.0,11525.0,3.0,0.0,-15.7358,-47.8882,2025-07-27,8
1145047,5491293,1148996,,Venda,Apartamento,30.0,ASA NORTE,BRASILIA,385000.0,12833.0,0.0,0.0,-15.7664,-47.8771,2025-07-27,0
1145060,5491306,1140889,,Venda,Apartamento,65.0,ASA NORTE,BRASILIA,850000.0,12987.0,1.0,0.0,-15.7898,-47.8899,2025-07-27,0
1145094,5491339,720619,,Venda,Apartamento,63.0,ASA NORTE,BRASILIA,850000.0,13492.0,2.0,0.0,-15.737,-47.891,2025-07-27,4
1145103,5491348,1233326,,Venda,Apartamento,41.0,ASA NORTE,BRASILIA,650000.0,15853.0,2.0,0.0,-15.7393,-47.8861,2025-07-27,2
1145131,5491376,RB1652,,Venda,Apartamento,127.0,ASA NORTE,BRASILIA,1500000.0,11811.0,4.0,2.0,-15.7751,-47.8909,2025-07-27,8
1145171,5491415,2576,,Venda,Apartamento,96.0,ASA NORTE,BRASILIA,1460000.0,15208.0,3.0,1.0,-15.755,-47.892,2025-07-27,5
1145209,5491453,70747100,,Venda,Apartamento,122.0,ASA NORTE,BRASILIA,1300000.0,10613.0,0.0,1.0,-15.7638,-47.89,2025-07-27,3
1145327,5988408,1099098,,Venda,Apartamento,158.0,ASA NORTE,BRASILIA,2050000.0,12974.0,0.0,2.0,-15.7495,-47.8858,2025-09-07,0
1145485,5491727,10992,,Venda,Apartamento,94.0,ASA NORTE,BRASILIA,1420000.0,15106.0,0.0,1.0,-15.7794,-47.8787,2025-07-27,5
1145507,5491749,1017222,,Venda,Apartamento,238.0,ASA NORTE,BRASILIA,3150000.0,13244.0,0.0,2.0,-15.7569,-47.8874,2025-07-27,0
1145523,5491765,9481,,Venda,Apartamento,40.0,ASA NORTE,BRASILIA,610000.0,15250.0,0.0,0.0,-15.7886,-47.8893,2025-07-27,5
1145557,5491799,1133324,,Venda,Apartamento,108.0,ASA NORTE,BRASILIA,1200000.0,11111.0,0.0,0.0,-15.7533,-47.8966,2025-07-27,3
1145560,5491802,1109563,,Venda,Apartamento,168.0,ASA NORTE,BRASILIA,2195000.0,13088.0,0.0,1.0,-15.7409,-47.8938,2025-07-27,0
1145562,5491804,1172206,,Venda,Apartamento,85.0,ASA NORTE,BRASILIA,1150000.0,13598.0,0.0,1.0,-15.758,-47.8906,2025-07-27,4
1145595,5491837,1053238,,Venda,Apartamento,66.0,ASA NORTE,BRASILIA,850000.0,12878.0,2.0,1.0,-15.7792,-47.8893,2025-07-27,0
1145603,5988454,883637,,Venda,Apartamento,87.0,ASA NORTE,BRASILIA,1070000.0,12298.0,2.0,0.0,-15.7454,-47.8919,2025-09-07,8
1145678,5491920,957056,,Venda,Apartamento,55.0,ASA NORTE,BRASILIA,720000.0,13090.0,0.0,0.0,-15.7403,-47.9001,2025-07-27,0
1145707,5491949,AC3410,,Venda,Apartamento,65.0,ASA NORTE,BRASILIA,789000.0,12138.0,2.0,0.0,-15.7456,-47.8946,2025-07-27,8
1145713,5491955,TH28385,,Venda,Apartamento,95.0,ASA NORTE,BRASILIA,1100000.0,11578.0,3.0,0.0,-15.7519,-47.8821,2025-07-27,8
1145722,5491963,1183938,,Venda,Apartamento,260.0,ASA NORTE,BRASILIA,4100000.0,15769.0,0.0,3.0,-15.7456,-47.8866,2025-07-27,2
1145739,5491980,10094,,Venda,Apartamento,126.0,ASA NORTE,BRASILIA,1290000.0,10238.0,0.0,1.0,-15.7789,-47.8828,2025-07-27,3
1145784,5492024,IMB191,,Venda,Apartamento,124.0,ASA NORTE,BRASILIA,1480000.0,11961.0,0.0,1.0,-15.758,-47.8906,2025-07-27,8
1145785,5492025,1199913,,Venda,Apartamento,125.0,ASA NORTE,BRASILIA,1600000.0,12800.0,0.0,0.0,-15.7732,-47.8826,2025-07-27,0
1145803,5492043,RB1579,,Venda,Apartamento,279.0,ASA NORTE,BRASILIA,3099000.0,11107.0,5.0,1.0,-15.7533,-47.8841,2025-07-27,3
1145915,5492153,1199916,,Venda,Apartamento,134.0,ASA NORTE,BRASILIA,1590000.0,11865.0,0.0,1.0,-15.776,-47.886,2025-07-27,8
1145929,5492167,SQN404original,,Venda,Apartamento,79.0,ASA NORTE,BRASILIA,740000.0,9396.0,0.0,0.0,-15.7741,-47.8757,2025-07-27,1
1145934,5492172,1172162,,Venda,Apartamento,82.0,ASA NORTE,BRASILIA,1130000.0,13865.0,2.0,0.0,-15.7454,-47.8919,2025-07-27,4
1145976,5492213,UB1614,,Venda,Apartamento,108.0,ASA NORTE,BRASILIA,1500000.0,13844.0,0.0,1.0,-15.7596,-47.8828,2025-07-27,4
1146026,5492263,721V-DFI,,Venda,Apartamento,124.0,ASA NORTE,BRASILIA,1550000.0,12549.0,0.0,1.0,-15.7558,-47.8926,2025-07-27,0
1146052,5492289,70775110,,Venda,Apartamento,89.0,ASA NORTE,BRASILIA,1169000.0,13134.0,0.0,0.0,-15.7401,-47.8976,2025-07-27,0
1146057,5988528,IMB1096,,Venda,Apartamento,160.0,ASA NORTE,BRASILIA,1880000.0,11753.0,0.0,1.0,-15.7829,-47.8779,2025-09-07,8
1146068,5492305,fl001,,Venda,Apartamento,28.0,ASA NORTE,BRASILIA,375000.0,13392.0,0.0,0.0,-15.7909,-47.8853,2025-07-27,0
1146080,5492317,VILLA151337V01,,Venda,Apartamento,94.0,ASA NORTE,BRASILIA,1600000.0,17021.0,3.0,1.0,-15.7796,-47.8787,2025-07-27,2
1146088,5492325,FKS2201,,Venda,Apartamento,95.0,ASA NORTE,BRASILIA,819000.0,8621.0,0.0,0.0,-15.7581,-47.8801,2025-07-27,1
1146114,5492350,VDM4VAZ,,Venda,Apartamento,181.0,ASA NORTE,BRASILIA,2220000.0,12265.0,0.0,2.0,-15.7612,-47.8896,2025-07-27,8
1146157,5988540,CCAR13,,Venda,Apartamento,137.0,ASA NORTE,BRASILIA,1796000.0,13109.0,0.0,1.0,-15.751,-47.8899,2025-09-07,0
1146190,5492425,01664V-DFI,,Venda,Apartamento,137.0,ASA NORTE,BRASILIA,1570000.0,11459.0,0.0,1.0,-15.7509,-47.8888,2025-07-27,8
1146193,5492428,1185610,,Venda,Apartamento,221.0,ASA NORTE,BRASILIA,3900000.0,17647.0,0.0,2.0,-15.7456,-47.8866,2025-07-27,7
1146212,5492447,P2921,,Venda,Apartamento,181.0,ASA NORTE,BRASILIA,1950000.0,10773.0,0.0,1.0,-15.7698,-47.8838,2025-07-27,3
1146247,5492481,BE430DM,,Venda,Apartamento,45.0,ASA NORTE,BRASILIA,619000.0,13755.0,0.0,0.0,-15.754,-47.8807,2025-07-27,4
1146314,5492547,13-1,,Venda,Apartamento,80.0,ASA NORTE,BRASILIA,690000.0,8625.0,0.0,0.0,-15.7741,-47.8757,2025-07-27,1
1146315,5492548,SQN312,,Venda,Apartamento,95.0,ASA NORTE,BRASILIA,1200000.0,12631.0,0.0,1.0,-15.7518,-47.8927,2025-07-27,0
1146328,5492561,AP00119,,Venda,Apartamento,134.0,ASA NORTE,BRASILIA,1580000.0,11791.0,3.0,1.0,-15.776,-47.886,2025-07-27,8
1146340,5492573,TH31790,,Venda,Apartamento,127.0,ASA NORTE,BRASILIA,1450000.0,11417.0,3.0,1.0,-15.7405,-47.8887,2025-07-27,8
1146347,5492580,FKS1607,,Venda,Apartamento,140.0,ASA NORTE,BRASILIA,1700000.0,12168.0,0.0,1.0,-15.7588,-47.8842,2025-07-27,8
1146377,5492610,1127883,,Venda,Apartamento,29.0,ASA NORTE,BRASILIA,389000.0,13413.0,0.0,0.0,-15.7575,-47.8837,2025-07-27,0
1146406,5492638,6440,,Venda,Apartamento,129.0,ASA NORTE,BRASILIA,1380000.0,10697.0,0.0,1.0,-15.7405,-47.8887,2025-07-27,3
1146578,5492808,1188637,,Venda,Apartamento,90.0,ASA NORTE,BRASILIA,1300000.0,14444.0,0.0,2.0,-15.7898,-47.8899,2025-07-27,4
1146651,5492878,1123484,,Venda,Apartamento,137.0,ASA NORTE,BRASILIA,1780000.0,12992.0,0.0,1.0,-15.751,-47.8899,2025-07-27,0
1146656,5492883,UB1543,,Venda,Apartamento,110.0,ASA NORTE,BRASILIA,1470000.0,13363.0,0.0,2.0,-15.7551,-47.8927,2025-07-27,0
1146727,5492954,AP02952,,Venda,Apartamento,168.0,ASA NORTE,BRASILIA,2440000.0,14523.0,0.0,2.0,-15.762,-47.8909,2025-07-27,4
1146758,5492984,1151133,,Venda,Apartamento,116.0,ASA NORTE,BRASILIA,1150000.0,9913.0,3.0,0.0,-15.7601,-47.8943,2025-07-27,1
1146762,5492988,1110136,,Venda,Apartamento,34.0,ASA NORTE,BRASILIA,540000.0,15882.0,0.0,0.0,-15.7909,-47.8853,2025-07-27,2
1146809,5988659,11116,,Venda,Apartamento,84.0,ASA NORTE,BRASILIA,1180000.0,14047.0,0.0,1.0,-15.7431,-47.8879,2025-09-07,4
1146849,5493073,1121327,,Venda,Apartamento,122.0,ASA NORTE,BRASILIA,1840000.0,15081.0,0.0,1.0,-15.7681,-47.8875,2025-07-27,5
1146853,5493077,CO9643,,Venda,Apartamento,125.0,ASA NORTE,BRASILIA,1449000.0,11592.0,3.0,0.0,-15.7726,-47.8836,2025-07-27,8
1146894,5493118,1147263,,Venda,Apartamento,45.0,ASA NORTE,BRASILIA,320000.0,7187.0,2.0,0.0,-15.7426,-47.8986,2025-07-27,6
1146932,5493156,866671,,Venda,Apartamento,113.0,ASA NORTE,BRASILIA,1399000.0,12380.0,3.0,1.0,-15.7757,-47.8831,2025-07-27,0
1146937,5493161,1098913,,Venda,Apartamento,45.0,ASA NORTE,BRASILIA,568000.0,12622.0,0.0,0.0,-15.7364,-47.8898,2025-07-27,0
1147013,5493236,1141287,,Venda,Apartamento,79.0,ASA NORTE,BRASILIA,820000.0,10412.0,0.0,0.0,-15.7792,-47.8767,2025-07-27,3
1147039,5493262,1092312,,Venda,Apartamento,110.0,ASA NORTE,BRASILIA,1690000.0,15363.0,0.0,2.0,-15.7606,-47.8867,2025-07-27,5
1147046,5493269,1176689,,Venda,Apartamento,105.0,ASA NORTE,BRASILIA,970000.0,9238.0,0.0,0.0,-15.765,-47.877,2025-07-27,1
1147055,5493278,1191878,,Venda,Apartamento,40.0,ASA NORTE,BRASILIA,280000.0,7000.0,0.0,0.0,-15.7749,-47.889,2025-07-27,6
1147125,5493347,000755V-DFI,,Venda,Apartamento,37.0,ASA NORTE,BRASILIA,300000.0,8012.0,0.0,0.0,-15.7595,-47.8933,2025-07-27,6
1147192,5493414,1190710,,Venda,Apartamento,139.0,ASA NORTE,BRASILIA,1490000.0,10691.0,0.0,1.0,-15.7597,-47.8836,2025-07-27,3
1147207,5493429,1187600,,Venda,Apartamento,50.0,ASA NORTE,BRASILIA,620000.0,12400.0,0.0,1.0,-15.737,-47.891,2025-07-27,0
1147287,5493509,936573,,Venda,Apartamento,112.0,ASA NORTE,BRASILIA,1600000.0,14285.0,0.0,1.0,-15.7757,-47.8831,2025-07-27,4
1147294,5493515,RBMASTERPLAY,,Venda,Apartamento,26.0,ASA NORTE,BRASILIA,299000.0,11500.0,0.0,1.0,-15.7543,-47.9006,2025-07-27,8
1147300,5493521,1043087,,Venda,Apartamento,60.0,ASA NORTE,BRASILIA,689000.0,11483.0,2.0,0.0,-15.7819,-47.8752,2025-07-27,8
1147358,5493579,AP00369,,Venda,Apartamento,83.0,ASA NORTE,BRASILIA,1200000.0,14482.0,0.0,1.0,-15.7793,-47.8867,2025-07-27,4
1147378,5493599,TH33008,,Venda,Apartamento,102.0,ASA NORTE,BRASILIA,1690000.0,16568.0,3.0,2.0,-15.7731,-47.8864,2025-07-27,2
1147419,5493640,FIS00283,,Venda,Apartamento,125.0,ASA NORTE,BRASILIA,1290000.0,10320.0,3.0,1.0,-15.7789,-47.8828,2025-07-27,3
1147429,5493650,AP0035V,,Venda,Apartamento,45.0,ASA NORTE,BRASILIA,328500.0,7300.0,0.0,0.0,-15.7472,-47.8967,2025-07-27,6
1147504,5493725,ap1043,,Venda,Apartamento,95.0,ASA NORTE,BRASILIA,1190000.0,12526.0,0.0,1.0,-15.7526,-47.8918,2025-07-27,0
1147541,5493763,SQN714,,Venda,Apartamento,123.0,ASA NORTE,BRASILIA,1660000.0,13495.0,3.0,0.0,-15.7452,-47.8988,2025-07-27,4
1147574,5493796,1187063,,Venda,Apartamento,85.0,ASA NORTE,BRASILIA,1250000.0,14705.0,2.0,1.0,-15.7613,-47.8829,2025-07-27,5
1147634,5988808,1187648,,Venda,Apartamento,45.0,ASA NORTE,BRASILIA,619000.0,13755.0,0.0,0.0,-15.7362,-47.8961,2025-09-07,4
1147652,5493880,1191168,,Venda,Apartamento,376.0,ASA NORTE,BRASILIA,3572000.0,9500.0,0.0,4.0,-15.7456,-47.8946,2025-07-27,1
1147682,5493910,1199960,,Venda,Apartamento,168.0,ASA NORTE,BRASILIA,1850000.0,11011.0,0.0,1.0,-15.7603,-47.8896,2025-07-27,3
1147743,5493968,CO9468,,Venda,Apartamento,50.0,ASA NORTE,BRASILIA,680000.0,13600.0,1.0,0.0,-15.7555,-47.8842,2025-07-27,4
1147764,5493989,1114317,,Venda,Apartamento,125.0,ASA NORTE,BRASILIA,1530000.0,12240.0,0.0,1.0,-15.7667,-47.888,2025-07-27,8
1147767,5493992,1199235,,Venda,Apartamento,118.0,ASA NORTE,BRASILIA,1597000.0,13552.0,0.0,2.0,-15.7431,-47.8879,2025-07-27,4
1147813,5494037,501464,,Venda,Apartamento,110.0,ASA NORTE,BRASILIA,1470000.0,13363.0,0.0,2.0,-15.7551,-47.8927,2025-07-27,0
1147823,5494047,1128372,,Venda,Apartamento,137.0,ASA NORTE,BRASILIA,1590000.0,11605.0,3.0,1.0,-15.751,-47.8899,2025-07-27,8
1147830,5494054,PD3396,,Venda,Apartamento,125.0,ASA NORTE,BRASILIA,1700000.0,13600.0,3.0,1.0,-15.7412,-47.8896,2025-07-27,4
1147862,5988849,1167402,,Venda,Apartamento,80.0,ASA NORTE,BRASILIA,775000.0,9687.0,0.0,0.0,-15.7782,-47.8758,2025-09-07,1
1147879,5494103,1198505,,Venda,Apartamento,64.0,ASA NORTE,BRASILIA,750000.0,11718.0,0.0,0.0,-15.7567,-47.8797,2025-07-27,8
1147893,5494117,1195052,,Venda,Apartamento,109.0,ASA NORTE,BRASILIA,1680000.0,15376.0,0.0,1.0,-15.7608,-47.8885,2025-07-27,5
1147909,5494133,1073201,,Venda,Apartamento,107.0,ASA NORTE,BRASILIA,1200000.0,11214.0,0.0,0.0,-15.7616,-47.8945,2025-07-27,8
1147951,5494174,VDSB2N,,Venda,Apartamento,40.0,ASA NORTE,BRASILIA,390000.0,9750.0,0.0,1.0,-15.7477,-47.9014,2025-07-27,1
1148056,5494280,1188579,,Venda,Apartamento,34.0,ASA NORTE,BRASILIA,400000.0,11661.0,1.0,1.0,-15.7477,-47.9014,2025-07-27,8
1148058,5494282,1022895,,Venda,Apartamento,181.0,ASA NORTE,BRASILIA,1950000.0,10766.0,0.0,1.0,-15.7695,-47.8833,2025-07-27,3
1148084,5494308,1080767,,Venda,Apartamento,33.0,ASA NORTE,BRASILIA,410000.0,12424.0,1.0,0.0,-15.7389,-47.9007,2025-07-27,0
1148136,5988892,1223992,,Venda,Apartamento,27.0,ASA NORTE,BRASILIA,279000.0,10333.0,0.0,1.0,-15.7543,-47.9006,2025-09-07,3
1148149,5494372,BE205MV,,Venda,Apartamento,300.0,ASA NORTE,BRASILIA,3199000.0,10663.0,0.0,1.0,-15.7533,-47.8841,2025-07-27,3
1148181,5494404,1143048,,Venda,Apartamento,93.0,ASA NORTE,BRASILIA,920000.0,9892.0,0.0,0.0,-15.7545,-47.8808,2025-07-27,1
1148193,5494415,1035378,,Venda,Apartamento,185.0,ASA NORTE,BRASILIA,1350000.0,7297.0,2.0,1.0,-15.7736,-47.8901,2025-07-27,6
1148194,5494416,AP1948,,Venda,Apartamento,122.0,ASA NORTE,BRASILIA,1800000.0,14696.0,0.0,1.0,-15.768,-47.8882,2025-07-27,5
1148264,5494485,1169314,,Venda,Apartamento,159.0,ASA NORTE,BRASILIA,2410000.0,15157.0,0.0,2.0,-15.7456,-47.8946,2025-07-27,5
1148266,5494487,1085032,,Venda,Apartamento,37.0,ASA NORTE,BRASILIA,350000.0,9459.0,0.0,0.0,-15.7393,-47.8992,2025-07-27,1
1148273,5988912,1054382,,Venda,Apartamento,58.0,ASA NORTE,BRASILIA,560000.0,9655.0,0.0,0.0,-15.7696,-47.892,2025-09-07,1
1148292,5494513,1188480,,Venda,Apartamento,39.0,ASA NORTE,BRASILIA,320000.0,8205.0,0.0,0.0,-15.7516,-47.8965,2025-07-27,6
1148371,5494592,944436,,Venda,Apartamento,151.0,ASA NORTE,BRASILIA,2100000.0,13907.0,0.0,1.0,-15.7554,-47.8909,2025-07-27,4
1148372,5494593,1054704,,Venda,Apartamento,137.0,ASA NORTE,BRASILIA,1697000.0,12386.0,0.0,1.0,-15.7518,-47.8891,2025-07-27,0
1148377,5494598,VDC5N,,Venda,Apartamento,120.0,ASA NORTE,BRASILIA,1400000.0,11666.0,0.0,1.0,-15.7405,-47.8887,2025-07-27,8
1148422,5494641,1190655,,Venda,Apartamento,124.0,ASA NORTE,BRASILIA,1600000.0,12903.0,3.0,1.0,-15.7624,-47.8855,2025-07-27,0
1148493,5494712,874106,,Venda,Apartamento,129.0,ASA NORTE,BRASILIA,2280000.0,17674.0,3.0,2.0,-15.7449,-47.8923,2025-07-27,7
1148527,5494745,1186430,,Venda,Apartamento,67.0,ASA NORTE,BRASILIA,1200000.0,17910.0,0.0,2.0,-15.7518,-47.8927,2025-07-27,7
1148551,5494768,1169894,,Venda,Apartamento,135.0,ASA NORTE,BRASILIA,1860000.0,13777.0,0.0,1.0,-15.7538,-47.8881,2025-07-27,4
1148558,5494775,1157162,,Venda,Apartamento,139.0,ASA NORTE,BRASILIA,1580000.0,11337.0,0.0,1.0,-15.7597,-47.8836,2025-07-27,8
1148566,5494783,AP0009,,Venda,Apartamento,100.0,ASA NORTE,BRASILIA,980000.0,9800.0,0.0,1.0,-15.7456,-47.8946,2025-07-27,1
1148588,5494805,934917,,Venda,Apartamento,181.0,ASA NORTE,BRASILIA,1950000.0,10773.0,0.0,1.0,-15.7695,-47.8833,2025-07-27,3
1148621,5494838,1200141,,Venda,Apartamento,74.0,ASA NORTE,BRASILIA,1100000.0,14866.0,0.0,1.0,-15.762,-47.8909,2025-07-27,5
1148629,5494846,coberturaSIL,,Venda,Apartamento,175.0,ASA NORTE,BRASILIA,2850000.0,16285.0,0.0,3.0,-15.7572,-47.8879,2025-07-27,2
1148658,5988987,AP0139,,Venda,Apartamento,95.0,ASA NORTE,BRASILIA,1450000.0,15263.0,0.0,1.0,-15.7557,-47.8833,2025-09-07,5
1148753,5494969,TH33095,,Venda,Apartamento,78.0,ASA NORTE,BRASILIA,905000.0,11602.0,3.0,0.0,-15.7741,-47.8757,2025-07-27,8
1148782,5494998,AP00032,,Venda,Apartamento,45.0,ASA NORTE,BRASILIA,630000.0,14000.0,0.0,0.0,-15.7364,-47.8898,2025-07-27,4
1148787,5495003,1193254,,Venda,Apartamento,45.0,ASA NORTE,BRASILIA,558000.0,12400.0,0.0,1.0,-15.7477,-47.9014,2025-07-27,0
1148793,5495009,1195175,,Venda,Apartamento,68.0,ASA NORTE,BRASILIA,770000.0,11323.0,0.0,0.0,-15.7514,-47.8828,2025-07-27,8
1148794,5495010,CO9556,,Venda,Apartamento,39.0,ASA NORTE,BRASILIA,415000.0,10641.0,0.0,0.0,-15.7748,-47.8893,2025-07-27,3
1148825,5495040,1138810,,Venda,Apartamento,96.0,ASA NORTE,BRASILIA,880000.0,9214.0,0.0,0.0,-15.7518,-47.8927,2025-07-27,1
1148835,5989016,1207742,,Venda,Apartamento,130.0,ASA NORTE,BRASILIA,1800000.0,13846.0,3.0,1.0,-15.7456,-47.8946,2025-09-07,4
1148872,5495087,10407,,Venda,Apartamento,110.0,ASA NORTE,BRASILIA,1470000.0,13363.0,0.0,2.0,-15.7549,-47.8916,2025-07-27,0
1149022,5495236,936583,,Venda,Apartamento,112.0,ASA NORTE,BRASILIA,1600000.0,14285.0,0.0,1.0,-15.7757,-47.8831,2025-07-27,4
1149078,5495291,1043226,,Venda,Apartamento,30.0,ASA NORTE,BRASILIA,330000.0,11000.0,0.0,1.0,-15.7662,-47.8751,2025-07-27,3
1149113,5495326,AP0457,,Venda,Apartamento,49.0,ASA NORTE,BRASILIA,590000.0,12040.0,0.0,0.0,-15.7682,-47.8919,2025-07-27,8
1149164,5495377,1196848,,Venda,Apartamento,260.0,ASA NORTE,BRASILIA,4300000.0,16538.0,4.0,3.0,-15.7456,-47.8866,2025-07-27,2
1149177,5495390,VILLA151840V01,,Venda,Apartamento,86.0,ASA NORTE,BRASILIA,1400000.0,16279.0,0.0,1.0,-15.7401,-47.897,2025-07-27,2
1149198,5495411,1164294,,Venda,Apartamento,103.0,ASA NORTE,BRASILIA,1690000.0,16407.0,0.0,2.0,-15.7727,-47.8877,2025-07-27,2
1149212,5495425,15962,,Venda,Apartamento,223.0,ASA NORTE,BRASILIA,2590000.0,11618.0,0.0,1.0,-15.7525,-47.8862,2025-07-27,8
1149259,5495472,CO0015V,,Venda,Apartamento,197.0,ASA NORTE,BRASILIA,1990000.0,10101.0,2.0,2.0,-15.7529,-47.8847,2025-07-27,3
1149297,5989091,1218339,,Venda,Apartamento,163.0,ASA NORTE,BRASILIA,1900000.0,11656.0,0.0,1.0,-15.7502,-47.8859,2025-09-07,8
1149321,5495533,VILLA151849V01,,Venda,Apartamento,74.0,ASA NORTE,BRASILIA,1100000.0,14864.0,0.0,1.0,-15.7554,-47.8909,2025-07-27,5
1149328,5495540,1190017,,Venda,Apartamento,79.0,ASA NORTE,BRASILIA,740000.0,9367.0,0.0,0.0,-15.7682,-47.8772,2025-07-27,1
1149382,5495594,UB1498,,Venda,Apartamento,132.0,ASA NORTE,BRASILIA,1850000.0,14015.0,3.0,1.0,-15.7763,-47.8872,2025-07-27,4
1149411,5989115,1199645,,Venda,Apartamento,41.0,ASA NORTE,BRASILIA,570000.0,13828.0,1.0,0.0,-15.7644,-47.8782,2025-09-07,4
1149560,5495773,MA808,,Venda,Apartamento,123.0,ASA NORTE,BRASILIA,1660000.0,13527.0,3.0,0.0,-15.746,-47.8981,2025-07-27,4
1149563,5495776,1155034,,Venda,Apartamento,127.0,ASA NORTE,BRASILIA,1700000.0,13385.0,3.0,1.0,-15.7377,-47.8934,2025-07-27,0
1149623,5495836,FIS00303,,Venda,Apartamento,126.0,ASA NORTE,BRASILIA,1290000.0,10238.0,3.0,1.0,-15.7789,-47.8828,2025-07-27,3
1149728,5495940,CO8939,,Venda,Apartamento,35.0,ASA NORTE,BRASILIA,290000.0,8285.0,1.0,0.0,-15.7518,-47.8973,2025-07-27,6
1149753,5495965,1195827,,Venda,Apartamento,38.0,ASA NORTE,BRASILIA,340000.0,8947.0,0.0,0.0,-15.7389,-47.9007,2025-07-27,1
1149768,5495979,1085711,,Venda,Apartamento,132.0,ASA NORTE,BRASILIA,1850000.0,14015.0,0.0,1.0,-15.776,-47.886,2025-07-27,4
1149808,5496018,RB1713,,Venda,Apartamento,28.0,ASA NORTE,BRASILIA,375000.0,13392.0,0.0,0.0,-15.7909,-47.8853,2025-07-27,0
1149897,5496105,687123,,Venda,Apartamento,102.0,ASA NORTE,BRASILIA,850000.0,8292.0,0.0,0.0,-15.7497,-47.8979,2025-07-27,6
1149909,5496117,CO9123,,Venda,Apartamento,181.0,ASA NORTE,BRASILIA,1890000.0,10435.0,4.0,1.0,-15.7698,-47.8838,2025-07-27,3
1149911,5496119,1179591,,Venda,Apartamento,169.0,ASA NORTE,BRASILIA,2590000.0,15367.0,4.0,2.0,-15.7541,-47.8889,2025-07-27,5
1149918,5496126,1098532,,Venda,Apartamento,78.0,ASA NORTE,BRASILIA,780000.0,10000.0,0.0,0.0,-15.7743,-47.8773,2025-07-27,3
1149932,5496140,1164151,,Venda,Apartamento,141.0,ASA NORTE,BRASILIA,1500000.0,10665.0,0.0,0.0,-15.7509,-47.8888,2025-07-27,3
1149973,5496181,1200639,,Venda,Apartamento,80.0,ASA NORTE,BRASILIA,770000.0,9625.0,0.0,0.0,-15.7782,-47.8758,2025-07-27,1
1150024,5496232,1236432,,Venda,Apartamento,90.0,ASA NORTE,BRASILIA,1200000.0,13333.0,2.0,0.0,-15.7526,-47.8918,2025-07-27,0
1150036,5496244,1055938,,Venda,Apartamento,98.0,ASA NORTE,BRASILIA,1350000.0,13775.0,0.0,1.0,-15.7547,-47.8894,2025-07-27,4
1150038,5496246,1163854,,Venda,Apartamento,105.0,ASA NORTE,BRASILIA,1590000.0,15142.0,2.0,1.0,-15.7529,-47.8847,2025-07-27,5
1150046,5496254,SP951,,Venda,Apartamento,86.0,ASA NORTE,BRASILIA,790000.0,9138.0,3.0,0.0,-15.7768,-47.8886,2025-07-27,1
1150078,5496286,1194956,,Venda,Apartamento,168.0,ASA NORTE,BRASILIA,2099000.0,12518.0,0.0,1.0,-15.7417,-47.8928,2025-07-27,0
1150079,5496287,P2609,,Venda,Apartamento,247.0,ASA NORTE,BRASILIA,3000000.0,12154.0,4.0,2.0,-15.7665,-47.8849,2025-07-27,8
1150084,5496292,1195976,,Venda,Apartamento,137.0,ASA NORTE,BRASILIA,1600000.0,11678.0,3.0,1.0,-15.751,-47.8899,2025-07-27,8
1150155,5496363,AP0897,,Venda,Apartamento,210.0,ASA NORTE,BRASILIA,2750000.0,13095.0,0.0,0.0,-15.7529,-47.8847,2025-07-27,0
1150178,5496386,CO9310,,Venda,Apartamento,160.0,ASA NORTE,BRASILIA,2090000.0,13062.0,4.0,2.0,-15.7456,-47.8946,2025-07-27,0
1150195,5496403,1000179,,Venda,Apartamento,76.0,ASA NORTE,BRASILIA,799000.0,10513.0,0.0,0.0,-15.7386,-47.8855,2025-07-27,3
1150205,5496412,1074745,,Venda,Apartamento,110.0,ASA NORTE,BRASILIA,1590000.0,14454.0,0.0,0.0,-15.7558,-47.8926,2025-07-27,4
1150208,5496415,1066685,,Venda,Apartamento,122.0,ASA NORTE,BRASILIA,1660000.0,13606.0,0.0,0.0,-15.7469,-47.8979,2025-07-27,4
1150285,5989264,CB039,,Venda,Apartamento,175.0,ASA NORTE,BRASILIA,2780000.0,15885.0,0.0,3.0,-15.7572,-47.8879,2025-09-07,2
1150347,5496552,1157992,,Venda,Apartamento,100.0,ASA NORTE,BRASILIA,1850000.0,18500.0,3.0,2.0,-15.7603,-47.8868,2025-07-27,7
1150396,5496600,SQN211J,,Venda,Apartamento,98.0,ASA NORTE,BRASILIA,1390000.0,14183.0,0.0,1.0,-15.7535,-47.8857,2025-07-27,4
1150429,5496633,P2880,,Venda,Apartamento,280.0,ASA NORTE,BRASILIA,3199000.0,11425.0,0.0,1.0,-15.7533,-47.8841,2025-07-27,8
1150451,5496655,TH31837,,Venda,Apartamento,110.0,ASA NORTE,BRASILIA,1599000.0,14536.0,3.0,1.0,-15.7794,-47.8787,2025-07-27,4
1150488,5496693,1064786,,Venda,Apartamento,110.0,ASA NORTE,BRASILIA,1590000.0,14454.0,0.0,2.0,-15.7558,-47.8926,2025-07-27,4
1150536,5496740,1188591,,Venda,Apartamento,125.0,ASA NORTE,BRASILIA,1600000.0,12800.0,4.0,1.0,-15.758,-47.8906,2025-07-27,0
1150557,5496760,216NC,,Venda,Apartamento,60.0,ASA NORTE,BRASILIA,730000.0,12116.0,0.0,0.0,-15.7382,-47.8899,2025-07-27,8
1150573,5496776,1199614,,Venda,Apartamento,172.0,ASA NORTE,BRASILIA,2420000.0,14069.0,0.0,2.0,-15.758,-47.8906,2025-07-27,4
1150581,5496784,AP1612,,Venda,Apartamento,110.0,ASA NORTE,BRASILIA,1550000.0,14090.0,3.0,2.0,-15.7551,-47.8927,2025-07-27,4
1150682,5496883,BE447JP,,Venda,Apartamento,90.0,ASA NORTE,BRASILIA,780000.0,8666.0,0.0,0.0,-15.7774,-47.8768,2025-07-27,1
1150718,5496919,s65428,,Venda,Apartamento,33.0,ASA NORTE,BRASILIA,480000.0,14723.0,1.0,1.0,-15.7909,-47.8853,2025-07-27,5
1150764,5496965,1186492,,Venda,Apartamento,125.0,ASA NORTE,BRASILIA,1200000.0,9600.0,0.0,1.0,-15.7755,-47.8832,2025-07-27,1
1150804,5989357,1084653,,Venda,Apartamento,113.0,ASA NORTE,BRASILIA,1350000.0,11943.0,0.0,1.0,-15.7726,-47.8836,2025-09-07,8
1150832,5497032,1117698,,Venda,Apartamento,73.0,ASA NORTE,BRASILIA,900000.0,12328.0,0.0,1.0,-15.7377,-47.8901,2025-07-27,8
1150833,5989363,1107723,,Venda,Apartamento,85.0,ASA NORTE,BRASILIA,860000.0,10117.0,0.0,0.0,-15.7555,-47.881,2025-09-07,3
1150843,5497043,1196340,,Venda,Apartamento,63.0,ASA NORTE,BRASILIA,850000.0,13423.0,2.0,1.0,-15.7392,-47.8967,2025-07-27,0
1150856,5497056,1195174,,Venda,Apartamento,44.0,ASA NORTE,BRASILIA,365000.0,8295.0,0.0,0.0,-15.7751,-47.8897,2025-07-27,6
1150871,5989371,1195976,,Venda,Apartamento,137.0,ASA NORTE,BRASILIA,1570000.0,11459.0,3.0,1.0,-15.751,-47.8899,2025-09-07,8
1150956,5497153,AP1009,,Venda,Apartamento,123.0,ASA NORTE,BRASILIA,1660000.0,13527.0,0.0,0.0,-15.7452,-47.8988,2025-07-27,4
1150978,5497175,FIS00405,,Venda,Apartamento,90.0,ASA NORTE,BRASILIA,1200000.0,13333.0,0.0,1.0,-15.7512,-47.8919,2025-07-27,0
1150992,5497189,1255020,,Venda,Apartamento,260.0,ASA NORTE,BRASILIA,4100000.0,15769.0,0.0,3.0,-15.7456,-47.8866,2025-07-27,2
1150996,5497193,602164,,Venda,Apartamento,48.0,ASA NORTE,BRASILIA,500000.0,10416.0,0.0,0.0,-15.7909,-47.8853,2025-07-27,3
1151013,5497210,1114198,,Venda,Apartamento,28.0,ASA NORTE,BRASILIA,365000.0,13035.0,0.0,0.0,-15.7453,-47.8871,2025-07-27,0
1151046,5497243,1196523,,Venda,Apartamento,79.0,ASA NORTE,BRASILIA,1200000.0,15189.0,2.0,1.0,-15.7797,-47.8858,2025-07-27,5
1151102,5497297,AP00033,,Venda,Apartamento,108.0,ASA NORTE,BRASILIA,1150000.0,10671.0,0.0,1.0,-15.7375,-47.8901,2025-07-27,3
1151106,5497301,1184061,,Venda,Apartamento,68.0,ASA NORTE,BRASILIA,729900.0,10733.0,0.0,0.0,-15.7508,-47.8831,2025-07-27,3
1151123,5497318,1185685,,Venda,Apartamento,98.0,ASA NORTE,BRASILIA,900000.0,9183.0,3.0,0.0,-15.7519,-47.8821,2025-07-27,1
1151133,5497328,1189729,,Venda,Apartamento,126.0,ASA NORTE,BRASILIA,1540000.0,12222.0,0.0,1.0,-15.7401,-47.897,2025-07-27,8
1151135,5497330,VILLA151801V01,,Venda,Apartamento,28.0,ASA NORTE,BRASILIA,390000.0,13928.0,0.0,0.0,-15.781,-47.8892,2025-07-27,4
1151214,5497407,1171617,,Venda,Apartamento,79.0,ASA NORTE,BRASILIA,560000.0,7088.0,0.0,0.0,-15.7749,-47.89,2025-07-27,6
1151233,5497426,1143794,,Venda,Apartamento,76.0,ASA NORTE,BRASILIA,1150000.0,15211.0,0.0,1.0,-15.7502,-47.8859,2025-07-27,5
1151368,5497557,AP00018,,Venda,Apartamento,38.0,ASA NORTE,BRASILIA,330000.0,8684.0,2.0,0.0,-15.7595,-47.8933,2025-07-27,1
1151379,5497568,FEC0147,,Venda,Apartamento,110.0,ASA NORTE,BRASILIA,1599000.0,14536.0,0.0,1.0,-15.7796,-47.8787,2025-07-27,4
1151391,5497580,CO8905,,Venda,Apartamento,181.0,ASA NORTE,BRASILIA,1950000.0,10766.0,0.0,1.0,-15.7698,-47.8838,2025-07-27,3
1151397,5497586,1109733,,Venda,Apartamento,139.0,ASA NORTE,BRASILIA,1580000.0,11366.0,3.0,1.0,-15.7597,-47.8836,2025-07-27,8
1151461,5497650,DDA137,,Venda,Apartamento,27.0,ASA NORTE,BRASILIA,290000.0,10740.0,0.0,1.0,-15.7543,-47.9006,2025-07-27,3
1151474,5989489,1216619,,Venda,Apartamento,29.0,ASA NORTE,BRASILIA,295000.0,10172.0,0.0,1.0,-15.7662,-47.8751,2025-09-07,3
1151482,5989491,1080275,,Venda,Apartamento,33.0,ASA NORTE,BRASILIA,400000.0,12121.0,0.0,0.0,-15.7472,-47.8831,2025-09-07,8
1151506,5497695,1106740,,Venda,Apartamento,165.0,ASA NORTE,BRASILIA,1850000.0,11212.0,0.0,1.0,-15.7612,-47.8896,2025-07-27,8
1151511,5497700,1193484,,Venda,Apartamento,122.0,ASA NORTE,BRASILIA,1580000.0,12950.0,0.0,1.0,-15.7597,-47.8836,2025-07-27,0
1151549,5497738,1188605,,Venda,Apartamento,376.0,ASA NORTE,BRASILIA,3572000.0,9500.0,0.0,4.0,-15.7456,-47.8946,2025-07-27,1
1151550,5497739,1198512,,Venda,Apartamento,101.0,ASA NORTE,BRASILIA,765000.0,7574.0,3.0,0.0,-15.7616,-47.8789,2025-07-27,6
1151567,5497756,1157994,,Venda,Apartamento,200.0,ASA NORTE,BRASILIA,3811000.0,19055.0,3.0,3.0,-15.7603,-47.8868,2025-07-27,7
1151592,5497780,1177101,,Venda,Apartamento,100.0,ASA NORTE,BRASILIA,1500000.0,14932.0,0.0,1.0,-15.7396,-47.8942,2025-07-27,5
1151602,5989509,1116054,,Venda,Apartamento,84.0,ASA NORTE,BRASILIA,1150000.0,13690.0,0.0,1.0,-15.758,-47.8906,2025-09-07,4
1151623,5497810,1120755,,Venda,Apartamento,125.0,ASA NORTE,BRASILIA,1130000.0,9040.0,0.0,0.0,-15.7754,-47.8823,2025-07-27,1
1151700,5497888,AP0287,,Venda,Apartamento,62.0,ASA NORTE,BRASILIA,840000.0,13548.0,2.0,1.0,-15.7821,-47.8755,2025-07-27,4
1151717,5497905,CO9360,,Venda,Apartamento,104.0,ASA NORTE,BRASILIA,1580000.0,15259.0,3.0,1.0,-15.7488,-47.8936,2025-07-27,5
1151753,5497941,71790247,,Venda,Apartamento,34.0,ASA NORTE,BRASILIA,390000.0,11370.0,0.0,1.0,-15.7477,-47.9014,2025-07-27,8
1151754,5497942,840398,,Venda,Apartamento,168.0,ASA NORTE,BRASILIA,1790000.0,10654.0,0.0,1.0,-15.7505,-47.8872,2025-07-27,3
1151771,5497959,1000223,,Venda,Apartamento,112.0,ASA NORTE,BRASILIA,1780000.0,15892.0,0.0,1.0,-15.7736,-47.8861,2025-07-27,2
1151772,5497960,1190723,,Venda,Apartamento,79.0,ASA NORTE,BRASILIA,825000.0,10443.0,0.0,0.0,-15.7782,-47.8767,2025-07-27,3
1151787,5497975,1182991,,Venda,Apartamento,90.0,ASA NORTE,BRASILIA,1070000.0,11888.0,0.0,1.0,-15.7588,-47.8842,2025-07-27,8
1151788,5497976,333,,Venda,Apartamento,137.0,ASA NORTE,BRASILIA,1750000.0,12773.0,3.0,0.0,-15.7509,-47.8888,2025-07-27,0
1151801,5989554,VDGPP,,Venda,Apartamento,100.0,ASA NORTE,BRASILIA,1599000.0,15990.0,0.0,1.0,-15.7794,-47.8787,2025-09-07,2
1151826,5498015,14359,,Venda,Apartamento,122.0,ASA NORTE,BRASILIA,1890000.0,15491.0,0.0,2.0,-15.7588,-47.8842,2025-07-27,5
1151830,5498019,AP00132,,Venda,Apartamento,122.0,ASA NORTE,BRASILIA,1550000.0,12655.0,3.0,1.0,-15.7636,-47.8889,2025-07-27,0
1151831,5498020,FEC0288,,Venda,Apartamento,127.0,ASA NORTE,BRASILIA,1500000.0,11811.0,4.0,2.0,-15.7762,-47.8893,2025-07-27,8
1151901,5498088,1007472,,Venda,Apartamento,320.0,ASA NORTE,BRASILIA,5238961.0,16375.0,4.0,4.0,-15.7413,-47.8887,2025-07-27,2
1151909,5498096,1125820,,Venda,Apartamento,232.0,ASA NORTE,BRASILIA,2599000.0,11202.0,3.0,1.0,-15.7399,-47.8899,2025-07-27,8
1151956,5498143,850740,,Venda,Apartamento,132.0,ASA NORTE,BRASILIA,1800000.0,13636.0,4.0,1.0,-15.7817,-47.8784,2025-07-27,4
1151971,5989584,711712,,Venda,Apartamento,32.0,ASA NORTE,BRASILIA,210000.0,6562.0,1.0,0.0,-15.7563,-47.8941,2025-09-07,6
1152005,5989596,VK4160V,,Venda,Apartamento,518.0,ASA NORTE,BRASILIA,6500000.0,12548.0,0.0,4.0,-15.7588,-47.8842,2025-09-07,0
1152195,5498379,0001AVASN,,Venda,Apartamento,139.0,ASA NORTE,BRASILIA,1620000.0,11666.0,4.0,1.0,-15.7587,-47.8836,2025-07-27,8
1152208,5498392,0868V-DFI,,Venda,Apartamento,132.0,ASA NORTE,BRASILIA,1320000.0,10015.0,0.0,1.0,-15.7504,-47.8892,2025-07-27,3
1152212,5498396,FMX0102,,Venda,Apartamento,95.0,ASA NORTE,BRASILIA,820000.0,8631.0,0.0,0.0,-15.7519,-47.8821,2025-07-27,1
1152303,5989676,327895,,Venda,Apartamento,83.0,ASA NORTE,BRASILIA,1050000.0,12650.0,3.0,1.0,-15.7793,-47.8867,2025-09-07,0
1152362,5498544,747512,,Venda,Apartamento,155.0,ASA NORTE,BRASILIA,2290000.0,14774.0,0.0,2.0,-15.7549,-47.8916,2025-07-27,5
1152380,5498563,898272,,Venda,Apartamento,79.0,ASA NORTE,BRASILIA,920000.0,11682.0,3.0,0.0,-15.774,-47.8751,2025-07-27,8
1152530,5498712,1038537,,Venda,Apartamento,270.0,ASA NORTE,BRASILIA,3250000.0,12037.0,5.0,3.0,-15.758,-47.8906,2025-07-27,8
1152549,5498731,1151453,,Venda,Apartamento,45.0,ASA NORTE,BRASILIA,629000.0,13977.0,2.0,0.0,-15.7555,-47.881,2025-07-27,4
1152634,5989764,1201100,,Venda,Apartamento,34.0,ASA NORTE,BRASILIA,320000.0,9411.0,0.0,0.0,-15.7438,-47.8976,2025-09-07,1
1152646,5498826,1114405,,Venda,Apartamento,27.0,ASA NORTE,BRASILIA,450000.0,16666.0,0.0,0.0,-15.7909,-47.8853,2025-07-27,2
1152667,5989775,1114405,,Venda,Apartamento,27.0,ASA NORTE,BRASILIA,450000.0,16666.0,0.0,0.0,-15.7909,-47.8853,2025-09-07,2
1152740,5989792,1201781,,Venda,Apartamento,95.0,ASA NORTE,BRASILIA,1598000.0,16821.0,0.0,1.0,-15.7794,-47.8787,2025-09-07,2
1152840,5989814,UB864,,Venda,Apartamento,70.0,ASA NORTE,BRASILIA,450000.0,6428.0,0.0,0.0,-15.7543,-47.8947,2025-09-07,6
1152849,5989816,CO0001-CARL,,Venda,Apartamento,205.0,ASA NORTE,BRASILIA,3170000.0,15463.0,0.0,2.0,-15.7509,-47.8888,2025-09-07,5
1152861,5499039,COBDUPLEXBALTAZAR,,Venda,Apartamento,136.0,ASA NORTE,BRASILIA,1300000.0,9525.0,2.0,2.0,-15.7765,-47.8896,2025-07-27,1
1152943,5989842,DDA137,,Venda,Apartamento,27.0,ASA NORTE,BRASILIA,290000.0,10740.0,0.0,1.0,-15.7543,-47.9006,2025-09-07,3
1153003,5499179,SQN403ERW,,Venda,Apartamento,80.0,ASA NORTE,BRASILIA,830000.0,10375.0,3.0,0.0,-15.7782,-47.8758,2025-07-27,3
1153018,5499194,1177722,,Venda,Apartamento,78.0,ASA NORTE,BRASILIA,800000.0,10256.0,0.0,0.0,-15.7682,-47.8772,2025-07-27,3
1153192,5499367,121024,,Venda,Apartamento,86.0,ASA NORTE,BRASILIA,1250000.0,14507.0,0.0,1.0,-15.7392,-47.8967,2025-07-27,4
1153280,5989922,1171558,,Venda,Apartamento,113.0,ASA NORTE,BRASILIA,1580000.0,13982.0,0.0,1.0,-15.7757,-47.8831,2025-09-07,4
1153314,5499486,1156347,,Venda,Apartamento,204.0,ASA NORTE,BRASILIA,2400000.0,11764.0,0.0,2.0,-15.7797,-47.8869,2025-07-27,8
1153325,5499497,1054382,,Venda,Apartamento,58.0,ASA NORTE,BRASILIA,560000.0,9655.0,0.0,0.0,-15.7696,-47.892,2025-07-27,1
1153392,5499565,10923,,Venda,Apartamento,75.0,ASA NORTE,BRASILIA,870000.0,11600.0,0.0,1.0,-15.7392,-47.8967,2025-07-27,8
1153490,5499662,1091661,,Venda,Apartamento,60.0,ASA NORTE,BRASILIA,760000.0,12666.0,0.0,0.0,-15.7451,-47.8935,2025-07-27,0
1153535,5499706,AP0320,,Venda,Apartamento,107.0,ASA NORTE,BRASILIA,1500000.0,14018.0,0.0,1.0,-15.7513,-47.8855,2025-07-27,4
1153545,5499716,JCBP0064,,Venda,Apartamento,75.0,ASA NORTE,BRASILIA,827000.0,11026.0,0.0,0.0,-15.7502,-47.8839,2025-07-27,3
1153549,5499720,AP0390,,Venda,Apartamento,160.0,ASA NORTE,BRASILIA,2300000.0,14375.0,4.0,2.0,-15.7451,-47.8956,2025-07-27,4
1153732,5499903,2006FS311315,,Venda,Apartamento,34.0,ASA NORTE,BRASILIA,540000.0,15882.0,1.0,0.0,-15.7909,-47.8853,2025-07-27,2
1153745,5499916,685966,,Venda,Apartamento,95.0,ASA NORTE,BRASILIA,910000.0,9548.0,0.0,0.0,-15.7525,-47.881,2025-07-27,1
1153852,5500021,APV0053,,Venda,Apartamento,68.0,ASA NORTE,BRASILIA,800000.0,11764.0,0.0,0.0,-15.7382,-47.8899,2025-07-27,8
1153978,5500146,AP0124,,Venda,Apartamento,90.0,ASA NORTE,BRASILIA,890000.0,9888.0,3.0,0.0,-15.7386,-47.8855,2025-07-27,1
1154037,5990088,1199961,,Venda,Apartamento,206.0,ASA NORTE,BRASILIA,2990000.0,14514.0,0.0,2.0,-15.7559,-47.8923,2025-09-07,4
1154193,5500361,AP2338,,Venda,Apartamento,29.0,ASA NORTE,BRASILIA,370000.0,12758.0,0.0,0.0,-15.7886,-47.8893,2025-07-27,0
1154203,5500371,VILLA119885V01,,Venda,Apartamento,173.0,ASA NORTE,BRASILIA,2300000.0,13294.0,0.0,2.0,-15.7392,-47.8947,2025-07-27,0
1154247,5500414,AP0050,,Venda,Apartamento,120.0,ASA NORTE,BRASILIA,1390000.0,11583.0,3.0,1.0,-15.7684,-47.8801,2025-07-27,8
1154251,5500418,29032025,,Venda,Apartamento,40.0,ASA NORTE,BRASILIA,360000.0,9000.0,0.0,0.0,-15.7577,-47.8957,2025-07-27,1
1154303,5500469,690273,,Venda,Apartamento,324.0,ASA NORTE,BRASILIA,5141000.0,15867.0,4.0,4.0,-15.7405,-47.8887,2025-07-27,2
1154338,5500503,1198459,,Venda,Apartamento,53.0,ASA NORTE,BRASILIA,700000.0,13212.0,0.0,0.0,-15.7513,-47.8923,2025-07-27,0
1154440,5500604,VILLA151703V01,,Venda,Apartamento,180.0,ASA NORTE,BRASILIA,2300000.0,12777.0,0.0,2.0,-15.7612,-47.8896,2025-07-27,0
1154490,5500654,TH27864,,Venda,Apartamento,42.0,ASA NORTE,BRASILIA,380000.0,9147.0,2.0,0.0,-15.7426,-47.8986,2025-07-27,1
1154604,5500767,1108867,,Venda,Apartamento,175.0,ASA NORTE,BRASILIA,2400000.0,13714.0,0.0,2.0,-15.7405,-47.8887,2025-07-27,4
1154605,5500768,1110913,,Venda,Apartamento,58.0,ASA NORTE,BRASILIA,690000.0,11981.0,0.0,0.0,-15.7701,-47.887,2025-07-27,8
1154650,5990229,AP0051,,Venda,Apartamento,132.0,ASA NORTE,BRASILIA,1850000.0,14015.0,3.0,1.0,-15.7763,-47.8872,2025-09-07,4
1154699,5500861,1189940,,Venda,Apartamento,98.0,ASA NORTE,BRASILIA,1480000.0,15102.0,3.0,1.0,-15.7549,-47.8916,2025-07-27,5
1154755,5990253,1199975,,Venda,Apartamento,78.0,ASA NORTE,BRASILIA,905000.0,11602.0,0.0,0.0,-15.7741,-47.8757,2025-09-07,8
1154765,5990255,1200639,,Venda,Apartamento,80.0,ASA NORTE,BRASILIA,765000.0,9562.0,0.0,0.0,-15.7782,-47.8758,2025-09-07,1
1154782,5500944,SQN315RW,,Venda,Apartamento,124.0,ASA NORTE,BRASILIA,1540000.0,12419.0,0.0,1.0,-15.7425,-47.8956,2025-07-27,0
1154825,5500986,1188613,,Venda,Apartamento,85.0,ASA NORTE,BRASILIA,1248000.0,14682.0,0.0,1.0,-15.7613,-47.8829,2025-07-27,5
1154840,5501001,1137603,,Venda,Apartamento,40.0,ASA NORTE,BRASILIA,270000.0,6750.0,1.0,0.0,-15.7612,-47.8927,2025-07-27,6
1154850,5990275,1203147,,Venda,Apartamento,78.0,ASA NORTE,BRASILIA,900000.0,11538.0,3.0,0.0,-15.7741,-47.8757,2025-09-07,8
1154854,5990276,1015596,,Venda,Apartamento,40.0,ASA NORTE,BRASILIA,320000.0,8000.0,0.0,0.0,-15.7514,-47.8973,2025-09-07,6
1154862,5501023,TH32831,,Venda,Apartamento,125.0,ASA NORTE,BRASILIA,1290000.0,10320.0,3.0,1.0,-15.7789,-47.8828,2025-07-27,3
1154865,5501026,1151448,,Venda,Apartamento,132.0,ASA NORTE,BRASILIA,1850000.0,14015.0,0.0,1.0,-15.776,-47.886,2025-07-27,4
1154906,5501066,AP00687,,Venda,Apartamento,35.0,ASA NORTE,BRASILIA,389000.0,11114.0,1.0,1.0,-15.7748,-47.8893,2025-07-27,3
1154953,5501112,10989,,Venda,Apartamento,94.0,ASA NORTE,BRASILIA,1380000.0,14680.0,0.0,1.0,-15.7794,-47.8787,2025-07-27,5
1154974,5501133,ale457845112,,Venda,Apartamento,120.0,ASA NORTE,BRASILIA,1595000.0,13291.0,0.0,1.0,-15.7436,-47.8965,2025-07-27,0
1155006,5501165,30203,,Venda,Apartamento,139.0,ASA NORTE,BRASILIA,1580000.0,11366.0,0.0,1.0,-15.7597,-47.8836,2025-07-27,8
1155105,5501263,JANEDUPLEX,,Venda,Apartamento,324.0,ASA NORTE,BRASILIA,5305000.0,16374.0,0.0,4.0,-15.7413,-47.8887,2025-07-27,2
1155180,5990341,VILLA151337V01,,Venda,Apartamento,94.0,ASA NORTE,BRASILIA,1600000.0,17021.0,3.0,1.0,-15.7796,-47.8787,2025-09-07,2
1155257,5990358,1115701,,Venda,Apartamento,290.0,ASA NORTE,BRASILIA,3690000.0,12724.0,0.0,2.0,-15.747,-47.8883,2025-09-07,0
1155262,5501419,JCJ0035,,Venda,Apartamento,33.0,ASA NORTE,BRASILIA,250000.0,7575.0,0.0,0.0,-15.7391,-47.9013,2025-07-27,6
1155295,5501452,1162436,,Venda,Apartamento,85.0,ASA NORTE,BRASILIA,840000.0,9882.0,4.0,0.0,-15.7545,-47.8808,2025-07-27,1
1155420,5990400,1131265,,Venda,Apartamento,91.0,ASA NORTE,BRASILIA,910000.0,10003.0,0.0,0.0,-15.7495,-47.8971,2025-09-07,3
1155490,5501645,30275,,Venda,Apartamento,100.0,ASA NORTE,BRASILIA,1450000.0,14500.0,0.0,1.0,-15.7384,-47.8962,2025-07-27,4
1155494,5990415,VDI5V,,Venda,Apartamento,120.0,ASA NORTE,BRASILIA,1540000.0,12833.0,0.0,1.0,-15.7425,-47.8956,2025-09-07,0
1155653,5501805,janeTipo,,Venda,Apartamento,160.0,ASA NORTE,BRASILIA,2817000.0,17556.0,0.0,3.0,-15.7413,-47.8887,2025-07-27,7
1155770,5501920,2477,,Venda,Apartamento,69.0,ASA NORTE,BRASILIA,789000.0,11434.0,0.0,0.0,-15.737,-47.891,2025-07-27,8
1155772,5501922,28963,,Venda,Apartamento,159.0,ASA NORTE,BRASILIA,1899999.0,11949.0,0.0,1.0,-15.7829,-47.8779,2025-07-27,8
1155793,5501943,1177797,,Venda,Apartamento,79.0,ASA NORTE,BRASILIA,1175000.0,14873.0,0.0,1.0,-15.7607,-47.8905,2025-07-27,5
1155852,5502001,IG0003,,Venda,Apartamento,160.0,ASA NORTE,BRASILIA,2801000.0,17457.0,4.0,3.0,-15.7405,-47.8887,2025-07-27,7
1155868,5502016,AP2215,,Venda,Apartamento,208.0,ASA NORTE,BRASILIA,3199000.0,15379.0,0.0,1.0,-15.7521,-47.8847,2025-07-27,5
1155916,5502064,10987,,Venda,Apartamento,194.0,ASA NORTE,BRASILIA,3675000.0,18943.0,0.0,3.0,-15.7405,-47.8887,2025-07-27,7
1155949,5502097,1189728,,Venda,Apartamento,85.0,ASA NORTE,BRASILIA,1249000.0,14694.0,0.0,1.0,-15.7613,-47.8829,2025-07-27,5
1155987,5502135,03707V,,Venda,Apartamento,247.0,ASA NORTE,BRASILIA,3100000.0,12559.0,0.0,2.0,-15.7668,-47.8857,2025-07-27,0
1156079,5502225,1185415,,Venda,Apartamento,50.0,ASA NORTE,BRASILIA,619000.0,12380.0,0.0,0.0,-15.7555,-47.881,2025-07-27,0
1156258,5502400,1059269,,Venda,Apartamento,113.0,ASA NORTE,BRASILIA,1350000.0,11943.0,0.0,0.0,-15.7756,-47.8841,2025-07-27,8
1156276,5502417,935649,,Venda,Apartamento,108.0,ASA NORTE,BRASILIA,1080000.0,10000.0,0.0,0.0,-15.746,-47.8981,2025-07-27,3
1156403,5502541,29009,,Venda,Apartamento,25.0,ASA NORTE,BRASILIA,328000.0,13120.0,0.0,1.0,-15.7662,-47.8751,2025-07-27,0
1156414,5502552,1120470,,Venda,Apartamento,78.0,ASA NORTE,BRASILIA,980000.0,12564.0,0.0,1.0,-15.7377,-47.8901,2025-07-27,0
1156429,5998517,1190655,,Venda,Apartamento,123.0,ASA NORTE,BRASILIA,1600000.0,13008.0,3.0,1.0,-15.7624,-47.8855,2025-09-07,0
1156460,5502597,212ANI,,Venda,Apartamento,129.0,ASA NORTE,BRASILIA,1790000.0,13875.0,0.0,2.0,-15.7492,-47.8876,2025-07-27,4
1156532,5502667,1197539,,Venda,Apartamento,95.0,ASA NORTE,BRASILIA,740000.0,7789.0,0.0,0.0,-15.7533,-47.8826,2025-07-27,6
1156547,5502682,1088804,,Venda,Apartamento,69.0,ASA NORTE,BRASILIA,620000.0,8985.0,2.0,0.0,-15.769,-47.892,2025-07-27,1
1156619,5502754,1067149,,Venda,Apartamento,202.0,ASA NORTE,BRASILIA,2180000.0,10792.0,0.0,2.0,-15.7521,-47.8848,2025-07-27,3
1156637,5502771,28969,,Venda,Apartamento,135.0,ASA NORTE,BRASILIA,2150000.0,15925.0,0.0,1.0,-15.7538,-47.8881,2025-07-27,2
1156719,5502852,EL2556,,Venda,Apartamento,79.0,ASA NORTE,BRASILIA,750000.0,9523.0,0.0,0.0,-15.7683,-47.8783,2025-07-27,1
1156732,5502865,10536,,Venda,Apartamento,52.0,ASA NORTE,BRASILIA,550000.0,10576.0,0.0,2.0,-15.7327,-47.8973,2025-07-27,3
1156775,5502908,BKRRB08,,Venda,Apartamento,123.0,ASA NORTE,BRASILIA,1700000.0,13821.0,0.0,2.0,-15.7551,-47.8927,2025-07-27,4
1156793,5502926,1172598,,Venda,Apartamento,55.0,ASA NORTE,BRASILIA,609000.0,11072.0,2.0,0.0,-15.7682,-47.8919,2025-07-27,3
1156825,5502958,1184004,,Venda,Apartamento,263.0,ASA NORTE,BRASILIA,3990000.0,15169.0,4.0,2.0,-15.763,-47.883,2025-07-27,5
1156878,5503011,1084653,,Venda,Apartamento,113.0,ASA NORTE,BRASILIA,1350000.0,11943.0,0.0,1.0,-15.7726,-47.8836,2025-07-27,8
1156879,5503012,1186117,,Venda,Apartamento,31.0,ASA NORTE,BRASILIA,380000.0,12258.0,1.0,1.0,-15.7639,-47.8933,2025-07-27,8
1156964,5503096,LFM-053-24,,Venda,Apartamento,182.0,ASA NORTE,BRASILIA,2400000.0,13186.0,0.0,2.0,-15.776,-47.886,2025-07-27,0
1156970,5503102,mcs1n211novo0625,,Venda,Apartamento,280.0,ASA NORTE,BRASILIA,3099000.0,11067.0,0.0,1.0,-15.7529,-47.8847,2025-07-27,3
1156981,5503112,945,,Venda,Apartamento,42.0,ASA NORTE,BRASILIA,365000.0,8690.0,0.0,0.0,-15.758,-47.8951,2025-07-27,1
1157335,5503457,UB1458,,Venda,Apartamento,95.0,ASA NORTE,BRASILIA,830000.0,8736.0,0.0,0.0,-15.759,-47.8796,2025-07-27,1
1157478,5503599,611,,Venda,Apartamento,209.0,ASA NORTE,BRASILIA,3099000.0,14827.0,0.0,1.0,-15.7529,-47.8847,2025-07-27,5
1157546,5503664,1031956,,Venda,Apartamento,36.0,ASA NORTE,BRASILIA,300000.0,8333.0,2.0,0.0,-15.7634,-47.8919,2025-07-27,1
1157574,5503692,JCL0071,,Venda,Apartamento,110.0,ASA NORTE,BRASILIA,1470000.0,13363.0,0.0,2.0,-15.7551,-47.8927,2025-07-27,0
1157602,5503720,1174081,,Venda,Apartamento,90.0,ASA NORTE,BRASILIA,1170000.0,12939.0,0.0,1.0,-15.7535,-47.8856,2025-07-27,0
1157674,5503792,1167432,,Venda,Apartamento,48.0,ASA NORTE,BRASILIA,325000.0,6770.0,1.0,0.0,-15.7452,-47.8988,2025-07-27,6
1157749,5503867,AP0261,,Venda,Apartamento,32.0,ASA NORTE,BRASILIA,290000.0,9062.0,0.0,0.0,-15.7751,-47.8909,2025-07-27,1
1157847,5503964,AP0419,,Venda,Apartamento,127.0,ASA NORTE,BRASILIA,1500000.0,11811.0,0.0,2.0,-15.7762,-47.8893,2025-07-27,8
1158012,5504126,1156879,,Venda,Apartamento,130.0,ASA NORTE,BRASILIA,1580000.0,12153.0,0.0,1.0,-15.7817,-47.8784,2025-07-27,8
1158093,5504206,1157345,,Venda,Apartamento,68.0,ASA NORTE,BRASILIA,720000.0,10588.0,0.0,0.0,-15.7733,-47.89,2025-07-27,3
1158185,5504296,TH29506,,Venda,Apartamento,51.0,ASA NORTE,BRASILIA,400000.0,7843.0,0.0,0.0,-15.7452,-47.8988,2025-07-27,6
1158344,5504454,1164107,,Venda,Apartamento,45.0,ASA NORTE,BRASILIA,619000.0,13755.0,0.0,0.0,-15.755,-47.8806,2025-07-27,4
1158347,5504457,1125624,,Venda,Apartamento,68.0,ASA NORTE,BRASILIA,840000.0,12378.0,2.0,0.0,-15.7447,-47.8947,2025-07-27,0
1158390,5504499,232323,,Venda,Apartamento,222.0,ASA NORTE,BRASILIA,3200000.0,14438.0,0.0,2.0,-15.7462,-47.8871,2025-07-27,4
1158431,5504539,1176664,,Venda,Apartamento,132.0,ASA NORTE,BRASILIA,1850000.0,14015.0,0.0,1.0,-15.757,-47.8845,2025-07-27,4
1158477,5504584,SQN316,,Venda,Apartamento,128.0,ASA NORTE,BRASILIA,2099000.0,16398.0,0.0,1.0,-15.7392,-47.8967,2025-07-27,2
1158522,5504628,AP0420,,Venda,Apartamento,68.0,ASA NORTE,BRASILIA,770000.0,11323.0,0.0,0.0,-15.7514,-47.8828,2025-07-27,8
1158640,5504744,1040268,,Venda,Apartamento,108.0,ASA NORTE,BRASILIA,1199000.0,11101.0,0.0,0.0,-15.7616,-47.8945,2025-07-27,3
1158674,5504778,1089660,,Venda,Apartamento,95.0,ASA NORTE,BRASILIA,1200000.0,12631.0,2.0,1.0,-15.7526,-47.8918,2025-07-27,0
1158691,5504795,VILLA121084V01,,Venda,Apartamento,40.0,ASA NORTE,BRASILIA,270000.0,6750.0,1.0,0.0,-15.7633,-47.8923,2025-07-27,6
1158706,5504810,1053262,,Venda,Apartamento,123.0,ASA NORTE,BRASILIA,1660000.0,13527.0,3.0,0.0,-15.7469,-47.8979,2025-07-27,4
1158744,5504847,1173351,,Venda,Apartamento,245.0,ASA NORTE,BRASILIA,3500000.0,14285.0,0.0,4.0,-15.7572,-47.8879,2025-07-27,4
1158746,5504849,1092577,,Venda,Apartamento,108.0,ASA NORTE,BRASILIA,1498000.0,13870.0,0.0,1.0,-15.7588,-47.8842,2025-07-27,4
1158754,5504857,1167402,,Venda,Apartamento,80.0,ASA NORTE,BRASILIA,775000.0,9687.0,0.0,0.0,-15.7782,-47.8758,2025-07-27,1
1158772,5504874,905320,,Venda,Apartamento,110.0,ASA NORTE,BRASILIA,1470000.0,13363.0,0.0,2.0,-15.7549,-47.8916,2025-07-27,0
1158794,5504895,dda1037,,Venda,Apartamento,25.0,ASA NORTE,BRASILIA,340000.0,13600.0,0.0,1.0,-15.7662,-47.8751,2025-07-27,4
1158871,5504972,1010007,,Venda,Apartamento,44.0,ASA NORTE,BRASILIA,621000.0,14113.0,2.0,0.0,-15.754,-47.8807,2025-07-27,4
1159011,5505109,SHCGN710,,Venda,Apartamento,108.0,ASA NORTE,BRASILIA,890000.0,8240.0,0.0,0.0,-15.7585,-47.894,2025-07-27,6
1159067,5505164,1173045,,Venda,Apartamento,29.0,ASA NORTE,BRASILIA,350000.0,12068.0,0.0,1.0,0.0,0.0,2025-07-27,8
1159197,5505292,1202219,,Venda,Apartamento,95.0,ASA NORTE,BRASILIA,1190000.0,12526.0,2.0,1.0,-15.7508,-47.8923,2025-07-27,0
1159467,5505555,LM090,,Venda,Apartamento,100.0,ASA NORTE,BRASILIA,1150000.0,11500.0,0.0,1.0,-15.7383,-47.8939,2025-07-27,8
1159479,5505567,2493,,Venda,Apartamento,25.0,ASA NORTE,BRASILIA,367000.0,14680.0,0.0,1.0,-15.7327,-47.8973,2025-07-27,5
1159488,5505576,VK4160,,Venda,Apartamento,518.0,ASA NORTE,BRASILIA,6900000.0,13316.0,0.0,4.0,-15.7588,-47.8842,2025-07-27,0
1159538,5505624,1197418,,Venda,Apartamento,52.0,ASA NORTE,BRASILIA,630000.0,12115.0,0.0,0.0,-15.754,-47.8807,2025-07-27,8
1159553,5505639,IG0007,,Venda,Apartamento,168.0,ASA NORTE,BRASILIA,2816000.0,16785.0,4.0,2.0,-15.7473,-47.8906,2025-07-27,2
1159714,5505798,2314,,Venda,Apartamento,120.0,ASA NORTE,BRASILIA,1650000.0,13750.0,0.0,2.0,-15.7725,-47.8869,2025-07-27,4
1159801,5505882,1121497,,Venda,Apartamento,103.0,ASA NORTE,BRASILIA,1690000.0,16423.0,0.0,2.0,-15.7727,-47.8877,2025-07-27,2
1159826,5505906,1153553,,Venda,Apartamento,223.0,ASA NORTE,BRASILIA,2590000.0,11618.0,0.0,1.0,-15.7529,-47.8847,2025-07-27,8
1160111,5506187,1147323,,Venda,Apartamento,217.0,ASA NORTE,BRASILIA,2550000.0,11751.0,3.0,2.0,-15.7557,-47.8833,2025-07-27,8
1160167,5506242,964632,,Venda,Apartamento,32.0,ASA NORTE,BRASILIA,295000.0,9218.0,0.0,0.0,-15.7378,-47.8966,2025-07-27,1
1160199,5506273,10586,,Venda,Apartamento,67.0,ASA NORTE,BRASILIA,950000.0,14179.0,0.0,0.0,-15.7442,-47.899,2025-07-27,4
1160234,5506307,28000,,Venda,Apartamento,115.0,ASA NORTE,BRASILIA,1050000.0,9130.0,0.0,0.0,-15.7542,-47.8952,2025-07-27,1
1160246,5506318,1065529,,Venda,Apartamento,132.0,ASA NORTE,BRASILIA,1790000.0,13548.0,0.0,1.0,-15.7816,-47.8786,2025-07-27,4
1160308,5506378,1153488,,Venda,Apartamento,91.0,ASA NORTE,BRASILIA,1100000.0,12087.0,3.0,0.0,-15.7637,-47.8934,2025-07-27,8
1160502,5506567,1109047,,Venda,Apartamento,36.0,ASA NORTE,BRASILIA,355000.0,9861.0,1.0,0.0,-15.758,-47.8951,2025-07-27,1
1160518,5506583,600,,Venda,Apartamento,127.0,ASA NORTE,BRASILIA,1600000.0,12598.0,3.0,1.0,-15.738,-47.8951,2025-07-27,0
1160653,5506714,1108247,,Venda,Apartamento,48.0,ASA NORTE,BRASILIA,470000.0,9791.0,0.0,0.0,-15.7392,-47.9025,2025-07-27,1
1160677,5506738,CO8578,,Venda,Apartamento,160.0,ASA NORTE,BRASILIA,2250000.0,14062.0,4.0,2.0,-15.7456,-47.8946,2025-07-27,4
1160714,5506774,876001,,Venda,Apartamento,247.0,ASA NORTE,BRASILIA,2200000.0,8906.0,4.0,2.0,-15.758,-47.8906,2025-07-27,1
1160724,5506783,0003AVASN,,Venda,Apartamento,186.0,ASA NORTE,BRASILIA,2400000.0,12903.0,4.0,1.0,-15.776,-47.886,2025-07-27,0
1160733,5506792,28870,,Venda,Apartamento,90.0,ASA NORTE,BRASILIA,789000.0,8766.0,0.0,0.0,-15.7774,-47.8768,2025-07-27,1
1160913,5506968,880341020-46,,Venda,Apartamento,85.0,ASA NORTE,BRASILIA,865000.0,10176.0,4.0,0.0,-15.7545,-47.8808,2025-07-27,3
1160935,5506990,26896,,Venda,Apartamento,235.0,ASA NORTE,BRASILIA,2400000.0,10212.0,0.0,2.0,-15.7551,-47.8927,2025-07-27,3
1160960,5507014,842217,,Venda,Apartamento,109.0,ASA NORTE,BRASILIA,1250000.0,11467.0,0.0,1.0,-15.772,-47.886,2025-07-27,8
1161052,5507104,2492,,Venda,Apartamento,25.0,ASA NORTE,BRASILIA,367000.0,14680.0,0.0,1.0,-15.7327,-47.8973,2025-07-27,5
1161106,5507156,2082600,,Venda,Apartamento,90.0,ASA NORTE,BRASILIA,870000.0,9666.0,0.0,0.0,-15.7495,-47.8971,2025-07-27,1
1161121,5507171,1099720,,Venda,Apartamento,137.0,ASA NORTE,BRASILIA,1650000.0,12043.0,3.0,1.0,-15.7509,-47.8888,2025-07-27,8
1161211,5507260,CO0013,,Venda,Apartamento,260.0,ASA NORTE,BRASILIA,4300000.0,16538.0,0.0,3.0,-15.7464,-47.886,2025-07-27,2
1161316,5507362,1166871,,Venda,Apartamento,135.0,ASA NORTE,BRASILIA,1690000.0,12518.0,3.0,1.0,-15.7541,-47.8889,2025-07-27,0
1161326,5507372,FNC0304,,Venda,Apartamento,269.0,ASA NORTE,BRASILIA,3100000.0,11524.0,2.0,2.0,-15.758,-47.8906,2025-07-27,8
1161343,5507389,880411017-38,,Venda,Apartamento,110.0,ASA NORTE,BRASILIA,1480000.0,13454.0,3.0,2.0,-15.7558,-47.8926,2025-07-27,0
1161349,5507395,TH32901,,Venda,Apartamento,95.0,ASA NORTE,BRASILIA,1195000.0,12578.0,2.0,1.0,-15.7518,-47.8927,2025-07-27,0
1161408,5507453,TH26698,,Venda,Apartamento,30.0,ASA NORTE,BRASILIA,530000.0,17666.0,1.0,1.0,-15.7448,-47.9013,2025-07-27,7
1161411,5507456,25333,,Venda,Apartamento,95.0,ASA NORTE,BRASILIA,830000.0,8736.0,3.0,0.0,-15.757,-47.8811,2025-07-27,1
1161650,5507689,930129,,Venda,Apartamento,42.0,ASA NORTE,BRASILIA,599000.0,14337.0,0.0,0.0,-15.737,-47.891,2025-07-27,4
1161705,5507742,115nn,,Venda,Apartamento,168.0,ASA NORTE,BRASILIA,2390000.0,14226.0,0.0,1.0,-15.7411,-47.893,2025-07-27,4
1161706,5507743,dam45875448,,Venda,Apartamento,55.0,ASA NORTE,BRASILIA,499000.0,9072.0,0.0,0.0,-15.7454,-47.8997,2025-07-27,1
1161708,5507745,924259,,Venda,Apartamento,269.0,ASA NORTE,BRASILIA,3250000.0,12081.0,5.0,3.0,-15.758,-47.8913,2025-07-27,8
1161827,5507862,VILLA151731V01,,Venda,Apartamento,101.0,ASA NORTE,BRASILIA,1390000.0,13762.0,3.0,1.0,-15.7797,-47.8869,2025-07-27,4
1161863,5507897,10634,,Venda,Apartamento,202.0,ASA NORTE,BRASILIA,2180000.0,10792.0,0.0,2.0,-15.7529,-47.8847,2025-07-27,3
1161911,5507948,1196774,,Venda,Apartamento,45.0,ASA NORTE,BRASILIA,665000.0,14784.0,1.0,0.0,-15.737,-47.891,2025-07-27,5
1161955,5507991,1050179,,Venda,Apartamento,95.0,ASA NORTE,BRASILIA,990000.0,10388.0,3.0,0.0,-15.7525,-47.881,2025-07-27,3
1161984,5508019,1070215,,Venda,Apartamento,100.0,ASA NORTE,BRASILIA,725000.0,7250.0,3.0,0.0,-15.7595,-47.8806,2025-07-27,6
1161988,5508023,TH31929,,Venda,Apartamento,48.0,ASA NORTE,BRASILIA,620000.0,12916.0,2.0,0.0,-15.7683,-47.8923,2025-07-27,0
1162053,5508088,AP0535,,Venda,Apartamento,45.0,ASA NORTE,BRASILIA,619000.0,13755.0,2.0,0.0,-15.754,-47.8807,2025-07-27,4
1162098,5508131,1171558,,Venda,Apartamento,113.0,ASA NORTE,BRASILIA,1580000.0,13982.0,0.0,1.0,-15.7757,-47.8831,2025-07-27,4
1162126,5508158,AP00384,,Venda,Apartamento,83.0,ASA NORTE,BRASILIA,1030000.0,12430.0,0.0,1.0,-15.7793,-47.8867,2025-07-27,0
1162156,5508187,FEN0010,,Venda,Apartamento,57.0,ASA NORTE,BRASILIA,679000.0,11912.0,2.0,0.0,-15.7403,-47.9001,2025-07-27,8
1162158,5508189,1157269,,Venda,Apartamento,122.0,ASA NORTE,BRASILIA,1200000.0,9836.0,3.0,0.0,-15.7469,-47.8979,2025-07-27,1
1162180,5508211,31631616,,Venda,Apartamento,86.0,ASA NORTE,BRASILIA,1050000.0,12209.0,3.0,0.0,-15.7395,-47.8974,2025-07-27,8
1162388,5508413,SQN215,,Venda,Apartamento,232.0,ASA NORTE,BRASILIA,2600000.0,11206.0,3.0,1.0,-15.7405,-47.8887,2025-07-27,8
1162520,5508543,JCL0113,,Venda,Apartamento,300.0,ASA NORTE,BRASILIA,3099000.0,10330.0,0.0,1.0,-15.7533,-47.8841,2025-07-27,3
1162544,5508566,TH25636,,Venda,Apartamento,272.0,ASA NORTE,BRASILIA,3300000.0,12112.0,3.0,3.0,-15.7495,-47.8858,2025-07-27,8
1162563,5508585,1177872,,Venda,Apartamento,182.0,ASA NORTE,BRASILIA,2400000.0,13186.0,0.0,1.0,-15.776,-47.886,2025-07-27,0
1162569,5508591,1197954,,Venda,Apartamento,181.0,ASA NORTE,BRASILIA,2480000.0,13693.0,4.0,1.0,-15.7695,-47.8833,2025-07-27,4
1162579,5508601,TH28367,,Venda,Apartamento,36.0,ASA NORTE,BRASILIA,490000.0,13517.0,2.0,0.0,-15.7456,-47.8972,2025-07-27,4
1162698,5508718,PIN00814,,Venda,Apartamento,118.0,ASA NORTE,BRASILIA,1400000.0,11903.0,0.0,1.0,-15.7794,-47.8787,2025-07-27,8
1162788,5508807,CCAR13,,Venda,Apartamento,137.0,ASA NORTE,BRASILIA,1796000.0,13109.0,0.0,1.0,-15.751,-47.8899,2025-07-27,0
1162815,5508834,VILLA149240V01,,Venda,Apartamento,90.0,ASA NORTE,BRASILIA,1050000.0,11666.0,3.0,1.0,-15.7392,-47.8967,2025-07-27,8
1162838,5508857,1137439,,Venda,Apartamento,233.0,ASA NORTE,BRASILIA,2440000.0,10472.0,4.0,2.0,-15.7549,-47.8916,2025-07-27,3
1162859,5508877,VDGPP,,Venda,Apartamento,100.0,ASA NORTE,BRASILIA,1599000.0,15990.0,0.0,1.0,-15.7794,-47.8787,2025-07-27,2
1162862,5508880,1168410,,Venda,Apartamento,52.0,ASA NORTE,BRASILIA,870000.0,16730.0,0.0,1.0,-15.7401,-47.8957,2025-07-27,2
1162965,5508982,884269,,Venda,Apartamento,240.0,ASA NORTE,BRASILIA,2490000.0,10375.0,0.0,2.0,-15.7529,-47.8847,2025-07-27,3
1162981,5508998,Fransqn309,,Venda,Apartamento,117.0,ASA NORTE,BRASILIA,1530000.0,13109.0,0.0,2.0,-15.7615,-47.8902,2025-07-27,0
1163089,5509103,1146821,,Venda,Apartamento,51.0,ASA NORTE,BRASILIA,700000.0,13722.0,2.0,0.0,-15.7402,-47.8851,2025-07-27,4
1163112,5509126,FAP036,,Venda,Apartamento,45.0,ASA NORTE,BRASILIA,619000.0,13755.0,2.0,0.0,-15.7555,-47.881,2025-07-27,4
1163133,5509146,VEN665,,Venda,Apartamento,44.0,ASA NORTE,BRASILIA,550000.0,12381.0,0.0,0.0,-15.7545,-47.8814,2025-07-27,0
1163241,5991869,AP0065,,Venda,Apartamento,123.0,ASA NORTE,BRASILIA,1620000.0,13170.0,0.0,1.0,-15.7576,-47.8905,2025-09-07,0
1163376,5509387,AP0547,,Venda,Apartamento,39.0,ASA NORTE,BRASILIA,415000.0,10641.0,1.0,0.0,-15.7442,-47.8947,2025-07-27,3
1163500,5509510,AP0353,,Venda,Apartamento,40.0,ASA NORTE,BRASILIA,260000.0,6500.0,1.0,0.0,-15.7634,-47.8919,2025-07-27,6
1163687,5509696,VEN659,,Venda,Apartamento,63.0,ASA NORTE,BRASILIA,570000.0,9016.0,0.0,0.0,-15.7728,-47.8911,2025-07-27,1
1163776,5509784,VILLA149792V01,,Venda,Apartamento,184.0,ASA NORTE,BRASILIA,3100000.0,16847.0,4.0,4.0,-15.7763,-47.8872,2025-07-27,2
1163811,5509819,1199645,,Venda,Apartamento,41.0,ASA NORTE,BRASILIA,570000.0,13828.0,1.0,0.0,-15.7644,-47.8782,2025-07-27,4
1163911,5992002,1214147,,Venda,Apartamento,248.0,ASA NORTE,BRASILIA,2250000.0,9072.0,4.0,1.0,-15.7463,-47.8939,2025-09-07,1
1163937,5509944,CO0009,,Venda,Apartamento,169.0,ASA NORTE,BRASILIA,2100000.0,12426.0,0.0,2.0,-15.7495,-47.8852,2025-07-27,0
1164077,5510086,1115988,,Venda,Apartamento,125.0,ASA NORTE,BRASILIA,1130000.0,9018.0,3.0,0.0,-15.7754,-47.8823,2025-07-27,1
1164096,5510105,1201781,,Venda,Apartamento,95.0,ASA NORTE,BRASILIA,1598000.0,16821.0,0.0,1.0,-15.7794,-47.8787,2025-07-27,2
1164149,5992044,1146821,,Venda,Apartamento,51.0,ASA NORTE,BRASILIA,700000.0,13722.0,2.0,0.0,-15.7402,-47.8851,2025-09-07,4
1164163,5992047,70737120,,Venda,Apartamento,112.0,ASA NORTE,BRASILIA,1500000.0,13363.0,0.0,1.0,-15.7723,-47.8869,2025-09-07,0
1164197,5510206,1167385,,Venda,Apartamento,75.0,ASA NORTE,BRASILIA,820000.0,10933.0,1.0,0.0,-15.7555,-47.881,2025-07-27,3
1164426,5510432,1193230,,Venda,Apartamento,27.0,ASA NORTE,BRASILIA,350000.0,13148.0,0.0,0.0,-15.7543,-47.9006,2025-07-27,0
1164440,5510446,1163868,,Venda,Apartamento,94.0,ASA NORTE,BRASILIA,1200000.0,12765.0,3.0,1.0,-15.7786,-47.8795,2025-07-27,0
1164612,5510615,DMS00169,,Venda,Apartamento,27.0,ASA NORTE,BRASILIA,379000.0,14037.0,0.0,1.0,0.0,0.0,2025-07-27,4
1164637,5510640,1116054,,Venda,Apartamento,84.0,ASA NORTE,BRASILIA,1150000.0,13690.0,0.0,1.0,-15.758,-47.8906,2025-07-27,4
1164713,5510716,1148942,,Venda,Apartamento,61.0,ASA NORTE,BRASILIA,730000.0,11967.0,0.0,0.0,-15.7382,-47.8899,2025-07-27,8
1164736,5510738,DQB02,,Venda,Apartamento,98.0,ASA NORTE,BRASILIA,1660000.0,16938.0,0.0,1.0,-15.7469,-47.8989,2025-07-27,2
1164841,5510842,1116057,,Venda,Apartamento,40.0,ASA NORTE,BRASILIA,455000.0,11489.0,0.0,0.0,-15.7442,-47.895,2025-07-27,8
1164879,5510880,1136327,,Venda,Apartamento,25.0,ASA NORTE,BRASILIA,280000.0,11200.0,0.0,1.0,-15.736,-47.9053,2025-07-27,8
1164908,5510908,AP00036,,Venda,Apartamento,110.0,ASA NORTE,BRASILIA,1470000.0,13363.0,0.0,2.0,-15.7549,-47.8916,2025-07-27,0
1164917,5510917,1098662,,Venda,Apartamento,95.0,ASA NORTE,BRASILIA,1350000.0,14258.0,3.0,1.0,-15.7549,-47.8916,2025-07-27,4
1164973,5510971,VILLA148184V01,,Venda,Apartamento,519.0,ASA NORTE,BRASILIA,6500000.0,12524.0,4.0,3.0,-15.7612,-47.8896,2025-07-27,0
1164976,5510974,1130286,,Venda,Apartamento,197.0,ASA NORTE,BRASILIA,2300000.0,11675.0,3.0,1.0,-15.7549,-47.8916,2025-07-27,8
1164997,5510994,969533,,Venda,Apartamento,192.0,ASA NORTE,BRASILIA,2280000.0,11871.0,0.0,2.0,-15.7406,-47.8925,2025-07-27,8
1165007,5511004,AP0240,,Venda,Apartamento,35.0,ASA NORTE,BRASILIA,219000.0,6257.0,0.0,0.0,-15.7523,-47.8955,2025-07-27,6
1165210,5511202,DJD2508,,Venda,Apartamento,38.0,ASA NORTE,BRASILIA,450000.0,11842.0,0.0,1.0,-15.7662,-47.8751,2025-07-27,8
1165243,5511235,DLV042,,Venda,Apartamento,45.0,ASA NORTE,BRASILIA,619000.0,13755.0,2.0,0.0,-15.7555,-47.881,2025-07-27,4
1165335,5511325,1197547,,Venda,Apartamento,45.0,ASA NORTE,BRASILIA,619000.0,13755.0,0.0,0.0,-15.7555,-47.881,2025-07-27,4
1165346,5511335,FAP028,,Venda,Apartamento,90.0,ASA NORTE,BRASILIA,785000.0,8722.0,0.0,0.0,-15.7782,-47.8758,2025-07-27,1
1165427,5511416,052,,Venda,Apartamento,33.0,ASA NORTE,BRASILIA,350000.0,10706.0,1.0,0.0,-15.7634,-47.8919,2025-07-27,3
1165482,5511471,AP1478,,Venda,Apartamento,95.0,ASA NORTE,BRASILIA,1450000.0,15263.0,3.0,0.0,-15.7532,-47.8838,2025-07-27,5
1165542,5511530,1199975,,Venda,Apartamento,78.0,ASA NORTE,BRASILIA,905000.0,11602.0,0.0,0.0,-15.7741,-47.8757,2025-07-27,8
1165553,5511541,800498,,Venda,Apartamento,33.0,ASA NORTE,BRASILIA,250000.0,7575.0,0.0,0.0,-15.7696,-47.892,2025-07-27,6
1165604,5511591,1077,,Venda,Apartamento,40.0,ASA NORTE,BRASILIA,415000.0,10375.0,0.0,0.0,-15.7442,-47.895,2025-07-27,3
1165631,5511618,FSF303,,Venda,Apartamento,45.0,ASA NORTE,BRASILIA,549000.0,12200.0,0.0,0.0,-15.7518,-47.8973,2025-07-27,8
1165649,5511636,AP00621,,Venda,Apartamento,57.0,ASA NORTE,BRASILIA,674000.0,11824.0,0.0,0.0,-15.7406,-47.9003,2025-07-27,8
1165778,5511766,888427,,Venda,Apartamento,132.0,ASA NORTE,BRASILIA,1600000.0,12121.0,0.0,1.0,-15.751,-47.8899,2025-07-27,8
1165827,5511815,VILLA75171A01,,Venda,Apartamento,46.0,ASA NORTE,BRASILIA,345000.0,7500.0,0.0,0.0,-15.7453,-47.898,2025-07-27,6
1165893,5511881,AP0125,,Venda,Apartamento,67.0,ASA NORTE,BRASILIA,639000.0,9537.0,0.0,0.0,-15.7733,-47.89,2025-07-27,1
1166002,5511995,AP0164,,Venda,Apartamento,58.0,ASA NORTE,BRASILIA,850000.0,14655.0,0.0,0.0,-15.7644,-47.8782,2025-07-27,5
1166015,5512008,1153064,,Venda,Apartamento,206.0,ASA NORTE,BRASILIA,2990000.0,14514.0,0.0,2.0,-15.7559,-47.8923,2025-07-27,4
1166038,5512031,DDA1021,,Venda,Apartamento,35.0,ASA NORTE,BRASILIA,350000.0,10000.0,2.0,0.0,-15.7768,-47.8886,2025-07-27,3
1166095,5512088,1185391,,Venda,Apartamento,45.0,ASA NORTE,BRASILIA,619000.0,13755.0,2.0,0.0,-15.754,-47.8807,2025-07-27,4
1166121,5512114,1167475,,Venda,Apartamento,45.0,ASA NORTE,BRASILIA,619000.0,13755.0,0.0,0.0,-15.754,-47.8807,2025-07-27,4
1166173,5512166,1189730,,Venda,Apartamento,67.0,ASA NORTE,BRASILIA,1200000.0,17827.0,0.0,1.0,-15.7526,-47.8918,2025-07-27,7
1166295,5512286,AP00109,,Venda,Apartamento,122.0,ASA NORTE,BRASILIA,1355000.0,11106.0,3.0,1.0,-15.7633,-47.8858,2025-07-27,3
1166329,5512319,4469,,Venda,Apartamento,300.0,ASA NORTE,BRASILIA,1800000.0,6000.0,7.0,1.0,-15.7768,-47.8886,2025-07-27,6
1166377,5992404,AP2540,,Venda,Apartamento,96.0,ASA NORTE,BRASILIA,1460000.0,15208.0,3.0,1.0,-15.755,-47.892,2025-09-07,5
1166480,5512467,VILLA151794V01,,Venda,Apartamento,127.0,ASA NORTE,BRASILIA,1700000.0,13385.0,0.0,1.0,-15.7383,-47.8939,2025-07-27,0
1166495,5512482,IMB1096,,Venda,Apartamento,160.0,ASA NORTE,BRASILIA,1880000.0,11753.0,0.0,1.0,-15.7829,-47.8779,2025-07-27,8
1166513,5512500,1196507,,Venda,Apartamento,122.0,ASA NORTE,BRASILIA,1800000.0,14754.0,3.0,0.0,-15.7672,-47.8877,2025-07-27,5
1166756,5512740,1191864,,Venda,Apartamento,168.0,ASA NORTE,BRASILIA,2195000.0,13091.0,4.0,1.0,-15.7417,-47.8928,2025-07-27,0
1166789,5512773,1043576,,Venda,Apartamento,38.0,ASA NORTE,BRASILIA,560000.0,14671.0,0.0,2.0,-15.7463,-47.8939,2025-07-27,5
1166793,5512777,707,,Venda,Apartamento,49.0,ASA NORTE,BRASILIA,690000.0,14081.0,0.0,0.0,-15.7683,-47.8923,2025-07-27,4
1166908,5512890,1043775,,Venda,Apartamento,123.0,ASA NORTE,BRASILIA,1660000.0,13527.0,0.0,0.0,-15.746,-47.8981,2025-07-27,4
1166938,5512920,1138549,,Venda,Apartamento,144.0,ASA NORTE,BRASILIA,2120000.0,14761.0,3.0,1.0,-15.7456,-47.8866,2025-07-27,5
1166978,5512960,RVM2V,,Venda,Apartamento,45.0,ASA NORTE,BRASILIA,645000.0,14333.0,0.0,0.0,-15.7555,-47.881,2025-07-27,4
1166993,5512975,1154254,,Venda,Apartamento,201.0,ASA NORTE,BRASILIA,3150000.0,15671.0,4.0,4.0,-15.7588,-47.8842,2025-07-27,5
1167116,5513098,,,Venda,Apartamento,25.0,ASA NORTE,BRASILIA,370000.0,14800.0,0.0,0.0,-15.7327,-47.8973,2025-07-27,5
1167117,5513099,P3017,,Venda,Apartamento,86.0,ASA NORTE,BRASILIA,1169000.0,13567.0,0.0,0.0,-15.7401,-47.897,2025-07-27,4
1167167,5992527,880221008-93,,Venda,Apartamento,61.0,ASA NORTE,BRASILIA,998000.0,16433.0,2.0,1.0,-15.7391,-47.8936,2025-09-07,2
1167179,5513160,AP404B308,,Venda,Apartamento,79.0,ASA NORTE,BRASILIA,730000.0,9240.0,3.0,0.0,-15.7741,-47.8757,2025-07-27,1
1167520,5513497,28865,,Venda,Apartamento,30.0,ASA NORTE,BRASILIA,230000.0,7666.0,0.0,0.0,-15.759,-47.8873,2025-07-27,6
1167629,5992588,CO9033,,Venda,Apartamento,63.0,ASA NORTE,BRASILIA,800000.0,12698.0,3.0,0.0,-15.7518,-47.8927,2025-09-07,0
1167672,5513646,VDI5,,Venda,Apartamento,125.0,ASA NORTE,BRASILIA,1600000.0,12800.0,4.0,1.0,-15.758,-47.8906,2025-07-27,0
1167680,5513654,AP00010,,Venda,Apartamento,80.0,ASA NORTE,BRASILIA,739000.0,9237.0,0.0,0.0,-15.7751,-47.8909,2025-07-27,1
1167778,5513750,CO8602,,Venda,Apartamento,209.0,ASA NORTE,BRASILIA,3500000.0,16784.0,0.0,1.0,-15.7533,-47.8841,2025-07-27,2
1167838,5992608,1186370,,Venda,Apartamento,25.0,ASA NORTE,BRASILIA,380000.0,15200.0,1.0,1.0,-15.7327,-47.8973,2025-09-07,5
1167972,5513942,1164610,,Venda,Apartamento,92.0,ASA NORTE,BRASILIA,930000.0,10108.0,0.0,1.0,-15.737,-47.891,2025-07-27,3
1168093,5514065,680394,,Venda,Apartamento,110.0,ASA NORTE,BRASILIA,1300000.0,11818.0,0.0,1.0,-15.7495,-47.893,2025-07-27,8
1168223,5514195,1078759,,Venda,Apartamento,90.0,ASA NORTE,BRASILIA,1320000.0,14666.0,3.0,1.0,-15.7401,-47.897,2025-07-27,5
1168299,5514270,DJD2515,,Venda,Apartamento,42.0,ASA NORTE,BRASILIA,610000.0,14600.0,0.0,0.0,-15.737,-47.891,2025-07-27,5
1168387,5514357,VILLA149652V01,,Venda,Apartamento,97.0,ASA NORTE,BRASILIA,770000.0,7938.0,0.0,0.0,-15.7589,-47.8809,2025-07-27,6
1168487,5992684,TH32445,,Venda,Apartamento,115.0,ASA NORTE,BRASILIA,1390000.0,12086.0,3.0,1.0,-15.7757,-47.8831,2025-09-07,8
1168505,5514472,AP0175,,Venda,Apartamento,35.0,ASA NORTE,BRASILIA,340000.0,9714.0,2.0,0.0,-15.7438,-47.8981,2025-07-27,1
1168522,5514489,VDN3PP,,Venda,Apartamento,50.0,ASA NORTE,BRASILIA,550000.0,11000.0,0.0,0.0,-15.7671,-47.8916,2025-07-27,3
1168546,5992690,TH33071,,Venda,Apartamento,42.0,ASA NORTE,BRASILIA,410000.0,9761.0,1.0,0.0,-15.7403,-47.8935,2025-09-07,1
1168562,5992693,1115891,,Venda,Apartamento,53.0,ASA NORTE,BRASILIA,780000.0,14716.0,0.0,1.0,-15.776,-47.8907,2025-09-07,5
1168575,5514541,1185386,,Venda,Apartamento,38.0,ASA NORTE,BRASILIA,350000.0,9210.0,0.0,0.0,-15.7516,-47.8977,2025-07-27,1
1168601,5992698,TH33337,,Venda,Apartamento,135.0,ASA NORTE,BRASILIA,1890000.0,14000.0,4.0,1.0,-15.7817,-47.8784,2025-09-07,4
1168654,5514619,VK4160V,,Venda,Apartamento,518.0,ASA NORTE,BRASILIA,6900000.0,13320.0,0.0,4.0,-15.7588,-47.8842,2025-07-27,0
1168699,5514662,1189882,,Venda,Apartamento,113.0,ASA NORTE,BRASILIA,965000.0,8539.0,0.0,1.0,-15.7513,-47.8933,2025-07-27,1
1168732,5514694,1181564,,Venda,Apartamento,95.0,ASA NORTE,BRASILIA,1250000.0,13157.0,2.0,1.0,-15.7526,-47.8918,2025-07-27,0
1168788,5992732,1222935,,Venda,Apartamento,78.0,ASA NORTE,BRASILIA,830000.0,10641.0,3.0,0.0,-15.7743,-47.8773,2025-09-07,3
1168880,5514841,1011693,,Venda,Apartamento,50.0,ASA NORTE,BRASILIA,400000.0,8000.0,2.0,0.0,-15.7461,-47.8975,2025-07-27,6
1169077,5992770,1217743,,Venda,Apartamento,21.0,ASA NORTE,BRASILIA,215000.0,10452.0,0.0,0.0,-15.7603,-47.8806,2025-09-07,3
1169112,5992775,1105341,,Venda,Apartamento,160.0,ASA NORTE,BRASILIA,2150000.0,13437.0,0.0,2.0,-15.7509,-47.8888,2025-09-07,0
1169118,5515075,P3132,,Venda,Apartamento,25.0,ASA NORTE,BRASILIA,355000.0,14200.0,0.0,1.0,-15.7543,-47.9006,2025-07-27,4
1169119,5992777,TH31878,,Venda,Apartamento,118.0,ASA NORTE,BRASILIA,1780000.0,15084.0,4.0,1.0,-15.7612,-47.8896,2025-09-07,5
1169128,5515085,AP00041,,Venda,Apartamento,132.0,ASA NORTE,BRASILIA,1850000.0,14015.0,0.0,1.0,-15.776,-47.886,2025-07-27,4
1169186,5992790,17-1,,Venda,Apartamento,136.0,ASA NORTE,BRASILIA,2050000.0,15073.0,0.0,0.0,-15.7495,-47.8858,2025-09-07,5
1169258,5992799,10987,,Venda,Apartamento,194.0,ASA NORTE,BRASILIA,3675000.0,18943.0,0.0,3.0,-15.7405,-47.8887,2025-09-07,7
1169296,5992809,1188482,,Venda,Apartamento,112.0,ASA NORTE,BRASILIA,1280000.0,11428.0,0.0,1.0,-15.7731,-47.8864,2025-09-07,8
1169304,5992811,10691,,Venda,Apartamento,57.0,ASA NORTE,BRASILIA,689000.0,12087.0,0.0,0.0,-15.7403,-47.9001,2025-09-07,8
1169356,5515309,4533,,Venda,Apartamento,78.0,ASA NORTE,BRASILIA,900000.0,11538.0,0.0,0.0,-15.775,-47.8754,2025-07-27,8
1169402,5515354,16-1,,Venda,Apartamento,100.0,ASA NORTE,BRASILIA,1090000.0,10900.0,0.0,0.0,-15.7616,-47.8789,2025-07-27,3
1169410,5992826,1163629,,Venda,Apartamento,166.0,ASA NORTE,BRASILIA,1850000.0,11167.0,0.0,1.0,-15.7603,-47.8896,2025-09-07,3
1169436,5992829,1116723,,Venda,Apartamento,184.0,ASA NORTE,BRASILIA,1360000.0,7391.0,0.0,1.0,-15.7742,-47.89,2025-09-07,6
1169469,5992833,880111037-92,,Venda,Apartamento,91.0,ASA NORTE,BRASILIA,957000.0,10519.0,0.0,0.0,-15.762,-47.8931,2025-09-07,3
1169471,5515421,VK4929,,Venda,Apartamento,166.0,ASA NORTE,BRASILIA,1850000.0,11144.0,0.0,1.0,-15.7612,-47.8896,2025-07-27,3
1169519,5992840,SQN2084qts,,Venda,Apartamento,124.0,ASA NORTE,BRASILIA,1830000.0,14758.0,0.0,2.0,-15.7613,-47.8829,2025-09-07,5
1169565,5515513,UB864,,Venda,Apartamento,70.0,ASA NORTE,BRASILIA,450000.0,6428.0,0.0,0.0,-15.7543,-47.8947,2025-07-27,6
1169575,5515523,AP01447,,Venda,Apartamento,125.0,ASA NORTE,BRASILIA,1520000.0,12160.0,0.0,2.0,-15.758,-47.8906,2025-07-27,8
1169631,5515579,VILLA148453V01,,Venda,Apartamento,31.0,ASA NORTE,BRASILIA,460000.0,14838.0,0.0,0.0,53.912,38.557,2025-07-27,5
1169637,5992858,1213351,,Venda,Apartamento,125.0,ASA NORTE,BRASILIA,1520000.0,12130.0,3.0,0.0,-15.7757,-47.8831,2025-09-07,8
1169640,5992860,1187032,,Venda,Apartamento,167.0,ASA NORTE,BRASILIA,2099000.0,12568.0,0.0,1.0,-15.7417,-47.8928,2025-09-07,0
1169680,5992865,880111037-60,,Venda,Apartamento,47.0,ASA NORTE,BRASILIA,563000.0,11988.0,0.0,0.0,-15.769,-47.892,2025-09-07,8
1169760,5992874,1116238,,Venda,Apartamento,107.0,ASA NORTE,BRASILIA,1450000.0,13551.0,0.0,1.0,-15.7464,-47.8954,2025-09-07,4
1169887,5515830,1092174,,Venda,Apartamento,113.0,ASA NORTE,BRASILIA,1430000.0,12654.0,0.0,1.0,-15.7665,-47.8849,2025-07-27,0
1169891,5992893,10675,,Venda,Apartamento,96.0,ASA NORTE,BRASILIA,1350000.0,14062.0,0.0,1.0,-15.7549,-47.8916,2025-09-07,4
1169938,5992899,21-1,,Venda,Apartamento,105.0,ASA NORTE,BRASILIA,860000.0,8190.0,0.0,0.0,-15.7644,-47.8782,2025-09-07,6
1169981,5992905,28946,,Venda,Apartamento,121.0,ASA NORTE,BRASILIA,1395000.0,11528.0,0.0,1.0,-15.7762,-47.8893,2025-09-07,8
1170037,5992909,1032919,,Venda,Apartamento,117.0,ASA NORTE,BRASILIA,1590000.0,13589.0,0.0,1.0,-15.7572,-47.8879,2025-09-07,4
1170042,5515983,1179636,,Venda,Apartamento,87.0,ASA NORTE,BRASILIA,990000.0,11379.0,0.0,1.0,-15.7395,-47.8974,2025-07-27,8
1170245,5992935,10923,,Venda,Apartamento,75.0,ASA NORTE,BRASILIA,870000.0,11600.0,0.0,1.0,-15.7392,-47.8967,2025-09-07,8
1170250,5516189,21052025,,Venda,Apartamento,95.0,ASA NORTE,BRASILIA,900000.0,9473.0,0.0,0.0,-15.7519,-47.8821,2025-07-27,1
1170339,5516277,1201161,,Venda,Apartamento,89.0,ASA NORTE,BRASILIA,850000.0,9550.0,3.0,0.0,-15.7682,-47.8772,2025-07-27,1
1170378,5992952,22-1,,Venda,Apartamento,125.0,ASA NORTE,BRASILIA,1680000.0,13440.0,0.0,1.0,-15.7672,-47.8877,2025-09-07,0
1170443,5992957,1000216,,Venda,Apartamento,105.0,ASA NORTE,BRASILIA,1379000.0,13133.0,3.0,1.0,-15.7384,-47.8962,2025-09-07,0
1170456,5992958,TH26521,,Venda,Apartamento,103.0,ASA NORTE,BRASILIA,1230000.0,11941.0,3.0,1.0,-15.7488,-47.8936,2025-09-07,8
1170528,5516464,1148849,,Venda,Apartamento,78.0,ASA NORTE,BRASILIA,795000.0,10192.0,0.0,0.0,-15.7519,-47.8821,2025-07-27,3
1170563,5516498,1186370,,Venda,Apartamento,25.0,ASA NORTE,BRASILIA,380000.0,15200.0,1.0,1.0,-15.7327,-47.8973,2025-07-27,5
1170575,5516510,1015596,,Venda,Apartamento,40.0,ASA NORTE,BRASILIA,320000.0,8000.0,0.0,0.0,-15.7514,-47.8973,2025-07-27,6
1170704,5516637,1187220,,Venda,Apartamento,83.0,ASA NORTE,BRASILIA,1200000.0,14457.0,2.0,1.0,-15.7505,-47.8872,2025-07-27,4
1170765,5993003,11154,,Venda,Apartamento,95.0,ASA NORTE,BRASILIA,699000.0,7357.0,0.0,0.0,-15.7533,-47.8826,2025-09-07,6
1170895,5516823,1217633,,Venda,Apartamento,36.0,ASA NORTE,BRASILIA,460000.0,12777.0,0.0,0.0,-15.7442,-47.8947,2025-07-27,0
1170899,5516827,1235,,Venda,Apartamento,123.0,ASA NORTE,BRASILIA,1480000.0,12032.0,0.0,1.0,-15.7633,-47.8858,2025-07-27,8
1170914,5993018,1043,,Venda,Apartamento,126.0,ASA NORTE,BRASILIA,1600000.0,12698.0,0.0,1.0,-15.7405,-47.8887,2025-09-07,0
1170966,5516893,1154868,,Venda,Apartamento,79.0,ASA NORTE,BRASILIA,720000.0,9113.0,0.0,1.0,-15.7724,-47.8771,2025-07-27,1
1170979,5993026,10838,,Venda,Apartamento,25.0,ASA NORTE,BRASILIA,315000.0,12600.0,0.0,1.0,-15.7543,-47.9006,2025-09-07,0
1171010,5516937,745657,,Venda,Apartamento,122.0,ASA NORTE,BRASILIA,1660000.0,13606.0,0.0,0.0,-15.746,-47.8981,2025-07-27,4
1171019,5516946,1176473,,Venda,Apartamento,112.0,ASA NORTE,BRASILIA,1450000.0,12946.0,0.0,1.0,-15.7535,-47.8857,2025-07-27,0
1171026,5516953,1164739,,Venda,Apartamento,140.0,ASA NORTE,BRASILIA,1190000.0,8500.0,0.0,1.0,-15.7616,-47.8789,2025-07-27,1
1171034,5516961,FEC0318,,Venda,Apartamento,120.0,ASA NORTE,BRASILIA,1570000.0,13083.0,0.0,1.0,-15.7436,-47.8965,2025-07-27,0
1171063,5516989,AR310,,Venda,Apartamento,270.0,ASA NORTE,BRASILIA,3250000.0,12037.0,0.0,3.0,-15.758,-47.8906,2025-07-27,8
1171067,5993037,10634,,Venda,Apartamento,202.0,ASA NORTE,BRASILIA,2180000.0,10792.0,0.0,2.0,-15.7529,-47.8847,2025-09-07,3
1171097,5993040,26971,,Venda,Apartamento,83.0,ASA NORTE,BRASILIA,1200000.0,14457.0,0.0,1.0,-15.7505,-47.8872,2025-09-07,4
1171128,5517053,1191678,,Venda,Apartamento,91.0,ASA NORTE,BRASILIA,1389000.0,15263.0,3.0,1.0,-15.7725,-47.8785,2025-07-27,5
1171149,5517073,FEC0173,,Venda,Apartamento,209.0,ASA NORTE,BRASILIA,3199000.0,15306.0,0.0,1.0,-15.7533,-47.8841,2025-07-27,5
1171151,5517075,936579,,Venda,Apartamento,112.0,ASA NORTE,BRASILIA,1600000.0,14285.0,0.0,1.0,-15.7757,-47.8831,2025-07-27,4
1171167,5993050,CO9619,,Venda,Apartamento,123.0,ASA NORTE,BRASILIA,2000000.0,16260.0,3.0,1.0,-15.7633,-47.8858,2025-09-07,2
1171169,5993051,1216596,,Venda,Apartamento,135.0,ASA NORTE,BRASILIA,1790000.0,13259.0,0.0,1.0,-15.7541,-47.8889,2025-09-07,0
1171222,5517145,1047682,,Venda,Apartamento,27.0,ASA NORTE,BRASILIA,300000.0,11111.0,0.0,0.0,-15.7748,-47.8893,2025-07-27,3
1171243,5517166,1154271,,Venda,Apartamento,134.0,ASA NORTE,BRASILIA,1590000.0,11825.0,3.0,1.0,-15.7761,-47.8856,2025-07-27,8
1171249,5517172,AP01538,,Venda,Apartamento,43.0,ASA NORTE,BRASILIA,355000.0,8255.0,1.0,0.0,-15.7749,-47.8903,2025-07-27,6
1171293,5993065,10887,,Venda,Apartamento,45.0,ASA NORTE,BRASILIA,630000.0,14000.0,0.0,0.0,-15.7555,-47.881,2025-09-07,4
1171371,5993075,6320,,Venda,Apartamento,100.0,ASA NORTE,BRASILIA,1599000.0,15990.0,0.0,0.0,-15.7794,-47.8787,2025-09-07,2
1171398,5517320,880331005-157,,Venda,Apartamento,189.0,ASA NORTE,BRASILIA,2180000.0,11519.0,3.0,0.0,-15.7586,-47.8894,2025-07-27,8
1171399,5517321,ESTRELACOBERTURA,,Venda,Apartamento,335.0,ASA NORTE,BRASILIA,5164000.0,15414.0,4.0,3.0,-15.7469,-47.8905,2025-07-27,5
1171403,5517325,DTP52,,Venda,Apartamento,102.0,ASA NORTE,BRASILIA,1690000.0,16568.0,3.0,2.0,-15.7731,-47.8864,2025-07-27,2
1171408,5517330,AP1143,,Venda,Apartamento,318.0,ASA NORTE,BRASILIA,3670000.0,11540.0,0.0,4.0,-15.7456,-47.8866,2025-07-27,8
1171416,5993079,24-1,,Venda,Apartamento,79.0,ASA NORTE,BRASILIA,799000.0,10113.0,0.0,0.0,-15.7712,-47.8766,2025-09-07,3
1171475,5993088,1093857,,Venda,Apartamento,127.0,ASA NORTE,BRASILIA,2069000.0,16291.0,0.0,2.0,-15.7613,-47.8829,2025-09-07,2
1171544,5517464,1148995,,Venda,Apartamento,100.0,ASA NORTE,BRASILIA,1250000.0,12500.0,3.0,1.0,-15.7398,-47.8959,2025-07-27,0
1171585,5993101,8979,,Venda,Apartamento,123.0,ASA NORTE,BRASILIA,1660000.0,13495.0,0.0,0.0,-15.7469,-47.8979,2025-09-07,4
1171595,5517514,1173068,,Venda,Apartamento,80.0,ASA NORTE,BRASILIA,515000.0,6437.0,3.0,0.0,-15.7768,-47.8886,2025-07-27,6
1171599,5993103,971480,,Venda,Apartamento,109.0,ASA NORTE,BRASILIA,1690000.0,15504.0,0.0,2.0,-15.7727,-47.8877,2025-09-07,5
1171657,5993112,2954,,Venda,Apartamento,270.0,ASA NORTE,BRASILIA,3100000.0,11481.0,0.0,3.0,-15.758,-47.8906,2025-09-07,8
1171767,5517684,1026026,,Venda,Apartamento,127.0,ASA NORTE,BRASILIA,1670000.0,13149.0,0.0,1.0,-15.7383,-47.8939,2025-07-27,0
1171820,5517736,1137653,,Venda,Apartamento,120.0,ASA NORTE,BRASILIA,1570000.0,13083.0,0.0,1.0,-15.7684,-47.8801,2025-07-27,0
1171908,5993142,VILLA151840V01,,Venda,Apartamento,86.0,ASA NORTE,BRASILIA,1400000.0,16279.0,0.0,1.0,-15.7401,-47.897,2025-09-07,2
1172000,5517914,1124346,,Venda,Apartamento,135.0,ASA NORTE,BRASILIA,1430000.0,10592.0,3.0,0.0,-15.7655,-47.892,2025-07-27,3
1172091,5518005,1106090,,Venda,Apartamento,28.0,ASA NORTE,BRASILIA,390000.0,14145.0,1.0,0.0,-15.7806,-47.89,2025-07-27,4
1172184,5993179,25-1,,Venda,Apartamento,79.0,ASA NORTE,BRASILIA,880000.0,11139.0,0.0,0.0,-15.7782,-47.8758,2025-09-07,3
1172240,5993188,9481,,Venda,Apartamento,40.0,ASA NORTE,BRASILIA,610000.0,15250.0,0.0,0.0,-15.7886,-47.8893,2025-09-07,5
1172279,5993195,03696,,Venda,Apartamento,181.0,ASA NORTE,BRASILIA,1950000.0,10766.0,0.0,1.0,-15.7695,-47.8833,2025-09-07,3
1172296,5518211,AP01488,,Venda,Apartamento,120.0,ASA NORTE,BRASILIA,1420000.0,11833.0,0.0,1.0,-15.7684,-47.8801,2025-07-27,8
1172311,5993200,P3269,,Venda,Apartamento,290.0,ASA NORTE,BRASILIA,3750000.0,12931.0,0.0,2.0,-15.747,-47.8883,2025-09-07,0
1172352,5993206,r96,,Venda,Apartamento,95.0,ASA NORTE,BRASILIA,840000.0,8842.0,0.0,0.0,-15.7519,-47.8821,2025-09-07,1
1172382,5993208,VILLA150662V01,,Venda,Apartamento,80.0,ASA NORTE,BRASILIA,920000.0,11500.0,0.0,1.0,-15.7495,-47.8858,2025-09-07,8
1172444,5518357,906719,,Venda,Apartamento,127.0,ASA NORTE,BRASILIA,1500000.0,11811.0,4.0,2.0,-15.7762,-47.8893,2025-07-27,8
1172450,5518363,1166531,,Venda,Apartamento,105.0,ASA NORTE,BRASILIA,1590000.0,15142.0,3.0,1.0,-15.7529,-47.8847,2025-07-27,5
1172463,5993220,10265,,Venda,Apartamento,79.0,ASA NORTE,BRASILIA,799000.0,10113.0,0.0,0.0,-15.7712,-47.8766,2025-09-07,3
1172558,5518469,ale45875412,,Venda,Apartamento,90.0,ASA NORTE,BRASILIA,1190000.0,13222.0,0.0,0.0,-15.7526,-47.8918,2025-07-27,0
1172564,5993237,10959,,Venda,Apartamento,154.0,ASA NORTE,BRASILIA,1800000.0,11688.0,0.0,1.0,-15.7698,-47.8838,2025-09-07,8
1172611,5518521,1131265,,Venda,Apartamento,91.0,ASA NORTE,BRASILIA,910000.0,10003.0,0.0,0.0,-15.7495,-47.8971,2025-07-27,3
1172652,5518560,70737120,,Venda,Apartamento,112.0,ASA NORTE,BRASILIA,1500000.0,13363.0,0.0,1.0,-15.7723,-47.8869,2025-07-27,0
1172691,5518598,DFSQN213,,Venda,Apartamento,260.0,ASA NORTE,BRASILIA,4300000.0,16538.0,0.0,3.0,-15.7464,-47.886,2025-07-27,2
1172706,5993257,DI817,,Venda,Apartamento,94.0,ASA NORTE,BRASILIA,1599000.0,17021.0,0.0,1.0,-15.7796,-47.8787,2025-09-07,2
1172714,5518620,1189995,,Venda,Apartamento,75.0,ASA NORTE,BRASILIA,750000.0,10000.0,0.0,0.0,-15.7495,-47.8819,2025-07-27,3
1172737,5518643,PD3167,,Venda,Apartamento,54.0,ASA NORTE,BRASILIA,480000.0,8940.0,2.0,2.0,-15.7765,-47.8896,2025-07-27,1
1172745,5993263,P3102,,Venda,Apartamento,202.0,ASA NORTE,BRASILIA,2180000.0,10792.0,0.0,2.0,-15.7521,-47.8848,2025-09-07,3
1172747,5518652,VK4849,,Venda,Apartamento,110.0,ASA NORTE,BRASILIA,1780000.0,16181.0,0.0,1.0,-15.7612,-47.8896,2025-07-27,2
1172780,5518685,AP0028,,Venda,Apartamento,70.0,ASA NORTE,BRASILIA,440000.0,6285.0,0.0,0.0,-15.7543,-47.8947,2025-07-27,6
1172797,5518702,1164023,,Venda,Apartamento,45.0,ASA NORTE,BRASILIA,619000.0,13755.0,0.0,0.0,-15.754,-47.8807,2025-07-27,4
1172846,5993278,1266581,,Venda,Apartamento,260.0,ASA NORTE,BRASILIA,4300000.0,16538.0,0.0,3.0,-15.7456,-47.8866,2025-09-07,2
1172879,5518783,1156389,,Venda,Apartamento,90.0,ASA NORTE,BRASILIA,910000.0,10111.0,0.0,0.0,-15.7545,-47.8808,2025-07-27,3
1172884,5993283,1197539,,Venda,Apartamento,95.0,ASA NORTE,BRASILIA,740000.0,7789.0,0.0,0.0,-15.7533,-47.8826,2025-09-07,6
1172979,5993297,1006253,,Venda,Apartamento,135.0,ASA NORTE,BRASILIA,1650000.0,12222.0,0.0,1.0,-15.7786,-47.8801,2025-09-07,8
1173021,5518923,AP01398,,Venda,Apartamento,79.0,ASA NORTE,BRASILIA,770000.0,9777.0,0.0,0.0,-15.7723,-47.8767,2025-07-27,1
1173031,5518933,1196408,,Venda,Apartamento,120.0,ASA NORTE,BRASILIA,1490000.0,12416.0,0.0,1.0,-15.7684,-47.8801,2025-07-27,0
1173051,5993305,RM1802,,Venda,Apartamento,95.0,ASA NORTE,BRASILIA,1579000.0,16621.0,3.0,1.0,-15.7796,-47.8787,2025-09-07,2
1173069,5518970,104,,Venda,Apartamento,112.0,ASA NORTE,BRASILIA,1350000.0,12083.0,0.0,1.0,-15.7757,-47.8831,2025-07-27,8
1173073,5993308,71790247,,Venda,Apartamento,34.0,ASA NORTE,BRASILIA,380000.0,11078.0,0.0,1.0,-15.7477,-47.9014,2025-09-07,3
1173087,5993310,P2987,,Venda,Apartamento,94.0,ASA NORTE,BRASILIA,1599000.0,17010.0,0.0,1.0,-15.7796,-47.8787,2025-09-07,2
1173117,5993312,FIS00284,,Venda,Apartamento,110.0,ASA NORTE,BRASILIA,1400000.0,12727.0,2.0,1.0,-15.7698,-47.8838,2025-09-07,0
1173138,5519037,VILLA151104V01,,Venda,Apartamento,109.0,ASA NORTE,BRASILIA,1579000.0,14486.0,3.0,1.0,-15.7731,-47.8864,2025-07-27,4
1173196,5519095,SCLN,,Venda,Apartamento,25.0,ASA NORTE,BRASILIA,160000.0,6400.0,0.0,0.0,-15.7541,-47.8825,2025-07-27,6
1173252,5519151,852276,,Venda,Apartamento,72.0,ASA NORTE,BRASILIA,925000.0,12847.0,2.0,1.0,-15.7792,-47.8893,2025-07-27,0
1173265,5993331,P3004,,Venda,Apartamento,257.0,ASA NORTE,BRASILIA,3500000.0,13618.0,4.0,0.0,-15.7583,-47.8826,2025-09-07,4
1173280,5519179,RM1935,,Venda,Apartamento,90.0,ASA NORTE,BRASILIA,1195000.0,13277.0,0.0,1.0,-15.7574,-47.89,2025-07-27,0
1173341,5519239,DAN096,,Venda,Apartamento,39.0,ASA NORTE,BRASILIA,299000.0,7666.0,0.0,0.0,-15.7452,-47.8988,2025-07-27,6
1173351,5993341,AP0271,,Venda,Apartamento,140.0,ASA NORTE,BRASILIA,1650000.0,11785.0,0.0,1.0,-15.7588,-47.8842,2025-09-07,8
1173375,5519272,24344,,Venda,Apartamento,133.0,ASA NORTE,BRASILIA,1860000.0,14018.0,4.0,1.0,-15.7816,-47.8786,2025-07-27,4
1173410,5993347,1017222,,Venda,Apartamento,238.0,ASA NORTE,BRASILIA,3150000.0,13244.0,0.0,2.0,-15.7569,-47.8874,2025-09-07,0
1173429,5519324,DLV041,,Venda,Apartamento,80.0,ASA NORTE,BRASILIA,770000.0,9625.0,3.0,0.0,-15.7712,-47.8766,2025-07-27,1
1173431,5519326,1187241,,Venda,Apartamento,80.0,ASA NORTE,BRASILIA,795000.0,9937.0,4.0,0.0,-15.7519,-47.8821,2025-07-27,1
1173483,5993356,RM1875,,Venda,Apartamento,112.0,ASA NORTE,BRASILIA,1279000.0,11393.0,3.0,0.0,-15.7723,-47.8869,2025-09-07,8
1173548,5519441,1027790,,Venda,Apartamento,33.0,ASA NORTE,BRASILIA,350000.0,10606.0,0.0,0.0,-15.7748,-47.8893,2025-07-27,3
1173727,5519618,AP01309,,Venda,Apartamento,129.0,ASA NORTE,BRASILIA,1520000.0,11782.0,0.0,1.0,-15.7388,-47.8977,2025-07-27,8
1173793,5519684,UB1610,,Venda,Apartamento,80.0,ASA NORTE,BRASILIA,540000.0,6750.0,3.0,0.0,-15.7461,-47.8975,2025-07-27,6
1173904,5519793,VK4933,,Venda,Apartamento,674.0,ASA NORTE,BRASILIA,10000000.0,14836.0,0.0,4.0,-15.7603,-47.8868,2025-07-27,5
1174162,5520049,Lets,,Venda,Apartamento,29.0,ASA NORTE,BRASILIA,369000.0,12724.0,1.0,1.0,-15.7909,-47.8853,2025-07-27,0
1174272,5520174,Dg82DF01,,Venda,Apartamento,92.0,ASA NORTE,BRASILIA,1599000.0,17380.0,3.0,0.0,-15.7794,-47.8787,2025-07-27,7
1174370,5520272,AP00040,,Venda,Apartamento,108.0,ASA NORTE,BRASILIA,1390000.0,12899.0,0.0,1.0,-15.7375,-47.8901,2025-07-27,0
1174386,5520288,777330,,Venda,Apartamento,24.0,ASA NORTE,BRASILIA,365000.0,15101.0,1.0,0.0,-15.7898,-47.8899,2025-07-27,5
1174410,5520311,AP00005,,Venda,Apartamento,230.0,ASA NORTE,BRASILIA,2990000.0,13000.0,0.0,0.0,-15.7559,-47.8923,2025-07-27,0
1174509,5520410,UB1616,,Venda,Apartamento,93.0,ASA NORTE,BRASILIA,1250000.0,13512.0,0.0,1.0,-15.737,-47.891,2025-07-27,4
1174554,5520454,1118329,,Venda,Apartamento,38.0,ASA NORTE,BRASILIA,230000.0,6115.0,0.0,0.0,-15.751,-47.8962,2025-07-27,6
1174565,5520464,SCRN,,Venda,Apartamento,33.0,ASA NORTE,BRASILIA,260000.0,7878.0,0.0,0.0,-15.7391,-47.9013,2025-07-27,6
1174577,5520476,DJD2536,,Venda,Apartamento,211.0,ASA NORTE,BRASILIA,2460000.0,11685.0,3.0,1.0,-15.7557,-47.8833,2025-07-27,8
1174586,5520485,1198507,,Venda,Apartamento,94.0,ASA NORTE,BRASILIA,1200000.0,12765.0,3.0,1.0,-15.7786,-47.8795,2025-07-27,0
1174587,5993479,741V-DFI,,Venda,Apartamento,56.0,ASA NORTE,BRASILIA,850000.0,15246.0,0.0,1.0,-15.7564,-47.8839,2025-09-07,5
1174657,5520556,AP01023,,Venda,Apartamento,150.0,ASA NORTE,BRASILIA,1800000.0,12000.0,0.0,0.0,-15.7405,-47.8887,2025-07-27,8
1174716,5520615,AP01316,,Venda,Apartamento,62.0,ASA NORTE,BRASILIA,795000.0,12822.0,0.0,1.0,-15.7382,-47.8899,2025-07-27,0
1174757,5520656,880161042-27,,Venda,Apartamento,44.0,ASA NORTE,BRASILIA,380000.0,8636.0,0.0,0.0,-15.7477,-47.9014,2025-07-27,1
1174769,5993493,10809,,Venda,Apartamento,132.0,ASA NORTE,BRASILIA,1850000.0,14015.0,0.0,1.0,-15.776,-47.886,2025-09-07,4
1174832,5520730,UB1650,,Venda,Apartamento,27.0,ASA NORTE,BRASILIA,270000.0,10000.0,0.0,1.0,-15.757,-47.8997,2025-07-27,3
1174857,5520754,1136471,,Venda,Apartamento,123.0,ASA NORTE,BRASILIA,1660000.0,13527.0,3.0,1.0,-15.746,-47.8981,2025-07-27,4
1174876,5520773,PIN00500,,Venda,Apartamento,60.0,ASA NORTE,BRASILIA,685000.0,11416.0,0.0,0.0,-15.7821,-47.8755,2025-07-27,8
1175006,5520901,MeuIMD141,,Venda,Apartamento,80.0,ASA NORTE,BRASILIA,1089999.0,13625.0,0.0,0.0,-15.7428,-47.9005,2025-07-27,4
1175055,5520949,1178989,,Venda,Apartamento,94.0,ASA NORTE,BRASILIA,845000.0,8989.0,0.0,48.0,-15.7518,-47.8927,2025-07-27,1
1175070,5993517,685966,,Venda,Apartamento,95.0,ASA NORTE,BRASILIA,910000.0,9548.0,0.0,0.0,-15.7525,-47.881,2025-09-07,1
1175120,5521013,AP00039,,Venda,Apartamento,138.0,ASA NORTE,BRASILIA,1750000.0,12636.0,4.0,2.0,-15.7417,-47.8928,2025-07-27,0
1175121,5521014,010,,Venda,Apartamento,107.0,ASA NORTE,BRASILIA,1400000.0,13084.0,0.0,1.0,-15.7404,-47.8883,2025-07-27,0
1175198,5521090,1194228,,Venda,Apartamento,94.0,ASA NORTE,BRASILIA,1550000.0,16489.0,0.0,1.0,-15.737,-47.891,2025-07-27,2
1175206,5521098,01630V-DFI,,Venda,Apartamento,143.0,ASA NORTE,BRASILIA,1750000.0,12237.0,3.0,1.0,-15.7509,-47.8888,2025-07-27,8
1175276,5521168,QUE104,,Venda,Apartamento,125.0,ASA NORTE,BRASILIA,1170000.0,9337.0,0.0,0.0,-15.7754,-47.8823,2025-07-27,1
1175308,5521200,1079480,,Venda,Apartamento,108.0,ASA NORTE,BRASILIA,1395000.0,12916.0,0.0,1.0,-15.7495,-47.8858,2025-07-27,0
1175326,5521219,1042865,,Venda,Apartamento,68.0,ASA NORTE,BRASILIA,750000.0,11029.0,0.0,0.0,-15.7514,-47.8828,2025-07-27,3
1175346,5521239,1156753,,Venda,Apartamento,51.0,ASA NORTE,BRASILIA,620000.0,12156.0,0.0,0.0,-15.7407,-47.9009,2025-07-27,8
1175354,5998654,UB1543,,Venda,Apartamento,110.0,ASA NORTE,BRASILIA,1470000.0,13363.0,0.0,2.0,-15.7551,-47.8927,2025-09-07,0
1175492,5521382,1096477,,Venda,Apartamento,110.0,ASA NORTE,BRASILIA,1580000.0,14363.0,0.0,2.0,-15.7551,-47.8927,2025-07-27,4
1175495,5521385,1035404,,Venda,Apartamento,96.0,ASA NORTE,BRASILIA,1410000.0,14687.0,0.0,2.0,-15.7502,-47.8859,2025-07-27,5
1175520,5521410,009703V-DFI,,Venda,Apartamento,35.0,ASA NORTE,BRASILIA,260000.0,7348.0,0.0,0.0,-15.7448,-47.8988,2025-07-27,6
1175923,5521809,1142889,,Venda,Apartamento,71.0,ASA NORTE,BRASILIA,980000.0,13793.0,0.0,1.0,-15.7661,-47.8856,2025-07-27,4
1176033,5521916,732140,,Venda,Apartamento,29.0,ASA NORTE,BRASILIA,309000.0,10655.0,0.0,1.0,-15.736,-47.9053,2025-07-27,3
1176131,5522012,CB039,,Venda,Apartamento,175.0,ASA NORTE,BRASILIA,2850000.0,16285.0,0.0,3.0,-15.7572,-47.8879,2025-07-27,2
1176177,5522058,1069123,,Venda,Apartamento,76.0,ASA NORTE,BRASILIA,850000.0,11184.0,0.0,1.0,-15.7508,-47.8923,2025-07-27,3
1176237,5522120,AP0354,,Venda,Apartamento,110.0,ASA NORTE,BRASILIA,1500000.0,13636.0,0.0,2.0,-15.7551,-47.8927,2025-07-27,4
1176338,5522219,VK2875,,Venda,Apartamento,225.0,ASA NORTE,BRASILIA,4000000.0,17777.0,0.0,3.0,-15.7792,-47.8857,2025-07-27,7
1176366,5522246,UB1579,,Venda,Apartamento,77.0,ASA NORTE,BRASILIA,799900.0,10388.0,0.0,0.0,-15.7386,-47.8855,2025-07-27,3
1176411,5522290,924549,,Venda,Apartamento,50.0,ASA NORTE,BRASILIA,595000.0,12012.0,2.0,0.0,-15.7706,-47.8916,2025-07-27,8
1176418,5522297,VDD4N,,Venda,Apartamento,74.0,ASA NORTE,BRASILIA,1190000.0,16081.0,0.0,1.0,-15.7549,-47.8916,2025-07-27,2
1176420,5522299,TH32533,,Venda,Apartamento,45.0,ASA NORTE,BRASILIA,630000.0,14000.0,0.0,0.0,-15.754,-47.8807,2025-07-27,4
1176475,5522354,1197379,,Venda,Apartamento,80.0,ASA NORTE,BRASILIA,830000.0,10375.0,0.0,0.0,-15.7682,-47.8772,2025-07-27,3
1176622,5522501,1016714,,Venda,Apartamento,208.0,ASA NORTE,BRASILIA,3199000.0,15379.0,0.0,1.0,-15.7529,-47.8847,2025-07-27,5
1176643,5993618,1034043,,Venda,Apartamento,130.0,ASA NORTE,BRASILIA,1380000.0,10615.0,0.0,1.0,-15.7405,-47.8887,2025-09-07,3
1176648,5522527,1119163,,Venda,Apartamento,25.0,ASA NORTE,BRASILIA,320000.0,12800.0,0.0,0.0,-15.7771,-47.8784,2025-07-27,0
1176744,5522621,1117560,,Venda,Apartamento,52.0,ASA NORTE,BRASILIA,670000.0,12884.0,0.0,0.0,-15.7401,-47.8957,2025-07-27,0
1176817,5522693,P2794,,Venda,Apartamento,105.0,ASA NORTE,BRASILIA,1590000.0,15142.0,0.0,1.0,-15.7529,-47.8847,2025-07-27,5
1176823,5522699,1200096,,Venda,Apartamento,74.0,ASA NORTE,BRASILIA,960000.0,12972.0,1.0,1.0,-15.762,-47.8909,2025-07-27,0
1176994,5522868,1125740,,Venda,Apartamento,144.0,ASA NORTE,BRASILIA,1750000.0,12174.0,0.0,1.0,-15.7723,-47.8793,2025-07-27,8
1177014,5993645,GM5448,,Venda,Apartamento,127.0,ASA NORTE,BRASILIA,1669000.0,13141.0,3.0,1.0,-15.7456,-47.8946,2025-09-07,0
1177054,5522927,AP0388,,Venda,Apartamento,99.0,ASA NORTE,BRASILIA,1460000.0,14747.0,0.0,1.0,-15.7549,-47.8916,2025-07-27,5
1177095,5993654,TH26807,,Venda,Apartamento,41.0,ASA NORTE,BRASILIA,350000.0,8536.0,1.0,0.0,-15.7748,-47.8893,2025-09-07,1
1177097,5522970,1179641,,Venda,Apartamento,78.0,ASA NORTE,BRASILIA,700000.0,8974.0,4.0,0.0,-15.7535,-47.882,2025-07-27,1
1177121,5522994,2082597,,Venda,Apartamento,50.0,ASA NORTE,BRASILIA,695000.0,13900.0,0.0,0.0,-15.7683,-47.8923,2025-07-27,4
1177139,5523012,SQN,,Venda,Apartamento,62.0,ASA NORTE,BRASILIA,720000.0,11612.0,0.0,0.0,-15.7674,-47.8784,2025-07-27,8
1177149,5523022,P3041,,Venda,Apartamento,98.0,ASA NORTE,BRASILIA,1700000.0,17418.0,0.0,1.0,-15.7529,-47.8847,2025-07-27,7
1177150,5523023,AP01340,,Venda,Apartamento,123.0,ASA NORTE,BRASILIA,1430000.0,11626.0,0.0,1.0,-15.7647,-47.8897,2025-07-27,8
1177186,5523059,ALE56325632,,Venda,Apartamento,135.0,ASA NORTE,BRASILIA,1860000.0,13777.0,0.0,1.0,-15.754,-47.8878,2025-07-27,4
1177256,5523128,1190629,,Venda,Apartamento,96.0,ASA NORTE,BRASILIA,900000.0,9375.0,3.0,0.0,-15.7519,-47.8821,2025-07-27,1
1177379,5523251,JULIA401,,Venda,Apartamento,94.0,ASA NORTE,BRASILIA,1050000.0,11170.0,0.0,0.0,-15.7525,-47.881,2025-07-27,3
1177433,5523304,1192380,,Venda,Apartamento,139.0,ASA NORTE,BRASILIA,1580000.0,11366.0,3.0,1.0,-15.7588,-47.8842,2025-07-27,8
1177454,5523325,AP0065,,Venda,Apartamento,123.0,ASA NORTE,BRASILIA,1620000.0,13170.0,0.0,1.0,-15.7576,-47.8905,2025-07-27,0
1177530,5523400,1188780,,Venda,Apartamento,64.0,ASA NORTE,BRASILIA,850000.0,13327.0,0.0,0.0,-15.7595,-47.8806,2025-07-27,0
1177664,5993681,10012,,Venda,Apartamento,79.0,ASA NORTE,BRASILIA,825000.0,10443.0,3.0,0.0,-15.7782,-47.8758,2025-09-07,3
1177681,5523549,1189685,,Venda,Apartamento,30.0,ASA NORTE,BRASILIA,405000.0,13500.0,0.0,1.0,-15.7639,-47.8933,2025-07-27,4
1177736,5523604,1184867,,Venda,Apartamento,95.0,ASA NORTE,BRASILIA,970000.0,10210.0,3.0,0.0,-15.7519,-47.8821,2025-07-27,3
1177794,5523662,1186102,,Venda,Apartamento,28.0,ASA NORTE,BRASILIA,335000.0,11964.0,0.0,0.0,-15.7575,-47.8825,2025-07-27,8
1177817,5523685,1136895,,Venda,Apartamento,75.0,ASA NORTE,BRASILIA,590000.0,7898.0,0.0,0.0,-15.7633,-47.8923,2025-07-27,6
1177857,5523725,ALE253654,,Venda,Apartamento,55.0,ASA NORTE,BRASILIA,498000.0,9054.0,0.0,0.0,-15.7454,-47.8997,2025-07-27,1
1177908,5523776,JOB0017,,Venda,Apartamento,44.0,ASA NORTE,BRASILIA,470000.0,10681.0,0.0,0.0,-15.7513,-47.8857,2025-07-27,3
1177978,5523846,1166755,,Venda,Apartamento,97.0,ASA NORTE,BRASILIA,1847000.0,19011.0,3.0,2.0,-15.7609,-47.8862,2025-07-27,7
1178084,5523951,RM1861,,Venda,Apartamento,137.0,ASA NORTE,BRASILIA,1699000.0,12401.0,0.0,1.0,-15.7518,-47.8891,2025-07-27,0
1178145,5524010,P2803,,Venda,Apartamento,29.0,ASA NORTE,BRASILIA,235000.0,8159.0,0.0,0.0,-15.7391,-47.8896,2025-07-27,6
1178215,5524080,1170230,,Venda,Apartamento,34.0,ASA NORTE,BRASILIA,405000.0,11807.0,0.0,1.0,-15.7662,-47.8751,2025-07-27,8
1178269,5524134,10173,,Venda,Apartamento,49.0,ASA NORTE,BRASILIA,590000.0,12040.0,0.0,0.0,-15.7682,-47.8919,2025-07-27,8
1178286,5524151,OV218,,Venda,Apartamento,93.0,ASA NORTE,BRASILIA,945000.0,10215.0,3.0,1.0,-15.7371,-47.8912,2025-07-27,3
1178427,5524290,1016723,,Venda,Apartamento,208.0,ASA NORTE,BRASILIA,3199000.0,15379.0,0.0,1.0,-15.7529,-47.8847,2025-07-27,5
1178454,5524317,252823AN,,Venda,Apartamento,99.0,ASA NORTE,BRASILIA,1150000.0,11629.0,0.0,2.0,-15.7886,-47.8893,2025-07-27,8
1178458,5524321,1045218,,Venda,Apartamento,124.0,ASA NORTE,BRASILIA,1350000.0,10893.0,0.0,1.0,-15.7637,-47.8898,2025-07-27,3
1178465,5524328,JOB017,,Venda,Apartamento,30.0,ASA NORTE,BRASILIA,460000.0,15333.0,1.0,1.0,-15.7662,-47.8751,2025-07-27,5
1178471,5993701,1097095,,Venda,Apartamento,41.0,ASA NORTE,BRASILIA,519000.0,12658.0,2.0,0.0,-15.7512,-47.8967,2025-09-07,0
1178563,5524425,1052068,,Venda,Apartamento,51.0,ASA NORTE,BRASILIA,420000.0,8235.0,0.0,0.0,-15.7426,-47.8986,2025-07-27,6
1178570,5524432,1072247,,Venda,Apartamento,68.0,ASA NORTE,BRASILIA,860000.0,12663.0,0.0,0.0,-15.7378,-47.8942,2025-07-27,0
1178614,5993735,1183938,,Venda,Apartamento,260.0,ASA NORTE,BRASILIA,4100000.0,15769.0,0.0,3.0,-15.7456,-47.8866,2025-09-07,2
1178646,5524510,P3250,,Venda,Apartamento,290.0,ASA NORTE,BRASILIA,3898000.0,13441.0,0.0,2.0,-15.747,-47.8883,2025-07-27,0
1178655,5524519,AP0016,,Venda,Apartamento,78.0,ASA NORTE,BRASILIA,830000.0,10641.0,3.0,0.0,-15.7669,-47.8764,2025-07-27,3
1178673,5993760,945976,,Venda,Apartamento,240.0,ASA NORTE,BRASILIA,2490000.0,10375.0,4.0,2.0,-15.7529,-47.8847,2025-09-07,3
1178818,5993808,10407,,Venda,Apartamento,110.0,ASA NORTE,BRASILIA,1470000.0,13363.0,0.0,2.0,-15.7549,-47.8916,2025-09-07,0
1178835,5524701,1184001,,Venda,Apartamento,78.0,ASA NORTE,BRASILIA,840000.0,10769.0,0.0,0.0,-15.7781,-47.8752,2025-07-27,3
1178917,5524785,UB440,,Venda,Apartamento,300.0,ASA NORTE,BRASILIA,3500000.0,11666.0,0.0,1.0,-15.7529,-47.8847,2025-07-27,8
1178932,5524800,PIN00295,,Venda,Apartamento,65.0,ASA NORTE,BRASILIA,820000.0,12615.0,0.0,1.0,-15.7401,-47.8957,2025-07-27,0
1178951,5524819,P3249V,,Venda,Apartamento,100.0,ASA NORTE,BRASILIA,1500000.0,15000.0,0.0,1.0,-15.7396,-47.8942,2025-07-27,5
1178954,5524822,MeuIMD346,,Venda,Apartamento,91.0,ASA NORTE,BRASILIA,1100000.0,12087.0,0.0,0.0,-15.7639,-47.8922,2025-07-27,8
1178993,5524860,1182161,,Venda,Apartamento,376.0,ASA NORTE,BRASILIA,3572000.0,9500.0,4.0,4.0,-15.7451,-47.8956,2025-07-27,1
1179003,5993854,UB1682,,Venda,Apartamento,137.0,ASA NORTE,BRASILIA,1570000.0,11459.0,0.0,1.0,-15.751,-47.8899,2025-09-07,8
1179054,5993865,28000,,Venda,Apartamento,115.0,ASA NORTE,BRASILIA,999000.0,8686.0,0.0,0.0,-15.7542,-47.8952,2025-09-07,1
1179063,5993874,23-1,,Venda,Apartamento,125.0,ASA NORTE,BRASILIA,1290000.0,10320.0,0.0,0.0,-15.7726,-47.8836,2025-09-07,3
1179108,5993890,1180223,,Venda,Apartamento,60.0,ASA NORTE,BRASILIA,650000.0,10833.0,2.0,0.0,-15.7528,-47.8935,2025-09-07,3
1179119,5993900,CO9618,,Venda,Apartamento,70.0,ASA NORTE,BRASILIA,1170000.0,16714.0,2.0,1.0,-15.737,-47.891,2025-09-07,2
1179142,5993910,1121860,,Venda,Apartamento,181.0,ASA NORTE,BRASILIA,2040000.0,11270.0,0.0,1.0,-15.7695,-47.8833,2025-09-07,8
1179148,5993916,28963,,Venda,Apartamento,159.0,ASA NORTE,BRASILIA,1899999.0,11949.0,0.0,1.0,-15.7829,-47.8779,2025-09-07,8
1179149,5525018,4,,Venda,Apartamento,168.0,ASA NORTE,BRASILIA,1790000.0,10654.0,0.0,1.0,-15.7495,-47.8858,2025-07-27,3
1179156,5525025,1043791,,Venda,Apartamento,248.0,ASA NORTE,BRASILIA,3500000.0,14112.0,0.0,4.0,-15.7572,-47.8879,2025-07-27,4
1179200,5993924,880321122-1,,Venda,Apartamento,178.0,ASA NORTE,BRASILIA,2230000.0,12528.0,2.0,0.0,-15.7498,-47.8867,2025-09-07,0
1179259,5525126,AP0205,,Venda,Apartamento,45.0,ASA NORTE,BRASILIA,619000.0,13755.0,2.0,0.0,-15.754,-47.8807,2025-07-27,4
1179417,5525284,71705-535,,Venda,Apartamento,160.0,ASA NORTE,BRASILIA,2720000.0,16952.0,4.0,3.0,-15.7405,-47.8887,2025-07-27,2
1179591,5525458,480074,,Venda,Apartamento,60.0,ASA NORTE,BRASILIA,990000.0,16500.0,0.0,0.0,-15.7909,-47.8853,2025-07-27,2
1179603,5525470,AP0051,,Venda,Apartamento,132.0,ASA NORTE,BRASILIA,1850000.0,14015.0,3.0,1.0,-15.7763,-47.8872,2025-07-27,4
1179656,5525524,1202424,,Venda,Apartamento,137.0,ASA NORTE,BRASILIA,1570000.0,11459.0,3.0,1.0,-15.751,-47.8899,2025-07-27,8
1179681,5994050,880241011-203,,Venda,Apartamento,344.0,ASA NORTE,BRASILIA,4200000.0,12221.0,0.0,3.0,-15.7602,-47.886,2025-09-07,8
1179731,5525599,1201100,,Venda,Apartamento,34.0,ASA NORTE,BRASILIA,320000.0,9411.0,0.0,0.0,-15.7438,-47.8976,2025-07-27,1
1179754,5525622,1166669,,Venda,Apartamento,49.0,ASA NORTE,BRASILIA,590000.0,12040.0,0.0,0.0,-15.769,-47.892,2025-07-27,8
1179758,5525626,4528,,Venda,Apartamento,94.0,ASA NORTE,BRASILIA,1380000.0,14680.0,0.0,1.0,-15.7786,-47.8795,2025-07-27,5
1179768,5525636,AP01443,,Venda,Apartamento,200.0,ASA NORTE,BRASILIA,2590000.0,12950.0,4.0,2.0,-15.758,-47.8906,2025-07-27,0
1179775,5994077,1217103,,Venda,Apartamento,120.0,ASA NORTE,BRASILIA,1520000.0,12666.0,3.0,1.0,-15.7425,-47.8956,2025-09-07,0
1179776,5994078,VILLA151703V01,,Venda,Apartamento,180.0,ASA NORTE,BRASILIA,2300000.0,12777.0,0.0,2.0,-15.7612,-47.8896,2025-09-07,0
1179887,5994105,LV0315,,Venda,Apartamento,135.0,ASA NORTE,BRASILIA,1790000.0,13259.0,0.0,1.0,-15.7541,-47.8889,2025-09-07,0
1179892,5994110,854804,,Venda,Apartamento,270.0,ASA NORTE,BRASILIA,3100000.0,11481.0,0.0,3.0,-15.758,-47.8906,2025-09-07,8
1179930,5994117,10901,,Venda,Apartamento,134.0,ASA NORTE,BRASILIA,1580000.0,11791.0,0.0,1.0,-15.776,-47.886,2025-09-07,8
1179935,5994120,CO9624,,Venda,Apartamento,78.0,ASA NORTE,BRASILIA,810000.0,10384.0,3.0,0.0,-15.7741,-47.8757,2025-09-07,3
1179944,5994129,1177299,,Venda,Apartamento,38.0,ASA NORTE,BRASILIA,395000.0,10533.0,0.0,0.0,-15.7477,-47.9014,2025-09-07,3
1179945,5994130,1177300,,Venda,Apartamento,90.0,ASA NORTE,BRASILIA,1185000.0,13166.0,0.0,1.0,-15.7574,-47.89,2025-09-07,0
1179949,5994134,10623,,Venda,Apartamento,94.0,ASA NORTE,BRASILIA,1350000.0,14361.0,3.0,1.0,-15.7549,-47.8916,2025-09-07,4
1180011,5994165,1182092,,Venda,Apartamento,260.0,ASA NORTE,BRASILIA,4300000.0,16538.0,0.0,3.0,-15.7456,-47.8866,2025-09-07,2
1180014,5994168,1210603,,Venda,Apartamento,132.0,ASA NORTE,BRASILIA,1790000.0,13560.0,3.0,1.0,-15.776,-47.886,2025-09-07,4
1180016,5994170,1164132y,,Venda,Apartamento,135.0,ASA NORTE,BRASILIA,1690000.0,12546.0,0.0,1.0,-15.7541,-47.8889,2025-09-07,0
1180069,5994202,PSIL0292,,Venda,Apartamento,175.0,ASA NORTE,BRASILIA,2780000.0,15885.0,3.0,3.0,-15.7812,-47.8892,2025-09-07,2
1180134,5526007,1150097,,Venda,Apartamento,192.0,ASA NORTE,BRASILIA,2890000.0,15052.0,3.0,2.0,-15.7736,-47.8861,2025-07-27,5
1180221,5994249,880241010-44,,Venda,Apartamento,29.0,ASA NORTE,BRASILIA,295000.0,10137.0,0.0,1.0,-15.7477,-47.9014,2025-09-07,3
1180237,5526112,1188398,,Venda,Apartamento,35.0,ASA NORTE,BRASILIA,270000.0,7794.0,2.0,0.0,-15.752,-47.8951,2025-07-27,6
1180270,5994255,1054704,,Venda,Apartamento,137.0,ASA NORTE,BRASILIA,1630000.0,11897.0,0.0,1.0,-15.7518,-47.8891,2025-09-07,8
1180277,5994261,678751V,,Venda,Apartamento,102.0,ASA NORTE,BRASILIA,820000.0,8039.0,0.0,0.0,-15.7621,-47.894,2025-09-07,6
1180318,5994267,1224748,,Venda,Apartamento,135.0,ASA NORTE,BRASILIA,1690000.0,12518.0,0.0,1.0,-15.758,-47.8906,2025-09-07,0
1180325,5994273,1133324,,Venda,Apartamento,108.0,ASA NORTE,BRASILIA,1200000.0,11111.0,0.0,0.0,-15.7533,-47.8966,2025-09-07,3
1180327,5994275,AP2497,,Venda,Apartamento,25.0,ASA NORTE,BRASILIA,360000.0,14400.0,0.0,1.0,-15.7327,-47.8973,2025-09-07,4
1180473,5994300,1167886,,Venda,Apartamento,208.0,ASA NORTE,BRASILIA,2195000.0,10552.0,0.0,1.0,-15.758,-47.8906,2025-09-07,3
1180474,5994301,AP0754,,Venda,Apartamento,124.0,ASA NORTE,BRASILIA,1580000.0,12741.0,0.0,1.0,-15.7633,-47.8858,2025-09-07,0
1180500,5526381,AP01352,,Venda,Apartamento,137.0,ASA NORTE,BRASILIA,1600000.0,11678.0,0.0,1.0,-15.751,-47.8899,2025-07-27,8
1180605,5526486,1144370,,Venda,Apartamento,89.0,ASA NORTE,BRASILIA,1169000.0,13134.0,3.0,0.0,-15.7401,-47.897,2025-07-27,0
1180647,5526529,1186537,,Venda,Apartamento,80.0,ASA NORTE,BRASILIA,769000.0,9612.0,0.0,0.0,-15.7782,-47.8758,2025-07-27,1
1180690,5526572,1199255,,Venda,Apartamento,135.0,ASA NORTE,BRASILIA,1690000.0,12546.0,0.0,1.0,-15.7534,-47.8891,2025-07-27,0
1180696,5526578,1153569,,Venda,Apartamento,122.0,ASA NORTE,BRASILIA,1524000.0,12443.0,0.0,1.0,-15.7405,-47.8887,2025-07-27,0
1180725,5526607,2006CULL311020V,,Venda,Apartamento,30.0,ASA NORTE,BRASILIA,570000.0,19000.0,0.0,1.0,-15.7898,-47.8899,2025-07-27,7
1180758,5994360,1199913,,Venda,Apartamento,125.0,ASA NORTE,BRASILIA,1600000.0,12800.0,0.0,0.0,-15.7732,-47.8826,2025-09-07,0
1180779,5526661,AP0116,,Venda,Apartamento,130.0,ASA NORTE,BRASILIA,1850000.0,14230.0,4.0,2.0,-15.7613,-47.8829,2025-07-27,4
1180797,5526679,1171484,,Venda,Apartamento,60.0,ASA NORTE,BRASILIA,350000.0,5833.0,1.0,0.0,-15.7736,-47.8901,2025-07-27,6
1180847,5526729,AP1125,,Venda,Apartamento,125.0,ASA NORTE,BRASILIA,1250000.0,10000.0,3.0,0.0,-15.7731,-47.8828,2025-07-27,3
1180878,5994388,1215430,,Venda,Apartamento,102.0,ASA NORTE,BRASILIA,1720000.0,16862.0,0.0,2.0,-15.7731,-47.8864,2025-09-07,2
1180931,5994395,1109563,,Venda,Apartamento,168.0,ASA NORTE,BRASILIA,2195000.0,13088.0,0.0,1.0,-15.7409,-47.8938,2025-09-07,0
1180932,5994396,1128379,,Venda,Apartamento,90.0,ASA NORTE,BRASILIA,1020000.0,11387.0,0.0,1.0,-15.7392,-47.8967,2025-09-07,8
1180994,5526875,1179047,,Venda,Apartamento,220.0,ASA NORTE,BRASILIA,3050000.0,13863.0,0.0,2.0,-15.7464,-47.886,2025-07-27,4
1181022,5994414,896731,,Venda,Apartamento,143.0,ASA NORTE,BRASILIA,1890000.0,13216.0,4.0,1.0,-15.7456,-47.8866,2025-09-07,0
1181089,5994435,AP2496,,Venda,Apartamento,25.0,ASA NORTE,BRASILIA,360000.0,14400.0,0.0,1.0,-15.7327,-47.8973,2025-09-07,4
1181109,5526990,AP0472,,Venda,Apartamento,172.0,ASA NORTE,BRASILIA,1850000.0,10755.0,3.0,1.0,-15.7449,-47.8923,2025-07-27,3
1181143,5994447,1202424,,Venda,Apartamento,137.0,ASA NORTE,BRASILIA,1570000.0,11459.0,0.0,1.0,-15.751,-47.8899,2025-09-07,8
1181229,5994461,TH29616,,Venda,Apartamento,47.0,ASA NORTE,BRASILIA,349000.0,7425.0,2.0,0.0,-15.7578,-47.8945,2025-09-07,6
1181327,5527207,925314,,Venda,Apartamento,80.0,ASA NORTE,BRASILIA,850000.0,10625.0,0.0,0.0,-15.7512,-47.892,2025-07-27,3
1181349,5527228,DMC00115,,Venda,Apartamento,110.0,ASA NORTE,BRASILIA,1780000.0,16181.0,4.0,1.0,-15.7612,-47.8896,2025-07-27,2
1181355,5994484,1217689,,Venda,Apartamento,123.0,ASA NORTE,BRASILIA,1479000.0,12024.0,0.0,1.0,-15.7633,-47.8858,2025-09-07,8
1181363,5994490,28277,,Venda,Apartamento,100.0,ASA NORTE,BRASILIA,1599000.0,15990.0,0.0,1.0,-15.7796,-47.8787,2025-09-07,2
1181389,5527268,1131242,,Venda,Apartamento,79.0,ASA NORTE,BRASILIA,1190000.0,15063.0,0.0,1.0,-15.7787,-47.8865,2025-07-27,5
1181395,5527274,P3106,,Venda,Apartamento,154.0,ASA NORTE,BRASILIA,1850000.0,12012.0,0.0,1.0,-15.7698,-47.8839,2025-07-27,8
1181398,5527277,FMX911,,Venda,Apartamento,205.0,ASA NORTE,BRASILIA,3170000.0,15463.0,3.0,2.0,-15.7529,-47.8847,2025-07-27,5
1181450,5994500,1096537,,Venda,Apartamento,95.0,ASA NORTE,BRASILIA,1245000.0,13105.0,3.0,1.0,-15.7794,-47.8787,2025-09-07,0
1181505,5994512,20-1,,Venda,Apartamento,52.0,ASA NORTE,BRASILIA,790000.0,15192.0,0.0,0.0,-15.7644,-47.8782,2025-09-07,5
1181597,5994532,TH29611,,Venda,Apartamento,160.0,ASA NORTE,BRASILIA,2400000.0,15000.0,4.0,2.0,-15.7456,-47.8946,2025-09-07,5
1181846,5994593,TH30120,,Venda,Apartamento,80.0,ASA NORTE,BRASILIA,780000.0,9750.0,3.0,0.0,-15.7741,-47.8757,2025-09-07,1
1181922,5994620,1119646,,Venda,Apartamento,42.0,ASA NORTE,BRASILIA,520000.0,12380.0,0.0,0.0,-15.7453,-47.8992,2025-09-07,0
1182010,5994641,FJJ0533,,Venda,Apartamento,100.0,ASA NORTE,BRASILIA,980000.0,9800.0,0.0,0.0,-15.7523,-47.8937,2025-09-07,1
1182130,5994674,03772,,Venda,Apartamento,79.0,ASA NORTE,BRASILIA,780000.0,9904.0,0.0,0.0,-15.7743,-47.8773,2025-09-07,1
1182369,5994733,TA2265,,Venda,Apartamento,90.0,ASA NORTE,BRASILIA,1350000.0,15000.0,0.0,1.0,-15.7529,-47.8847,2025-09-07,5
1182455,5994746,1217759,,Venda,Apartamento,90.0,ASA NORTE,BRASILIA,1349000.0,14909.0,0.0,1.0,-15.7529,-47.8847,2025-09-07,5
1182458,5994749,960431,,Venda,Apartamento,245.0,ASA NORTE,BRASILIA,3500000.0,14285.0,4.0,4.0,-15.7569,-47.8874,2025-09-07,4
1182509,5994764,1199916,,Venda,Apartamento,134.0,ASA NORTE,BRASILIA,1590000.0,11865.0,0.0,1.0,-15.776,-47.886,2025-09-07,8
1182555,5994771,FIS00237,,Venda,Apartamento,189.0,ASA NORTE,BRASILIA,2149000.0,11370.0,0.0,1.0,-15.7698,-47.8838,2025-09-07,8
1182693,5994801,1192462,,Venda,Apartamento,202.0,ASA NORTE,BRASILIA,2180000.0,10792.0,2.0,1.0,-15.7521,-47.8848,2025-09-07,3
1182820,5994838,rabelosqn3133quartos,,Venda,Apartamento,120.0,ASA NORTE,BRASILIA,1420000.0,11833.0,0.0,1.0,-15.7495,-47.893,2025-09-07,8
1182822,5994839,10631,,Venda,Apartamento,162.0,ASA NORTE,BRASILIA,1850000.0,11419.0,5.0,1.0,-15.7495,-47.8858,2025-09-07,8
1183000,5994905,1218226,,Venda,Apartamento,135.0,ASA NORTE,BRASILIA,1890000.0,14000.0,0.0,1.0,-15.7817,-47.8784,2025-09-07,4
1183060,5994923,10990,,Venda,Apartamento,137.0,ASA NORTE,BRASILIA,1590000.0,11605.0,0.0,1.0,-15.751,-47.8899,2025-09-07,8
1183372,5994995,880161042-27,,Venda,Apartamento,44.0,ASA NORTE,BRASILIA,380000.0,8636.0,0.0,0.0,-15.7477,-47.9014,2025-09-07,1
1183373,5994996,1100895,,Venda,Apartamento,168.0,ASA NORTE,BRASILIA,2195000.0,13088.0,0.0,1.0,-15.7409,-47.8938,2025-09-07,0
1183787,5995101,1072247,,Venda,Apartamento,68.0,ASA NORTE,BRASILIA,860000.0,12663.0,0.0,0.0,-15.7378,-47.8942,2025-09-07,0
1183929,5995133,1182694,,Venda,Apartamento,176.0,ASA NORTE,BRASILIA,2590000.0,14715.0,0.0,2.0,-15.7572,-47.8879,2025-09-07,5
1183933,5995137,AP0711,,Venda,Apartamento,95.0,ASA NORTE,BRASILIA,990000.0,10421.0,0.0,0.0,-15.7519,-47.8821,2025-09-07,3
1183975,5995143,BU755,,Venda,Apartamento,382.0,ASA NORTE,BRASILIA,5400001.0,14136.0,4.0,3.0,-15.758,-47.8906,2025-09-07,4
1184060,5995167,1096174,,Venda,Apartamento,78.0,ASA NORTE,BRASILIA,915000.0,11730.0,3.0,0.0,-15.7712,-47.8757,2025-09-07,8
1184207,5995199,1188738,,Venda,Apartamento,78.0,ASA NORTE,BRASILIA,1120000.0,14358.0,2.0,1.0,-15.7792,-47.8857,2025-09-07,4
1184287,5995220,28898,,Venda,Apartamento,95.0,ASA NORTE,BRASILIA,1200000.0,12631.0,0.0,1.0,-15.7526,-47.8918,2025-09-07,0
1184345,5995225,CO9739,,Venda,Apartamento,132.0,ASA NORTE,BRASILIA,1690000.0,12823.0,3.0,0.0,-15.7498,-47.8893,2025-09-07,0
1184350,5995229,TH29030,,Venda,Apartamento,127.0,ASA NORTE,BRASILIA,1500000.0,11811.0,4.0,2.0,-15.7765,-47.8896,2025-09-07,8
1184433,5995243,957056,,Venda,Apartamento,55.0,ASA NORTE,BRASILIA,720000.0,13090.0,0.0,0.0,-15.7403,-47.9001,2025-09-07,0
1184517,5995275,1200650,,Venda,Apartamento,38.0,ASA NORTE,BRASILIA,350000.0,9210.0,1.0,0.0,-15.743,-47.8983,2025-09-07,1
1184845,5995336,342430,,Venda,Apartamento,101.0,ASA NORTE,BRASILIA,1230000.0,12178.0,0.0,1.0,-15.7421,-47.8924,2025-09-07,8
1184916,5995358,BE304MS,,Venda,Apartamento,127.0,ASA NORTE,BRASILIA,1430000.0,11259.0,4.0,2.0,-15.7768,-47.8886,2025-09-07,8
1184967,5995374,1195594,,Venda,Apartamento,105.0,ASA NORTE,BRASILIA,1500000.0,14285.0,3.0,1.0,-15.7521,-47.8848,2025-09-07,4
1184978,5995383,1212668,,Venda,Apartamento,140.0,ASA NORTE,BRASILIA,1700000.0,12142.0,0.0,1.0,-15.7585,-47.8836,2025-09-07,8
1184979,5995384,880161013-28,,Venda,Apartamento,60.0,ASA NORTE,BRASILIA,739000.0,12265.0,0.0,0.0,-15.7451,-47.8935,2025-09-07,8
1185009,5995399,1221151,,Venda,Apartamento,120.0,ASA NORTE,BRASILIA,1380000.0,11500.0,0.0,1.0,-15.7404,-47.8883,2025-09-07,8
1185023,5995402,1010461,,Venda,Apartamento,202.0,ASA NORTE,BRASILIA,2180000.0,10792.0,0.0,2.0,-15.7529,-47.8847,2025-09-07,3
1185337,5995486,1126390,,Venda,Apartamento,139.0,ASA NORTE,BRASILIA,1550000.0,11151.0,4.0,1.0,-15.7453,-47.8943,2025-09-07,3
1185525,5995526,UB1498,,Venda,Apartamento,132.0,ASA NORTE,BRASILIA,1850000.0,14015.0,0.0,1.0,-15.7763,-47.8872,2025-09-07,4
1187638,5995674,1199960,,Venda,Apartamento,168.0,ASA NORTE,BRASILIA,1850000.0,11011.0,0.0,1.0,-15.7603,-47.8896,2025-09-07,3
1187650,5995686,724085,,Venda,Apartamento,134.0,ASA NORTE,BRASILIA,1635000.0,12201.0,0.0,1.0,-15.7824,-47.8783,2025-09-07,8
1187654,5995690,1216476,,Venda,Apartamento,64.0,ASA NORTE,BRASILIA,720000.0,11250.0,0.0,0.0,-15.7567,-47.8797,2025-09-07,8
1187662,5995698,1217723,,Venda,Apartamento,100.0,ASA NORTE,BRASILIA,1599000.0,15990.0,0.0,1.0,-15.7794,-47.8787,2025-09-07,2
1187670,5995706,1220946,,Venda,Apartamento,115.0,ASA NORTE,BRASILIA,1690000.0,14695.0,0.0,1.0,-15.7541,-47.8889,2025-09-07,5
1187725,5995760,501464,,Venda,Apartamento,110.0,ASA NORTE,BRASILIA,1470000.0,13363.0,0.0,2.0,-15.7551,-47.8927,2025-09-07,0
1187772,5995807,1045537,,Venda,Apartamento,127.0,ASA NORTE,BRASILIA,1489000.0,11724.0,0.0,2.0,-15.7762,-47.8893,2025-09-07,8
1187777,5995812,1184009,,Venda,Apartamento,172.0,ASA NORTE,BRASILIA,1800000.0,10465.0,3.0,1.0,-15.7466,-47.8923,2025-09-07,3
1187827,5995861,1035378,,Venda,Apartamento,185.0,ASA NORTE,BRASILIA,1350000.0,7297.0,2.0,1.0,-15.7736,-47.8901,2025-09-07,6
1187836,5995870,1121327,,Venda,Apartamento,122.0,ASA NORTE,BRASILIA,1840000.0,15081.0,0.0,1.0,-15.7681,-47.8875,2025-09-07,5
1187905,5995938,1218171,,Venda,Apartamento,76.0,ASA NORTE,BRASILIA,1180000.0,15526.0,0.0,1.0,-15.7665,-47.8849,2025-09-07,5
1187928,5995961,BE430DM,,Venda,Apartamento,45.0,ASA NORTE,BRASILIA,619000.0,13755.0,0.0,0.0,-15.754,-47.8807,2025-09-07,4
1187940,5995973,1173351,,Venda,Apartamento,245.0,ASA NORTE,BRASILIA,3500000.0,14285.0,0.0,4.0,-15.7572,-47.8879,2025-09-07,4
1187957,5995990,CO8905,,Venda,Apartamento,181.0,ASA NORTE,BRASILIA,1950000.0,10766.0,0.0,1.0,-15.7698,-47.8838,2025-09-07,3
1187988,5996021,1249527,,Venda,Apartamento,121.0,ASA NORTE,BRASILIA,1380000.0,11404.0,0.0,1.0,-15.7765,-47.8896,2025-09-07,8
1188031,5996063,1191168,,Venda,Apartamento,376.0,ASA NORTE,BRASILIA,3572000.0,9500.0,0.0,4.0,-15.7456,-47.8946,2025-09-07,1
1188088,5996119,1204167,,Venda,Apartamento,89.0,ASA NORTE,BRASILIA,850000.0,9550.0,0.0,0.0,-15.7682,-47.8772,2025-09-07,1
1188099,5996130,1195950,,Venda,Apartamento,90.0,ASA NORTE,BRASILIA,1070000.0,11888.0,0.0,1.0,-15.7588,-47.8842,2025-09-07,8
1188124,5996155,VDSB2N,,Venda,Apartamento,40.0,ASA NORTE,BRASILIA,390000.0,9750.0,0.0,1.0,-15.7477,-47.9014,2025-09-07,1
1188204,5996235,1298055,,Venda,Apartamento,120.0,ASA NORTE,BRASILIA,1550000.0,12916.0,0.0,1.0,-15.7425,-47.8956,2025-09-07,0
1188259,5996290,1224027,,Venda,Apartamento,77.0,ASA NORTE,BRASILIA,750000.0,9775.0,0.0,0.0,-15.7367,-47.887,2025-09-07,1
1188309,5996339,1224125,,Venda,Apartamento,52.0,ASA NORTE,BRASILIA,630000.0,12115.0,0.0,0.0,-15.754,-47.8807,2025-09-07,8
1188315,5996345,874106,,Venda,Apartamento,129.0,ASA NORTE,BRASILIA,2270000.0,17596.0,3.0,2.0,-15.7449,-47.8923,2025-09-07,7
1188412,5996440,003,,Venda,Apartamento,100.0,ASA NORTE,BRASILIA,1493000.0,14930.0,0.0,1.0,-15.7391,-47.8937,2025-09-07,5
1188433,5996461,1210645,,Venda,Apartamento,86.0,ASA NORTE,BRASILIA,1250000.0,14534.0,2.0,1.0,-15.7613,-47.8829,2025-09-07,4
1188438,5996466,1190017,,Venda,Apartamento,79.0,ASA NORTE,BRASILIA,740000.0,9367.0,0.0,0.0,-15.7682,-47.8772,2025-09-07,1
1188472,5996500,UB1587,,Venda,Apartamento,167.0,ASA NORTE,BRASILIA,2099000.0,12568.0,0.0,1.0,-15.7411,-47.893,2025-09-07,0
1188500,5996527,4848445,,Venda,Apartamento,40.0,ASA NORTE,BRASILIA,379990.0,9499.0,1.0,1.0,-15.7477,-47.9014,2025-09-07,1
1188547,5996572,719887,,Venda,Apartamento,89.0,ASA NORTE,BRASILIA,1070000.0,12022.0,0.0,1.0,-15.7588,-47.8842,2025-09-07,8
1188554,5996579,936573,,Venda,Apartamento,112.0,ASA NORTE,BRASILIA,1600000.0,14285.0,0.0,1.0,-15.7757,-47.8831,2025-09-07,4
1188575,5996600,CO9707,,Venda,Apartamento,78.0,ASA NORTE,BRASILIA,780000.0,10000.0,3.0,0.0,-15.7741,-47.8757,2025-09-07,3
1188613,5996638,CO9659,,Venda,Apartamento,60.0,ASA NORTE,BRASILIA,840000.0,14000.0,2.0,1.0,-15.7383,-47.8939,2025-09-07,4
1188615,5996640,TH33374,,Venda,Apartamento,63.0,ASA NORTE,BRASILIA,850000.0,13578.0,2.0,1.0,-15.7821,-47.8755,2025-09-07,4
1188619,5996644,1255020,,Venda,Apartamento,260.0,ASA NORTE,BRASILIA,4100000.0,15769.0,0.0,3.0,-15.7456,-47.8866,2025-09-07,2
1188640,5996665,SQN404original,,Venda,Apartamento,79.0,ASA NORTE,BRASILIA,740000.0,9396.0,0.0,0.0,-15.7741,-47.8757,2025-09-07,1
1188651,5996676,1169314,,Venda,Apartamento,159.0,ASA NORTE,BRASILIA,2410000.0,15157.0,0.0,2.0,-15.7456,-47.8946,2025-09-07,5
1188661,5996686,1114198,,Venda,Apartamento,28.0,ASA NORTE,BRASILIA,365000.0,13035.0,0.0,0.0,-15.7453,-47.8871,2025-09-07,0
1188673,5996717,1200141,,Venda,Apartamento,74.0,ASA NORTE,BRASILIA,1100000.0,14866.0,0.0,1.0,-15.762,-47.8909,2025-09-07,5
1188681,5996725,1199235,,Venda,Apartamento,118.0,ASA NORTE,BRASILIA,1597000.0,13552.0,0.0,2.0,-15.7431,-47.8879,2025-09-07,4
1188809,5996923,P2803,,Venda,Apartamento,34.0,ASA NORTE,BRASILIA,285000.0,8382.0,0.0,0.0,-15.7391,-47.8896,2025-09-07,1
1188815,5996929,TH33008,,Venda,Apartamento,102.0,ASA NORTE,BRASILIA,1690000.0,16568.0,3.0,2.0,-15.7731,-47.8864,2025-09-07,2
1188821,5996935,1208428,,Venda,Apartamento,117.0,ASA NORTE,BRASILIA,1550000.0,13247.0,0.0,1.0,-15.7572,-47.8879,2025-09-07,0
1188903,5997084,FIS00402,,Venda,Apartamento,75.0,ASA NORTE,BRASILIA,720000.0,9600.0,2.0,1.0,-15.7391,-47.9013,2025-09-07,1
1188931,5997113,TH31790,,Venda,Apartamento,127.0,ASA NORTE,BRASILIA,1450000.0,11417.0,3.0,1.0,-15.7405,-47.8887,2025-09-07,8
1188950,5997132,687123,,Venda,Apartamento,102.0,ASA NORTE,BRASILIA,850000.0,8292.0,0.0,0.0,-15.7497,-47.8979,2025-09-07,6
1188954,5997136,1217134,,Venda,Apartamento,160.0,ASA NORTE,BRASILIA,1890000.0,11812.0,0.0,1.0,-15.7817,-47.8784,2025-09-07,8
1189010,5997260,1123484,,Venda,Apartamento,137.0,ASA NORTE,BRASILIA,1780000.0,12992.0,0.0,1.0,-15.751,-47.8899,2025-09-07,0
1189050,5997367,AP00357,,Venda,Apartamento,187.0,ASA NORTE,BRASILIA,2350000.0,12591.0,0.0,2.0,0.0,0.0,2025-09-07,0
1189063,5997393,BE508LF,,Venda,Apartamento,120.0,ASA NORTE,BRASILIA,1520000.0,12666.0,0.0,1.0,-15.7436,-47.8965,2025-09-07,0
1189124,5997472,1204180,,Venda,Apartamento,50.0,ASA NORTE,BRASILIA,420000.0,8400.0,0.0,0.0,-15.7576,-47.8829,2025-09-07,1
1189144,5997492,811721,,Venda,Apartamento,246.0,ASA NORTE,BRASILIA,3000000.0,12195.0,0.0,2.0,-15.7665,-47.8849,2025-09-07,8
1189370,5997908,AP002,,Venda,Apartamento,143.0,ASA NORTE,BRASILIA,1830000.0,12797.0,0.0,2.0,-15.7417,-47.8928,2025-09-07,0
1189397,5997948,CC716N,,Venda,Apartamento,47.0,ASA NORTE,BRASILIA,650000.0,13698.0,0.0,0.0,-15.7417,-47.8997,2025-09-07,4
1189447,5998046,AP2404V,,Venda,Apartamento,95.0,ASA NORTE,BRASILIA,1589990.0,16736.0,0.0,1.0,-15.7794,-47.8787,2025-09-07,2
1189560,5998254,1176689,,Venda,Apartamento,105.0,ASA NORTE,BRASILIA,970000.0,9238.0,0.0,0.0,-15.765,-47.877,2025-09-07,1
1189613,5998352,FKS1607,,Venda,Apartamento,140.0,ASA NORTE,BRASILIA,1700000.0,12168.0,0.0,1.0,-15.7588,-47.8842,2025-09-07,8
1189627,5998369,1007472,,Venda,Apartamento,320.0,ASA NORTE,BRASILIA,5238961.0,16375.0,4.0,4.0,-15.7413,-47.8887,2025-09-07,2
1189632,5998374,721V-DFI,,Venda,Apartamento,124.0,ASA NORTE,BRASILIA,1499000.0,12136.0,0.0,1.0,-15.7558,-47.8926,2025-09-07,8
1189654,5998453,1176473,,Venda,Apartamento,112.0,ASA NORTE,BRASILIA,1450000.0,12946.0,0.0,1.0,-15.7535,-47.8857,2025-09-07,0
1189679,5998478,BE447JP,,Venda,Apartamento,90.0,ASA NORTE,BRASILIA,765000.0,8500.0,0.0,0.0,-15.7774,-47.8768,2025-09-07,1
1189704,5998507,VILLA152017V01,,Venda,Apartamento,143.0,ASA NORTE,BRASILIA,1500000.0,10489.0,2.0,1.0,-15.7742,-47.89,2025-09-07,3
1189711,5998514,1085032,,Venda,Apartamento,37.0,ASA NORTE,BRASILIA,350000.0,9459.0,0.0,0.0,-15.7393,-47.8992,2025-09-07,1
1189808,5998621,FEC0288,,Venda,Apartamento,127.0,ASA NORTE,BRASILIA,1500000.0,11811.0,4.0,2.0,-15.7762,-47.8893,2025-09-07,8
1189917,5998732,935649,,Venda,Apartamento,108.0,ASA NORTE,BRASILIA,1080000.0,10000.0,0.0,0.0,-15.746,-47.8981,2025-09-07,3
1189946,5998763,751024,,Venda,Apartamento,41.0,ASA NORTE,BRASILIA,420000.0,10243.0,0.0,0.0,-15.7682,-47.8919,2025-09-07,3
1189981,5998798,CO9643,,Venda,Apartamento,125.0,ASA NORTE,BRASILIA,1400000.0,11200.0,3.0,0.0,-15.7726,-47.8836,2025-09-07,8
1189985,5998802,VILLA152028V01,,Venda,Apartamento,90.0,ASA NORTE,BRASILIA,1145000.0,12722.0,0.0,1.0,-15.7574,-47.89,2025-09-07,0
1190035,5998855,1054438,,Venda,Apartamento,110.0,ASA NORTE,BRASILIA,1690000.0,15363.0,0.0,2.0,-15.7603,-47.8868,2025-09-07,5
1190086,5998905,115n,,Venda,Apartamento,168.0,ASA NORTE,BRASILIA,2350000.0,13988.0,0.0,1.0,-15.7411,-47.893,2025-09-07,4
1190101,5998921,1140877,,Venda,Apartamento,130.0,ASA NORTE,BRASILIA,1590000.0,12230.0,0.0,1.0,-15.7425,-47.8956,2025-09-07,8
1190109,5998929,TH29506,,Venda,Apartamento,51.0,ASA NORTE,BRASILIA,400000.0,7843.0,0.0,0.0,-15.7452,-47.8988,2025-09-07,6
1190164,5998986,1026026,,Venda,Apartamento,127.0,ASA NORTE,BRASILIA,1670000.0,13149.0,0.0,1.0,-15.7383,-47.8939,2025-09-07,0
1190315,5999142,600,,Venda,Apartamento,127.0,ASA NORTE,BRASILIA,1600000.0,12598.0,3.0,1.0,-15.738,-47.8951,2025-09-07,0
1190323,5999150,1108247,,Venda,Apartamento,49.0,ASA NORTE,BRASILIA,470000.0,9672.0,0.0,0.0,-15.7392,-47.9025,2025-09-07,1
1190334,5999161,1151453,,Venda,Apartamento,45.0,ASA NORTE,BRASILIA,629000.0,13977.0,2.0,0.0,-15.7555,-47.881,2025-09-07,4
1190355,5999186,1173068,,Venda,Apartamento,80.0,ASA NORTE,BRASILIA,450000.0,5625.0,3.0,0.0,-15.7768,-47.8886,2025-09-07,6
1190391,5999221,FROTA054,,Venda,Apartamento,28.0,ASA NORTE,BRASILIA,280000.0,10000.0,0.0,0.0,0.0,0.0,2025-09-07,3
1190478,5999314,JCBP0064,,Venda,Apartamento,75.0,ASA NORTE,BRASILIA,827000.0,11026.0,0.0,0.0,-15.7502,-47.8839,2025-09-07,3
1190497,5999333,1203748,,Venda,Apartamento,93.0,ASA NORTE,BRASILIA,1250000.0,13512.0,0.0,1.0,-15.737,-47.891,2025-09-07,4
1190511,5999347,1042865,,Venda,Apartamento,68.0,ASA NORTE,BRASILIA,750000.0,11029.0,0.0,0.0,-15.7514,-47.8828,2025-09-07,3
1190514,5999350,1038537,,Venda,Apartamento,270.0,ASA NORTE,BRASILIA,3250000.0,12037.0,5.0,3.0,-15.758,-47.8906,2025-09-07,8
1190551,5999387,10548,,Venda,Apartamento,112.0,ASA NORTE,BRASILIA,1780000.0,15892.0,0.0,1.0,-15.7572,-47.8879,2025-09-07,2
1190566,5999402,LM090,,Venda,Apartamento,100.0,ASA NORTE,BRASILIA,1150000.0,11500.0,0.0,1.0,-15.7383,-47.8939,2025-09-07,8
1190568,5999404,1201317,,Venda,Apartamento,160.0,ASA NORTE,BRASILIA,1900000.0,11875.0,0.0,1.0,-15.7817,-47.8784,2025-09-07,8
1190826,5999680,1108867,,Venda,Apartamento,175.0,ASA NORTE,BRASILIA,2400000.0,13714.0,0.0,2.0,-15.7405,-47.8887,2025-09-07,4
1190997,5999854,mcarC6,,Venda,Apartamento,280.0,ASA NORTE,BRASILIA,3099000.0,11067.0,0.0,1.0,-15.7529,-47.8847,2025-09-07,3
1191080,5999939,30380,,Venda,Apartamento,120.0,ASA NORTE,BRASILIA,1575000.0,13125.0,0.0,1.0,-15.7425,-47.8956,2025-09-07,0
1191330,6000213,1156347,,Venda,Apartamento,204.0,ASA NORTE,BRASILIA,2400000.0,11764.0,0.0,2.0,-15.7797,-47.8869,2025-09-07,8
1191335,6000218,Estr,,Venda,Apartamento,132.0,ASA NORTE,BRASILIA,1800000.0,13636.0,3.0,2.0,-15.776,-47.886,2025-09-07,4
1191377,6000260,121024,,Venda,Apartamento,86.0,ASA NORTE,BRASILIA,1250000.0,14507.0,0.0,1.0,-15.7392,-47.8967,2025-09-07,4
1191388,6000271,janeTipo,,Venda,Apartamento,160.0,ASA NORTE,BRASILIA,2817000.0,17556.0,0.0,3.0,-15.7413,-47.8887,2025-09-07,7
1191497,6000383,1004103,,Venda,Apartamento,122.0,ASA NORTE,BRASILIA,1360000.0,11103.0,0.0,2.0,-15.7637,-47.8898,2025-09-07,3
1191520,6000406,JCL0113,,Venda,Apartamento,300.0,ASA NORTE,BRASILIA,3099000.0,10330.0,0.0,1.0,-15.7533,-47.8841,2025-09-07,3
1191615,6000504,DMS00159,,Venda,Apartamento,30.0,ASA NORTE,BRASILIA,459000.0,15300.0,0.0,1.0,-15.7662,-47.8751,2025-09-07,5
1191694,6000582,AP0124,,Venda,Apartamento,90.0,ASA NORTE,BRASILIA,850000.0,9444.0,3.0,0.0,-15.7386,-47.8855,2025-09-07,1
1191714,6000604,1109047,,Venda,Apartamento,37.0,ASA NORTE,BRASILIA,345000.0,9339.0,1.0,0.0,-15.758,-47.8951,2025-09-07,1
1191783,6000672,PSIL00297,,Venda,Apartamento,95.0,ASA NORTE,BRASILIA,1040000.0,10947.0,0.0,0.0,-15.7519,-47.8821,2025-09-07,3
1192025,6000925,1219820,,Venda,Apartamento,28.0,ASA NORTE,BRASILIA,390000.0,13928.0,0.0,1.0,-15.736,-47.9053,2025-09-07,4
1192039,6000939,TH27864,,Venda,Apartamento,42.0,ASA NORTE,BRASILIA,380000.0,9147.0,2.0,0.0,-15.7426,-47.8986,2025-09-07,1
1192068,6000970,EL2556,,Venda,Apartamento,79.0,ASA NORTE,BRASILIA,750000.0,9523.0,0.0,0.0,-15.7683,-47.8783,2025-09-07,1
1192069,6000971,TH26698,,Venda,Apartamento,30.0,ASA NORTE,BRASILIA,530000.0,17666.0,1.0,1.0,-15.7448,-47.9013,2025-09-07,7
1192074,6000976,1162436,,Venda,Apartamento,85.0,ASA NORTE,BRASILIA,840000.0,9882.0,4.0,0.0,-15.7545,-47.8808,2025-09-07,1
1192121,6001025,1157345,,Venda,Apartamento,68.0,ASA NORTE,BRASILIA,720000.0,10588.0,0.0,0.0,-15.7733,-47.89,2025-09-07,3
1192134,6001038,1027790,,Venda,Apartamento,33.0,ASA NORTE,BRASILIA,350000.0,10606.0,0.0,0.0,-15.7748,-47.8893,2025-09-07,3
1192170,6001077,1220502,,Venda,Apartamento,58.0,ASA NORTE,BRASILIA,550000.0,9482.0,0.0,0.0,-15.751,-47.8958,2025-09-07,1
1192223,6001130,1155034,,Venda,Apartamento,127.0,ASA NORTE,BRASILIA,1690000.0,13307.0,3.0,1.0,-15.7377,-47.8934,2025-09-07,0
1192228,6001135,1055753,,Venda,Apartamento,90.0,ASA NORTE,BRASILIA,1300000.0,14520.0,0.0,2.0,-15.7898,-47.8899,2025-09-07,4
1192266,6001173,ALE253654,,Venda,Apartamento,55.0,ASA NORTE,BRASILIA,498000.0,9054.0,0.0,0.0,-15.7454,-47.8997,2025-09-07,1
1192303,6001210,30499,,Venda,Apartamento,26.0,ASA NORTE,BRASILIA,285000.0,10961.0,1.0,1.0,-15.736,-47.9053,2025-09-07,3
1192331,6001238,11053,,Venda,Apartamento,100.0,ASA NORTE,BRASILIA,989000.0,9890.0,3.0,0.0,-15.7634,-47.8919,2025-09-07,1
1192337,6001244,JCJ0035,,Venda,Apartamento,33.0,ASA NORTE,BRASILIA,250000.0,7575.0,0.0,0.0,-15.7391,-47.9013,2025-09-07,6
1192385,6001291,JANEDUPLEX,,Venda,Apartamento,324.0,ASA NORTE,BRASILIA,5342000.0,16488.0,0.0,4.0,-15.7413,-47.8887,2025-09-07,2
1192388,6001294,1172598,,Venda,Apartamento,55.0,ASA NORTE,BRASILIA,590000.0,10727.0,2.0,0.0,-15.7682,-47.8919,2025-09-07,3
1192414,6001321,AP2215,,Venda,Apartamento,208.0,ASA NORTE,BRASILIA,3199000.0,15379.0,0.0,1.0,-15.7521,-47.8847,2025-09-07,5
1192534,6001443,CC213,,Venda,Apartamento,268.0,ASA NORTE,BRASILIA,4500000.0,16782.0,0.0,3.0,-15.7456,-47.8882,2025-09-07,2
1192623,6001533,SQN109,,Venda,Apartamento,168.0,ASA NORTE,BRASILIA,3200000.0,19043.0,0.0,3.0,-15.7602,-47.886,2025-09-07,7
1192661,6001569,CO0013,,Venda,Apartamento,260.0,ASA NORTE,BRASILIA,4300000.0,16538.0,0.0,3.0,-15.7464,-47.886,2025-09-07,2
1192675,6001583,30555,,Venda,Apartamento,67.0,ASA NORTE,BRASILIA,899900.0,13431.0,0.0,0.0,-15.7428,-47.9005,2025-09-07,0
1192681,6001589,690273,,Venda,Apartamento,324.0,ASA NORTE,BRASILIA,5141000.0,15867.0,4.0,4.0,-15.7405,-47.8887,2025-09-07,2
1192736,6001650,1153488,,Venda,Apartamento,91.0,ASA NORTE,BRASILIA,1100000.0,12087.0,3.0,0.0,-15.7637,-47.8934,2025-09-07,8
1192741,6001655,842217,,Venda,Apartamento,109.0,ASA NORTE,BRASILIA,1250000.0,11467.0,0.0,1.0,-15.772,-47.886,2025-09-07,8
1192840,6001759,708405,,Venda,Apartamento,51.0,ASA NORTE,BRASILIA,725000.0,14215.0,0.0,0.0,-15.7656,-47.8783,2025-09-07,4
1192870,6001789,1125629,,Venda,Apartamento,95.0,ASA NORTE,BRASILIA,1260000.0,13211.0,0.0,1.0,-15.7588,-47.8842,2025-09-07,0
1192872,6001791,0003AVASN,,Venda,Apartamento,186.0,ASA NORTE,BRASILIA,2400000.0,12903.0,4.0,1.0,-15.776,-47.886,2025-09-07,0
1193098,6002033,232323,,Venda,Apartamento,222.0,ASA NORTE,BRASILIA,3200000.0,14438.0,0.0,2.0,-15.7462,-47.8871,2025-09-07,4
1193214,6002154,1184004,,Venda,Apartamento,263.0,ASA NORTE,BRASILIA,3990000.0,15169.0,4.0,2.0,-15.763,-47.883,2025-09-07,5
1193239,6002178,AP0118,,Venda,Apartamento,46.0,ASA NORTE,BRASILIA,519000.0,11282.0,0.0,0.0,-15.7518,-47.8973,2025-09-07,8
1193367,6002320,1031956,,Venda,Apartamento,36.0,ASA NORTE,BRASILIA,270000.0,7500.0,2.0,0.0,-15.7634,-47.8919,2025-09-07,6
1193639,6002602,750302,,Venda,Apartamento,168.0,ASA NORTE,BRASILIA,2763000.0,16469.0,4.0,2.0,-15.7473,-47.8906,2025-09-07,2
1193662,6002625,AP0114,,Venda,Apartamento,194.0,ASA NORTE,BRASILIA,3675000.0,18943.0,0.0,3.0,-15.7413,-47.8887,2025-09-07,7
1193765,6002734,1131242,,Venda,Apartamento,79.0,ASA NORTE,BRASILIA,1090000.0,13797.0,0.0,1.0,-15.7787,-47.8865,2025-09-07,4
1193851,6002820,03707V,,Venda,Apartamento,247.0,ASA NORTE,BRASILIA,3100000.0,12559.0,0.0,2.0,-15.7668,-47.8857,2025-09-07,0
1193892,6002862,1156753,,Venda,Apartamento,51.0,ASA NORTE,BRASILIA,620000.0,12156.0,0.0,0.0,-15.7407,-47.9009,2025-09-07,8
1193980,6002951,1171617,,Venda,Apartamento,79.0,ASA NORTE,BRASILIA,520000.0,6582.0,0.0,0.0,-15.7749,-47.89,2025-09-07,6
1194008,6002979,AP2338,,Venda,Apartamento,29.0,ASA NORTE,BRASILIA,370000.0,12758.0,0.0,0.0,-15.7886,-47.8893,2025-09-07,0
1194010,6002981,945,,Venda,Apartamento,42.0,ASA NORTE,BRASILIA,350000.0,8333.0,0.0,0.0,-15.758,-47.8951,2025-09-07,1
1194015,6002986,10039,,Venda,Apartamento,197.0,ASA NORTE,BRASILIA,2000000.0,10152.0,0.0,1.0,-15.7529,-47.8847,2025-09-07,3
1194017,6002988,1114212,,Venda,Apartamento,191.0,ASA NORTE,BRASILIA,3390000.0,17748.0,0.0,3.0,-15.7736,-47.8861,2025-09-07,7
1194060,6003033,1173045,,Venda,Apartamento,29.0,ASA NORTE,BRASILIA,350000.0,12068.0,0.0,1.0,0.0,0.0,2025-09-07,8
1194084,6003056,1011693,,Venda,Apartamento,50.0,ASA NORTE,BRASILIA,400000.0,8000.0,2.0,0.0,-15.7461,-47.8975,2025-09-07,6
1194090,6003062,1197418,,Venda,Apartamento,52.0,ASA NORTE,BRASILIA,630000.0,12115.0,0.0,0.0,-15.754,-47.8807,2025-09-07,8
1194103,6003075,1017791,,Venda,Apartamento,50.0,ASA NORTE,BRASILIA,550000.0,11000.0,2.0,0.0,-15.7671,-47.8916,2025-09-07,3
1194111,6003096,850740,,Venda,Apartamento,132.0,ASA NORTE,BRASILIA,1800000.0,13636.0,4.0,1.0,-15.7817,-47.8784,2025-09-07,4
1194144,6003132,DMM002/DI1806,,Venda,Apartamento,124.0,ASA NORTE,BRASILIA,1580000.0,12741.0,0.0,1.0,-15.7633,-47.8858,2025-09-07,0
1194161,6003149,VILLA151731V01,,Venda,Apartamento,101.0,ASA NORTE,BRASILIA,1345000.0,13316.0,3.0,1.0,-15.7797,-47.8869,2025-09-07,0
1194313,6003307,JULIA401,,Venda,Apartamento,94.0,ASA NORTE,BRASILIA,1050000.0,11170.0,0.0,0.0,-15.7525,-47.881,2025-09-07,3
1194343,6003338,1202734,,Venda,Apartamento,376.0,ASA NORTE,BRASILIA,3400000.0,9042.0,5.0,4.0,-15.7451,-47.8956,2025-09-07,1
1194372,6003369,2006CULL311020V,,Venda,Apartamento,30.0,ASA NORTE,BRASILIA,570000.0,19000.0,0.0,1.0,-15.7898,-47.8899,2025-09-07,7
1194437,6003440,1187149,,Venda,Apartamento,89.0,ASA NORTE,BRASILIA,1300000.0,14680.0,0.0,1.0,-15.7672,-47.8844,2025-09-07,5
1194461,6003464,252808AN,,Venda,Apartamento,99.0,ASA NORTE,BRASILIA,1099000.0,11113.0,0.0,2.0,-15.7886,-47.8893,2025-09-07,3
1194509,6003521,DMS00169,,Venda,Apartamento,27.0,ASA NORTE,BRASILIA,379000.0,14037.0,0.0,1.0,0.0,0.0,2025-09-07,4
1194643,6003669,UB440,,Venda,Apartamento,300.0,ASA NORTE,BRASILIA,3500000.0,11666.0,0.0,1.0,-15.7529,-47.8847,2025-09-07,8
1194733,6003762,AP0051A,,Venda,Apartamento,132.0,ASA NORTE,BRASILIA,1850000.0,14015.0,3.0,1.0,-15.776,-47.886,2025-09-07,4
1194840,6003869,1035404,,Venda,Apartamento,96.0,ASA NORTE,BRASILIA,1410000.0,14687.0,0.0,2.0,-15.7502,-47.8859,2025-09-07,5
1194881,6003910,AP2562,,Venda,Apartamento,94.0,ASA NORTE,BRASILIA,1350000.0,14361.0,3.0,1.0,-15.7559,-47.8923,2025-09-07,4
1195019,6004058,AP01398,,Venda,Apartamento,79.0,ASA NORTE,BRASILIA,770000.0,9777.0,0.0,0.0,-15.7723,-47.8767,2025-09-07,1
1195080,6004119,1121522,,Venda,Apartamento,78.0,ASA NORTE,BRASILIA,1025000.0,13141.0,0.0,1.0,-15.7794,-47.8787,2025-09-07,0
1195136,6004177,AP216367,,Venda,Apartamento,123.0,ASA NORTE,BRASILIA,1660000.0,13495.0,0.0,0.0,-15.746,-47.8981,2025-09-07,4
1195192,6004233,1202228,,Venda,Apartamento,108.0,ASA NORTE,BRASILIA,979000.0,9069.0,0.0,0.0,-15.7505,-47.8975,2025-09-07,1
1195219,6004259,1156389,,Venda,Apartamento,90.0,ASA NORTE,BRASILIA,910000.0,10111.0,0.0,0.0,-15.7545,-47.8808,2025-09-07,3
1195239,6004279,P3041,,Venda,Apartamento,98.0,ASA NORTE,BRASILIA,1700000.0,17418.0,0.0,1.0,-15.7529,-47.8847,2025-09-07,7
1195379,6004423,VDN3PP,,Venda,Apartamento,50.0,ASA NORTE,BRASILIA,550000.0,11000.0,0.0,0.0,-15.7671,-47.8916,2025-09-07,3
1195396,6004440,RVM2V,,Venda,Apartamento,45.0,ASA NORTE,BRASILIA,645000.0,14333.0,0.0,0.0,-15.7555,-47.881,2025-09-07,4
1195428,6004473,1218843,,Venda,Apartamento,47.0,ASA NORTE,BRASILIA,520000.0,11063.0,0.0,0.0,-15.7555,-47.881,2025-09-07,3
1195452,6004503,PD3273,,Venda,Apartamento,202.0,ASA NORTE,BRASILIA,2180000.0,10792.0,3.0,2.0,-15.7521,-47.8848,2025-09-07,3
1195644,6004728,19275,,Venda,Apartamento,300.0,ASA NORTE,BRASILIA,3099000.0,10330.0,0.0,1.0,-15.7529,-47.8847,2025-09-07,3
1196092,6005226,1212993,,Venda,Apartamento,52.0,ASA NORTE,BRASILIA,590000.0,11387.0,0.0,0.0,-15.7393,-47.8861,2025-09-07,8
1196159,6005309,1184923,,Venda,Apartamento,94.0,ASA NORTE,BRASILIA,1199999.0,12774.0,0.0,1.0,-15.7794,-47.8787,2025-09-07,0
1196170,6005320,CO0009,,Venda,Apartamento,169.0,ASA NORTE,BRASILIA,2100000.0,12426.0,0.0,2.0,-15.7495,-47.8852,2025-09-07,0
1196239,6005395,4528,,Venda,Apartamento,94.0,ASA NORTE,BRASILIA,1300000.0,13829.0,0.0,1.0,-15.7786,-47.8795,2025-09-07,4
1196246,6005402,1157269,,Venda,Apartamento,108.0,ASA NORTE,BRASILIA,1100000.0,10198.0,3.0,0.0,-15.7469,-47.8979,2025-09-07,3
1196307,6005472,1164023,,Venda,Apartamento,45.0,ASA NORTE,BRASILIA,619000.0,13755.0,0.0,0.0,-15.754,-47.8807,2025-09-07,4
1196337,6005509,TH33398,,Venda,Apartamento,71.0,ASA NORTE,BRASILIA,950000.0,13380.0,2.0,1.0,-15.7831,-47.8754,2025-09-07,0
1196352,6005524,03707,,Venda,Apartamento,247.0,ASA NORTE,BRASILIA,3100000.0,12559.0,0.0,2.0,-15.7668,-47.8857,2025-09-07,0
1196385,6005556,6355,,Venda,Apartamento,205.0,ASA NORTE,BRASILIA,3170000.0,15463.0,0.0,2.0,-15.7529,-47.8847,2025-09-07,5
1196433,6005618,Asa,,Venda,Apartamento,109.0,ASA NORTE,BRASILIA,1280000.0,11745.0,0.0,2.0,-15.7768,-47.8886,2025-09-07,8
1196437,6005622,VILLA150209V01,,Venda,Apartamento,169.0,ASA NORTE,BRASILIA,2200000.0,13017.0,0.0,2.0,-15.7586,-47.8894,2025-09-07,0
1196440,6005625,1190560,,Venda,Apartamento,247.0,ASA NORTE,BRASILIA,2200000.0,8906.0,0.0,2.0,-15.7576,-47.8905,2025-09-07,1
1196442,6005627,1193546,,Venda,Apartamento,27.0,ASA NORTE,BRASILIA,390000.0,14444.0,0.0,0.0,-15.7806,-47.89,2025-09-07,4
1196457,6005642,1146646,,Venda,Apartamento,118.0,ASA NORTE,BRASILIA,1780000.0,15084.0,4.0,1.0,-15.7612,-47.8896,2025-09-07,5
1196472,6005657,IMB191,,Venda,Apartamento,124.0,ASA NORTE,BRASILIA,1480000.0,11961.0,0.0,1.0,-15.758,-47.8906,2025-09-07,8
1196510,6005696,1207922,,Venda,Apartamento,112.0,ASA NORTE,BRASILIA,1780000.0,15892.0,0.0,1.0,-15.7572,-47.8879,2025-09-07,2
1196518,6005704,1188297,,Venda,Apartamento,45.0,ASA NORTE,BRASILIA,610000.0,13555.0,1.0,0.0,-15.7378,-47.8962,2025-09-07,4
1196524,6005710,1040268,,Venda,Apartamento,108.0,ASA NORTE,BRASILIA,1199000.0,11101.0,0.0,0.0,-15.7616,-47.8945,2025-09-07,3
1196549,6005739,1202681,,Venda,Apartamento,42.0,ASA NORTE,BRASILIA,430000.0,10277.0,0.0,0.0,-15.7403,-47.8935,2025-09-07,3
1196573,6005765,1110913,,Venda,Apartamento,58.0,ASA NORTE,BRASILIA,690000.0,11981.0,0.0,0.0,-15.7701,-47.887,2025-09-07,8
1196578,6005770,RB1579,,Venda,Apartamento,279.0,ASA NORTE,BRASILIA,3099000.0,11107.0,5.0,1.0,-15.7533,-47.8841,2025-09-07,3
1196597,6005792,SQN208vistalivre,,Venda,Apartamento,124.0,ASA NORTE,BRASILIA,1830000.0,14758.0,0.0,2.0,-15.7613,-47.8829,2025-09-07,5
1196606,6005801,1108080,,Venda,Apartamento,40.0,ASA NORTE,BRASILIA,400000.0,10000.0,0.0,1.0,-15.7477,-47.9014,2025-09-07,3
1196614,6005809,1186380,,Venda,Apartamento,90.0,ASA NORTE,BRASILIA,1250000.0,13888.0,0.0,0.0,-15.7518,-47.8927,2025-09-07,4
1196642,6005838,UB1586,,Venda,Apartamento,168.0,ASA NORTE,BRASILIA,2550000.0,15178.0,0.0,2.0,-15.7602,-47.886,2025-09-07,5
1196643,6005839,1004569,,Venda,Apartamento,76.0,ASA NORTE,BRASILIA,799900.0,10525.0,0.0,0.0,-15.7386,-47.8855,2025-09-07,3
1196652,6005912,BIARRITZ,,Venda,Apartamento,44.0,ASA NORTE,BRASILIA,649000.0,14750.0,0.0,1.0,53.912,38.557,2025-09-07,5
1196674,6005869,728352,,Venda,Apartamento,69.0,ASA NORTE,BRASILIA,789000.0,11434.0,2.0,0.0,-15.7382,-47.8899,2025-09-07,8
1196697,6005892,1127883,,Venda,Apartamento,29.0,ASA NORTE,BRASILIA,389000.0,13413.0,0.0,0.0,-15.7575,-47.8837,2025-09-07,0
1196712,6005907,1214270,,Venda,Apartamento,84.0,ASA NORTE,BRASILIA,1200000.0,14285.0,0.0,0.0,-15.7388,-47.8971,2025-09-07,4
1196727,6005927,1236432,,Venda,Apartamento,90.0,ASA NORTE,BRASILIA,1200000.0,13333.0,2.0,0.0,-15.7526,-47.8918,2025-09-07,0
1196772,6005974,1164294,,Venda,Apartamento,103.0,ASA NORTE,BRASILIA,1620000.0,15728.0,0.0,2.0,-15.7727,-47.8877,2025-09-07,5
1196790,6005992,1206376,,Venda,Apartamento,37.0,ASA NORTE,BRASILIA,429000.0,11718.0,0.0,0.0,-15.744,-47.8943,2025-09-07,8
1196818,6006021,741,,Venda,Apartamento,108.0,ASA NORTE,BRASILIA,1070000.0,9907.0,3.0,0.0,-15.7617,-47.8932,2025-09-07,1
1196823,6006026,1124044,,Venda,Apartamento,132.0,ASA NORTE,BRASILIA,1950000.0,14772.0,3.0,2.0,-15.7763,-47.8872,2025-09-07,5
1196839,6006042,866671,,Venda,Apartamento,113.0,ASA NORTE,BRASILIA,1399000.0,12380.0,3.0,1.0,-15.7757,-47.8831,2025-09-07,0
1196848,6006051,1085711,,Venda,Apartamento,132.0,ASA NORTE,BRASILIA,1850000.0,14015.0,0.0,1.0,-15.776,-47.886,2025-09-07,4
1196883,6006088,VILLA151801V01,,Venda,Apartamento,28.0,ASA NORTE,BRASILIA,380000.0,13571.0,0.0,0.0,-15.781,-47.8892,2025-09-07,4
1196951,6006160,1043087,,Venda,Apartamento,60.0,ASA NORTE,BRASILIA,689000.0,11483.0,2.0,0.0,-15.7819,-47.8752,2025-09-07,8
1197011,6006219,CO0015V,,Venda,Apartamento,197.0,ASA NORTE,BRASILIA,1990000.0,10101.0,2.0,2.0,-15.7529,-47.8847,2025-09-07,3
1197025,6006233,RM1861,,Venda,Apartamento,137.0,ASA NORTE,BRASILIA,1630000.0,11897.0,0.0,1.0,-15.7518,-47.8891,2025-09-07,8
1197044,6006251,coberturaSIL,,Venda,Apartamento,175.0,ASA NORTE,BRASILIA,2780000.0,15885.0,0.0,3.0,-15.7572,-47.8879,2025-09-07,2
1197060,6006267,745657,,Venda,Apartamento,122.0,ASA NORTE,BRASILIA,1660000.0,13606.0,0.0,0.0,-15.746,-47.8981,2025-09-07,4
1197066,6006273,1172162,,Venda,Apartamento,82.0,ASA NORTE,BRASILIA,1130000.0,13865.0,2.0,0.0,-15.7454,-47.8919,2025-09-07,4
1197093,6006307,1147263,,Venda,Apartamento,45.0,ASA NORTE,BRASILIA,320000.0,7187.0,2.0,0.0,-15.7426,-47.8986,2025-09-07,6
1197109,6006324,1106740,,Venda,Apartamento,165.0,ASA NORTE,BRASILIA,1850000.0,11212.0,0.0,1.0,-15.7612,-47.8896,2025-09-07,8
1197129,6006344,1185610,,Venda,Apartamento,221.0,ASA NORTE,BRASILIA,3900000.0,17647.0,0.0,2.0,-15.7456,-47.8866,2025-09-07,7
1197153,6006367,FAP028,,Venda,Apartamento,90.0,ASA NORTE,BRASILIA,774900.0,8610.0,0.0,0.0,-15.7782,-47.8758,2025-09-07,1
1197242,6006457,1221133,,Venda,Apartamento,93.0,ASA NORTE,BRASILIA,1245000.0,13387.0,3.0,1.0,-15.7786,-47.8795,2025-09-07,0
1197244,6006459,VDC5N,,Venda,Apartamento,120.0,ASA NORTE,BRASILIA,1400000.0,11666.0,0.0,1.0,-15.7405,-47.8887,2025-09-07,8
1197250,6006465,CO9360,,Venda,Apartamento,104.0,ASA NORTE,BRASILIA,1580000.0,15259.0,3.0,1.0,-15.7488,-47.8936,2025-09-07,5
1197270,6006486,Apto,,Venda,Apartamento,120.0,ASA NORTE,BRASILIA,1595000.0,13291.0,0.0,1.0,-15.7694,-47.8807,2025-09-07,0
1197341,6006558,1196523,,Venda,Apartamento,79.0,ASA NORTE,BRASILIA,1200000.0,15189.0,2.0,1.0,-15.7797,-47.8858,2025-09-07,5
1197345,6006562,1098532,,Venda,Apartamento,78.0,ASA NORTE,BRASILIA,780000.0,10000.0,0.0,0.0,-15.7743,-47.8773,2025-09-07,3
1197406,6006623,1164151,,Venda,Apartamento,141.0,ASA NORTE,BRASILIA,1400000.0,9954.0,0.0,0.0,-15.7509,-47.8888,2025-09-07,3
1197574,6006805,TH31837,,Venda,Apartamento,110.0,ASA NORTE,BRASILIA,1599000.0,14536.0,3.0,1.0,-15.7794,-47.8787,2025-09-07,4
1197584,6006816,1224127,,Venda,Apartamento,72.0,ASA NORTE,BRASILIA,1150000.0,15972.0,0.0,1.0,-15.7378,-47.8942,2025-09-07,2
1197606,6006838,1140889,,Venda,Apartamento,65.0,ASA NORTE,BRASILIA,850000.0,12987.0,1.0,0.0,-15.7898,-47.8899,2025-09-07,0
1197608,6006840,AP0897,,Venda,Apartamento,210.0,ASA NORTE,BRASILIA,2750000.0,13095.0,0.0,0.0,-15.7529,-47.8847,2025-09-07,0
1197633,6006866,28870,,Venda,Apartamento,90.0,ASA NORTE,BRASILIA,789000.0,8766.0,0.0,0.0,-15.7774,-47.8768,2025-09-07,1
1197664,6006897,1147323,,Venda,Apartamento,217.0,ASA NORTE,BRASILIA,2550000.0,11751.0,3.0,2.0,-15.7557,-47.8833,2025-09-07,8
1197697,6006930,FNC0304,,Venda,Apartamento,269.0,ASA NORTE,BRASILIA,3100000.0,11524.0,4.0,2.0,-15.758,-47.8906,2025-09-07,8
1197724,6006956,AP0320,,Venda,Apartamento,107.0,ASA NORTE,BRASILIA,1500000.0,14018.0,0.0,1.0,-15.7513,-47.8855,2025-09-07,4
1197737,6006969,1109722,,Venda,Apartamento,49.0,ASA NORTE,BRASILIA,570000.0,11632.0,0.0,0.0,-15.769,-47.892,2025-09-07,8
1197781,6007013,1177797,,Venda,Apartamento,79.0,ASA NORTE,BRASILIA,1175000.0,14873.0,0.0,1.0,-15.7607,-47.8905,2025-09-07,5
1197974,6007227,CEI0001CB,,Venda,Apartamento,200.0,ASA NORTE,BRASILIA,2180000.0,10900.0,2.0,2.0,-15.7529,-47.8847,2025-09-07,3
1198000,6007253,1120755,,Venda,Apartamento,125.0,ASA NORTE,BRASILIA,1090000.0,8720.0,0.0,0.0,-15.7754,-47.8823,2025-09-07,1
1198005,6007258,10587,,Venda,Apartamento,32.0,ASA NORTE,BRASILIA,320000.0,10000.0,1.0,0.0,-15.7475,-47.8969,2025-09-07,3
1198106,6007358,SQN416RW,,Venda,Apartamento,61.0,ASA NORTE,BRASILIA,790000.0,12862.0,0.0,0.0,-15.7367,-47.887,2025-09-07,0
1198212,6007469,1206342,,Venda,Apartamento,99.0,ASA NORTE,BRASILIA,1350000.0,13636.0,0.0,1.0,-15.7549,-47.8916,2025-09-07,4
1198234,6007492,1188613,,Venda,Apartamento,85.0,ASA NORTE,BRASILIA,1239000.0,14576.0,0.0,1.0,-15.7613,-47.8829,2025-09-07,5
1198263,6007525,ANL408,,Venda,Apartamento,100.0,ASA NORTE,BRASILIA,1220000.0,12200.0,0.0,0.0,-15.7614,-47.8786,2025-09-07,8
1198314,6007576,736107,,Venda,Apartamento,55.0,ASA NORTE,BRASILIA,575000.0,10454.0,0.0,0.0,-15.7671,-47.8916,2025-09-07,3
1198381,6007643,TH28367,,Venda,Apartamento,36.0,ASA NORTE,BRASILIA,490000.0,13517.0,2.0,0.0,-15.7456,-47.8972,2025-09-07,4
1198430,6007694,880341045-74,,Venda,Apartamento,77.0,ASA NORTE,BRASILIA,899000.0,11675.0,0.0,0.0,-15.7358,-47.8882,2025-09-07,8
1198477,6007747,DTP52,,Venda,Apartamento,102.0,ASA NORTE,BRASILIA,1690000.0,16568.0,3.0,2.0,-15.7731,-47.8864,2025-09-07,2
1198612,6007885,IG0007,,Venda,Apartamento,168.0,ASA NORTE,BRASILIA,2835000.0,16899.0,4.0,2.0,-15.7473,-47.8906,2025-09-07,2
1198713,6008000,1067149,,Venda,Apartamento,202.0,ASA NORTE,BRASILIA,2180000.0,10792.0,0.0,2.0,-15.7521,-47.8848,2025-09-07,3
1198737,6008034,964632,,Venda,Apartamento,32.0,ASA NORTE,BRASILIA,295000.0,9218.0,0.0,0.0,-15.7378,-47.8966,2025-09-07,1
1198756,6008053,1216508,,Venda,Apartamento,157.0,ASA NORTE,BRASILIA,2249000.0,14324.0,0.0,2.0,-15.7451,-47.8956,2025-09-07,4
1198884,6008182,10173,,Venda,Apartamento,49.0,ASA NORTE,BRASILIA,565000.0,11530.0,0.0,0.0,-15.7682,-47.8919,2025-09-07,8
1198989,6008290,UB1610,,Venda,Apartamento,80.0,ASA NORTE,BRASILIA,540000.0,6750.0,3.0,0.0,-15.7461,-47.8975,2025-09-07,6
1199023,6008323,10586,,Venda,Apartamento,67.0,ASA NORTE,BRASILIA,950000.0,14179.0,0.0,0.0,-15.7442,-47.899,2025-09-07,4
1199128,6008427,1088804,,Venda,Apartamento,49.0,ASA NORTE,BRASILIA,580000.0,11836.0,2.0,0.0,-15.7682,-47.8919,2025-09-07,8
1199169,6008477,129,,Venda,Apartamento,245.0,ASA NORTE,BRASILIA,3500000.0,14285.0,0.0,4.0,-15.7572,-47.8879,2025-09-07,4
1199175,6008483,1166871,,Venda,Apartamento,135.0,ASA NORTE,BRASILIA,1690000.0,12518.0,3.0,1.0,-15.7541,-47.8889,2025-09-07,0
1199185,6008493,COBDUPLEXBALTAZAR,,Venda,Apartamento,136.0,ASA NORTE,BRASILIA,1300000.0,9525.0,2.0,2.0,-15.7765,-47.8896,2025-09-07,1
1199223,6008531,AP0061,,Venda,Apartamento,95.0,ASA NORTE,BRASILIA,960000.0,10105.0,3.0,0.0,-15.7518,-47.8817,2025-09-07,3
1199242,6008550,1187652,,Venda,Apartamento,120.0,ASA NORTE,BRASILIA,1520000.0,12666.0,0.0,1.0,-15.7425,-47.8956,2025-09-07,0
1199306,6008614,1117698,,Venda,Apartamento,73.0,ASA NORTE,BRASILIA,900000.0,12328.0,0.0,1.0,-15.7377,-47.8901,2025-09-07,8
1199324,6008632,VILLA151898V01,,Venda,Apartamento,377.0,ASA NORTE,BRASILIA,3750000.0,9946.0,4.0,2.0,-15.747,-47.8883,2025-09-07,3
1199327,6008635,IFAN410,,Venda,Apartamento,45.0,ASA NORTE,BRASILIA,619000.0,13755.0,0.0,0.0,-15.754,-47.8807,2025-09-07,4
1199424,6008739,754235,,Venda,Apartamento,48.0,ASA NORTE,BRASILIA,290000.0,6041.0,0.0,0.0,-15.7518,-47.8973,2025-09-07,6
1199465,6008781,AP0275,,Venda,Apartamento,93.0,ASA NORTE,BRASILIA,1299000.0,13967.0,3.0,1.0,-15.7786,-47.8795,2025-09-07,4
1199513,6008833,1176664,,Venda,Apartamento,132.0,ASA NORTE,BRASILIA,1850000.0,14015.0,0.0,1.0,-15.757,-47.8845,2025-09-07,4
1199538,6008858,al89663222123,,Venda,Apartamento,120.0,ASA NORTE,BRASILIA,1560000.0,13000.0,0.0,1.0,-15.7436,-47.8965,2025-09-07,0
1199639,6008957,1177881,,Venda,Apartamento,123.0,ASA NORTE,BRASILIA,1760000.0,14308.0,0.0,0.0,-15.7469,-47.8979,2025-09-07,4
1199660,6008978,VILLA148453V01,,Venda,Apartamento,31.0,ASA NORTE,BRASILIA,460000.0,14838.0,0.0,0.0,53.912,38.557,2025-09-07,5
1199727,6009045,AP0020,,Venda,Apartamento,45.0,ASA NORTE,BRASILIA,619000.0,13755.0,0.0,0.0,-15.7555,-47.881,2025-09-07,4
1199761,6009079,VILLA151104V01,,Venda,Apartamento,109.0,ASA NORTE,BRASILIA,1579000.0,14486.0,3.0,1.0,-15.7731,-47.8864,2025-09-07,4
1200056,6009381,FAW001,,Venda,Apartamento,135.0,ASA NORTE,BRASILIA,1950000.0,14444.0,3.0,1.0,-15.7767,-47.8864,2025-09-07,4
1200073,6009398,VILLA151929V01,,Venda,Apartamento,84.0,ASA NORTE,BRASILIA,1180000.0,14047.0,0.0,1.0,-15.7431,-47.8879,2025-09-07,4
1200093,6009417,1211159,,Venda,Apartamento,157.0,ASA NORTE,BRASILIA,2250000.0,14331.0,4.0,2.0,-15.7456,-47.8946,2025-09-07,4
1200111,6009435,1036984,,Venda,Apartamento,74.0,ASA NORTE,BRASILIA,1350000.0,18290.0,2.0,2.0,-15.7529,-47.8847,2025-09-07,7
1200130,6009457,AP1182,,Venda,Apartamento,80.0,ASA NORTE,BRASILIA,790000.0,9875.0,0.0,0.0,-15.7518,-47.8927,2025-09-07,1
1200220,6009551,1108784,,Venda,Apartamento,70.0,ASA NORTE,BRASILIA,750000.0,10714.0,4.0,0.0,-15.7504,-47.8812,2025-09-07,3
1200295,6009626,1184001,,Venda,Apartamento,78.0,ASA NORTE,BRASILIA,840000.0,10769.0,0.0,0.0,-15.7781,-47.8752,2025-09-07,3
1200306,6009637,411,,Venda,Apartamento,98.0,ASA NORTE,BRASILIA,900000.0,9183.0,0.0,0.0,-15.7528,-47.8817,2025-09-07,1
1200308,6009639,FAP036,,Venda,Apartamento,45.0,ASA NORTE,BRASILIA,619000.0,13755.0,2.0,0.0,-15.7555,-47.881,2025-09-07,4
1200356,6009688,PIN00295,,Venda,Apartamento,65.0,ASA NORTE,BRASILIA,800000.0,12307.0,0.0,1.0,-15.7401,-47.8957,2025-09-07,8
1200400,6009736,595978,,Venda,Apartamento,38.0,ASA NORTE,BRASILIA,550000.0,14473.0,1.0,1.0,-15.7463,-47.8939,2025-09-07,4
1200404,6009740,NEVCLN109,,Venda,Apartamento,35.0,ASA NORTE,BRASILIA,340000.0,9700.0,0.0,0.0,-15.759,-47.8873,2025-09-07,1
1200467,6009805,AP2616,,Venda,Apartamento,31.0,ASA NORTE,BRASILIA,375000.0,12096.0,0.0,0.0,-15.7909,-47.8853,2025-09-07,8
1200469,6009807,701036,,Venda,Apartamento,128.0,ASA NORTE,BRASILIA,2050000.0,16015.0,0.0,2.0,-15.7613,-47.8829,2025-09-07,2
1200572,6009912,1027569,,Venda,Apartamento,182.0,ASA NORTE,BRASILIA,1950000.0,10714.0,0.0,1.0,-15.769,-47.8834,2025-09-07,3
1200636,6009980,AP01116,,Venda,Apartamento,127.0,ASA NORTE,BRASILIA,1600000.0,12622.0,3.0,1.0,-15.7412,-47.8896,2025-09-07,0
1200758,6010102,P2921,,Venda,Apartamento,181.0,ASA NORTE,BRASILIA,1950000.0,10773.0,0.0,1.0,-15.7698,-47.8838,2025-09-07,3
1200765,6010109,1185391,,Venda,Apartamento,45.0,ASA NORTE,BRASILIA,619000.0,13755.0,2.0,0.0,-15.754,-47.8807,2025-09-07,4
1200793,6010138,AP0419,,Venda,Apartamento,127.0,ASA NORTE,BRASILIA,1500000.0,11811.0,0.0,2.0,-15.7762,-47.8893,2025-09-07,8
1200931,6010278,AP0420,,Venda,Apartamento,68.0,ASA NORTE,BRASILIA,770000.0,11323.0,0.0,0.0,-15.7514,-47.8828,2025-09-07,8
1200938,6010287,1124346,,Venda,Apartamento,135.0,ASA NORTE,BRASILIA,1430000.0,10592.0,3.0,0.0,-15.7655,-47.892,2025-09-07,3
1201043,6010392,1043775,,Venda,Apartamento,123.0,ASA NORTE,BRASILIA,1660000.0,13527.0,0.0,0.0,-15.746,-47.8981,2025-09-07,4
1201064,6010412,1151221,,Venda,Apartamento,37.0,ASA NORTE,BRASILIA,320900.0,8672.0,1.0,0.0,-15.7768,-47.8886,2025-09-07,1
1201138,6010494,1211468,,Venda,Apartamento,323.0,ASA NORTE,BRASILIA,5340000.0,16532.0,4.0,4.0,-15.7413,-47.8887,2025-09-07,2
1201142,6010498,1163868,,Venda,Apartamento,94.0,ASA NORTE,BRASILIA,1150000.0,12234.0,3.0,1.0,-15.7786,-47.8795,2025-09-07,8
1201201,6010557,193,,Venda,Apartamento,80.0,ASA NORTE,BRASILIA,1089999.0,13624.0,0.0,0.0,-15.7428,-47.9005,2025-09-07,4
1201255,6010612,1196340,,Venda,Apartamento,63.0,ASA NORTE,BRASILIA,850000.0,13423.0,2.0,1.0,-15.7392,-47.8967,2025-09-07,0
1201348,6010711,AP01447,,Venda,Apartamento,125.0,ASA NORTE,BRASILIA,1520000.0,12160.0,0.0,2.0,-15.758,-47.8906,2025-09-07,8
1201378,6010743,924549,,Venda,Apartamento,50.0,ASA NORTE,BRASILIA,595000.0,12012.0,2.0,0.0,-15.7706,-47.8916,2025-09-07,8
1201411,6010779,1128814,,Venda,Apartamento,80.0,ASA NORTE,BRASILIA,699000.0,8737.0,0.0,0.0,-15.7748,-47.8893,2025-09-07,1
1201483,6010851,1124925,,Venda,Apartamento,75.0,ASA NORTE,BRASILIA,1099500.0,14660.0,3.0,1.0,-15.7588,-47.8842,2025-09-07,5
1201484,6010852,1168410,,Venda,Apartamento,52.0,ASA NORTE,BRASILIA,870000.0,16730.0,0.0,1.0,-15.7401,-47.8957,2025-09-07,2
1201518,6010888,TH33089,,Venda,Apartamento,75.0,ASA NORTE,BRASILIA,720000.0,9582.0,2.0,1.0,-15.7416,-47.9004,2025-09-07,1
1201639,6011014,1203577,,Venda,Apartamento,125.0,ASA NORTE,BRASILIA,1650000.0,13200.0,0.0,0.0,-15.7732,-47.8826,2025-09-07,0
1201795,6011179,ale457845112,,Venda,Apartamento,120.0,ASA NORTE,BRASILIA,1595000.0,13291.0,0.0,1.0,-15.7436,-47.8965,2025-09-07,0
1202015,6011410,1194972,,Venda,Apartamento,163.0,ASA NORTE,BRASILIA,2819012.0,17294.0,4.0,3.0,-15.7473,-47.8906,2025-09-07,2
1202140,6011547,1191864,,Venda,Apartamento,168.0,ASA NORTE,BRASILIA,2195000.0,13091.0,4.0,1.0,-15.7417,-47.8928,2025-09-07,0
1202231,6011643,1188780,,Venda,Apartamento,64.0,ASA NORTE,BRASILIA,850000.0,13327.0,0.0,0.0,-15.7595,-47.8806,2025-09-07,0
1202382,6011800,1198507,,Venda,Apartamento,94.0,ASA NORTE,BRASILIA,1150000.0,12234.0,3.0,1.0,-15.7786,-47.8795,2025-09-07,8
1202490,6011915,DLV042,,Venda,Apartamento,45.0,ASA NORTE,BRASILIA,619000.0,13755.0,2.0,0.0,-15.7555,-47.881,2025-09-07,4
1202491,6011916,1106090,,Venda,Apartamento,28.0,ASA NORTE,BRASILIA,380000.0,13783.0,1.0,0.0,-15.7806,-47.89,2025-09-07,4
1202537,6011963,1167475,,Venda,Apartamento,45.0,ASA NORTE,BRASILIA,619000.0,13755.0,0.0,0.0,-15.754,-47.8807,2025-09-07,4
1202700,6012144,1200096,,Venda,Apartamento,74.0,ASA NORTE,BRASILIA,1050000.0,14189.0,0.0,1.0,-15.762,-47.8909,2025-09-07,4
1202705,6012161,VK4933,,Venda,Apartamento,674.0,ASA NORTE,BRASILIA,10000000.0,14836.0,0.0,4.0,-15.7603,-47.8868,2025-09-07,5
1202728,6012184,2285,,Venda,Apartamento,116.0,ASA NORTE,BRASILIA,1530000.0,13189.0,4.0,2.0,-15.7612,-47.8896,2025-09-07,0
1202965,6012427,1151448,,Venda,Apartamento,132.0,ASA NORTE,BRASILIA,1850000.0,14015.0,0.0,1.0,-15.776,-47.886,2025-09-07,4
1203033,6012501,1153064,,Venda,Apartamento,206.0,ASA NORTE,BRASILIA,2990000.0,14514.0,0.0,2.0,-15.7559,-47.8923,2025-09-07,4
1203370,6012868,21052025,,Venda,Apartamento,95.0,ASA NORTE,BRASILIA,900000.0,9473.0,0.0,0.0,-15.7519,-47.8821,2025-09-07,1
1203389,6012887,AP01272,,Venda,Apartamento,182.0,ASA NORTE,BRASILIA,1750000.0,9615.0,0.0,1.0,-15.769,-47.8834,2025-09-07,1
1203420,6012920,1188398,,Venda,Apartamento,35.0,ASA NORTE,BRASILIA,270000.0,7794.0,2.0,0.0,-15.752,-47.8951,2025-09-07,6
1203588,6013105,AP01443,,Venda,Apartamento,200.0,ASA NORTE,BRASILIA,2590000.0,12950.0,4.0,2.0,-15.758,-47.8906,2025-09-07,0
1203636,6013153,45571032V-DFI,,Venda,Apartamento,44.0,ASA NORTE,BRASILIA,330000.0,7508.0,0.0,0.0,-15.7714,-47.8848,2025-09-07,6
1203796,6013314,FMX0102,,Venda,Apartamento,95.0,ASA NORTE,BRASILIA,820000.0,8631.0,0.0,0.0,-15.7519,-47.8821,2025-09-07,1
1203911,6013430,1268484,,Venda,Apartamento,120.0,ASA NORTE,BRASILIA,1530000.0,12750.0,0.0,1.0,-15.7425,-47.8956,2025-09-07,0
1203933,6013452,VDI5,,Venda,Apartamento,125.0,ASA NORTE,BRASILIA,1600000.0,12800.0,4.0,1.0,-15.758,-47.8906,2025-09-07,0
1203953,6013478,1219806,,Venda,Apartamento,127.0,ASA NORTE,BRASILIA,1495000.0,11771.0,0.0,1.0,-15.7558,-47.8926,2025-09-07,8
1206326,6016171,1170648,,Venda,Apartamento,104.0,ASA NORTE,BRASILIA,1250000.0,12019.0,0.0,1.0,-15.7799,-47.8892,2025-09-07,8
1206343,6016188,RB1653,,Venda,Apartamento,300.0,ASA NORTE,BRASILIA,3199000.0,10663.0,4.0,0.0,-15.7533,-47.8841,2025-09-07,3
1206378,6016223,880131002-123,,Venda,Apartamento,110.0,ASA NORTE,BRASILIA,1450000.0,13181.0,0.0,1.0,-15.7462,-47.8871,2025-09-07,0
1206404,6016252,1107327,,Venda,Apartamento,175.0,ASA NORTE,BRASILIA,2399000.0,13708.0,0.0,2.0,-15.7407,-47.888,2025-09-07,4
1206410,6016258,10989,,Venda,Apartamento,94.0,ASA NORTE,BRASILIA,1380000.0,14680.0,0.0,1.0,-15.7794,-47.8787,2025-09-07,5
1206434,6016282,TH28385,,Venda,Apartamento,95.0,ASA NORTE,BRASILIA,1100000.0,11578.0,3.0,0.0,-15.7519,-47.8821,2025-09-07,8
1206463,6016313,6440,,Venda,Apartamento,129.0,ASA NORTE,BRASILIA,1380000.0,10697.0,0.0,1.0,-15.7405,-47.8887,2025-09-07,3
1206486,6016336,1167449,,Venda,Apartamento,143.0,ASA NORTE,BRASILIA,2120000.0,14825.0,0.0,1.0,-15.7464,-47.8881,2025-09-07,5
1206499,6016349,1115481,,Venda,Apartamento,260.0,ASA NORTE,BRASILIA,4300000.0,16538.0,0.0,3.0,-15.7456,-47.8866,2025-09-07,2
1206510,6016364,1123685,,Venda,Apartamento,96.0,ASA NORTE,BRASILIA,820000.0,8541.0,0.0,0.0,-15.7595,-47.8806,2025-09-07,1
1206576,6016433,936579,,Venda,Apartamento,112.0,ASA NORTE,BRASILIA,1600000.0,14285.0,0.0,1.0,-15.7757,-47.8831,2025-09-07,4
1206638,6016506,1143048,,Venda,Apartamento,93.0,ASA NORTE,BRASILIA,920000.0,9892.0,0.0,0.0,-15.7545,-47.8808,2025-09-07,1
1206649,6016517,CO9468,,Venda,Apartamento,50.0,ASA NORTE,BRASILIA,630000.0,12600.0,1.0,0.0,-15.7555,-47.8842,2025-09-07,0
1206659,6016527,AP0457,,Venda,Apartamento,49.0,ASA NORTE,BRASILIA,590000.0,12040.0,0.0,0.0,-15.7682,-47.8919,2025-09-07,8
1206682,6016557,1203710,,Venda,Apartamento,131.0,ASA NORTE,BRASILIA,2000000.0,15267.0,3.0,2.0,-15.7613,-47.8829,2025-09-07,5
1206711,6016588,1176616,,Venda,Apartamento,55.0,ASA NORTE,BRASILIA,689000.0,12452.0,2.0,0.0,-15.7821,-47.8755,2025-09-07,0
1206722,6016599,1191878,,Venda,Apartamento,40.0,ASA NORTE,BRASILIA,280000.0,7000.0,0.0,0.0,-15.7749,-47.889,2025-09-07,6
1206748,6016625,1124034,,Venda,Apartamento,137.0,ASA NORTE,BRASILIA,1520000.0,11094.0,0.0,1.0,-15.751,-47.8899,2025-09-07,3
1206755,6016632,RBMASTERPLAY,,Venda,Apartamento,26.0,ASA NORTE,BRASILIA,299000.0,11500.0,0.0,1.0,-15.7543,-47.9006,2025-09-07,8
1206765,6016646,1055938,,Venda,Apartamento,98.0,ASA NORTE,BRASILIA,1350000.0,13775.0,0.0,1.0,-15.7547,-47.8894,2025-09-07,4
1206766,6016647,1022895,,Venda,Apartamento,181.0,ASA NORTE,BRASILIA,1950000.0,10766.0,0.0,1.0,-15.7695,-47.8833,2025-09-07,3
1206770,6016651,1066685,,Venda,Apartamento,122.0,ASA NORTE,BRASILIA,1660000.0,13606.0,0.0,0.0,-15.7469,-47.8979,2025-09-07,4
1206778,6016659,1195827,,Venda,Apartamento,38.0,ASA NORTE,BRASILIA,340000.0,8947.0,0.0,0.0,-15.7389,-47.9007,2025-09-07,1
1206799,6016680,1217048,,Venda,Apartamento,94.0,ASA NORTE,BRASILIA,1200000.0,12774.0,0.0,1.0,-15.7781,-47.8787,2025-09-07,0
1206800,6016681,FEC0173,,Venda,Apartamento,209.0,ASA NORTE,BRASILIA,3199000.0,15306.0,0.0,1.0,-15.7533,-47.8841,2025-09-07,5
1206822,6016703,SQN406-Gabriel,,Venda,Apartamento,79.0,ASA NORTE,BRASILIA,790000.0,10031.0,3.0,0.0,-15.7688,-47.8762,2025-09-07,3
1206823,6016704,1143794,,Venda,Apartamento,76.0,ASA NORTE,BRASILIA,1150000.0,15211.0,0.0,1.0,-15.7502,-47.8859,2025-09-07,5
1206838,6016724,1151133,,Venda,Apartamento,116.0,ASA NORTE,BRASILIA,1100000.0,9482.0,3.0,0.0,-15.7601,-47.8943,2025-09-07,1
1206845,6016731,FEC0318,,Venda,Apartamento,120.0,ASA NORTE,BRASILIA,1570000.0,13083.0,0.0,1.0,-15.7436,-47.8965,2025-09-07,0
1206849,6016735,8888731,,Venda,Apartamento,37.0,ASA NORTE,BRASILIA,530000.0,14224.0,1.0,1.0,-15.7909,-47.8853,2025-09-07,4
1206861,6016747,1179591,,Venda,Apartamento,169.0,ASA NORTE,BRASILIA,2550000.0,15129.0,4.0,2.0,-15.7541,-47.8889,2025-09-07,5
1206869,6016755,1203124,,Venda,Apartamento,128.0,ASA NORTE,BRASILIA,1550000.0,12109.0,3.0,1.0,-15.7388,-47.8977,2025-09-07,8
1206886,6016772,CO8939,,Venda,Apartamento,35.0,ASA NORTE,BRASILIA,290000.0,8285.0,1.0,0.0,-15.7518,-47.8973,2025-09-07,6
1206936,6016824,CO9310,,Venda,Apartamento,160.0,ASA NORTE,BRASILIA,2090000.0,13062.0,4.0,2.0,-15.7456,-47.8946,2025-09-07,0
1206947,6016835,RB1652,,Venda,Apartamento,127.0,ASA NORTE,BRASILIA,1500000.0,11811.0,4.0,2.0,-15.7751,-47.8909,2025-09-07,8
1206957,6016847,1196848,,Venda,Apartamento,260.0,ASA NORTE,BRASILIA,4300000.0,16538.0,4.0,3.0,-15.7456,-47.8866,2025-09-07,2
1207004,6016894,SQN116,,Venda,Apartamento,100.0,ASA NORTE,BRASILIA,1576000.0,15760.0,0.0,1.0,-15.7383,-47.8939,2025-09-07,2
1207013,6016903,CO9708,,Venda,Apartamento,67.0,ASA NORTE,BRASILIA,650000.0,9701.0,2.0,0.0,-15.781,-47.8892,2025-09-07,1
1207036,6016929,301,,Venda,Apartamento,168.0,ASA NORTE,BRASILIA,2350000.0,13988.0,0.0,1.0,-15.7411,-47.893,2025-09-07,4
1207077,6016970,1199614,,Venda,Apartamento,172.0,ASA NORTE,BRASILIA,2420000.0,14069.0,0.0,2.0,-15.758,-47.8906,2025-09-07,4
1207098,6016993,1188605,,Venda,Apartamento,376.0,ASA NORTE,BRASILIA,3572000.0,9500.0,0.0,4.0,-15.7456,-47.8946,2025-09-07,1
1207205,6017113,1202614,,Venda,Apartamento,39.0,ASA NORTE,BRASILIA,379000.0,9653.0,0.0,0.0,-15.7454,-47.8985,2025-09-07,1
1207213,6017121,AR310,,Venda,Apartamento,270.0,ASA NORTE,BRASILIA,3100000.0,11481.0,0.0,3.0,-15.758,-47.8906,2025-09-07,8
1207229,6017137,FKS2201,,Venda,Apartamento,95.0,ASA NORTE,BRASILIA,819000.0,8621.0,0.0,0.0,-15.7581,-47.8801,2025-09-07,1
1207249,6017157,AP00096,,Venda,Apartamento,55.0,ASA NORTE,BRASILIA,390000.0,7090.0,3.0,0.0,-15.7612,-47.8927,2025-09-07,6
1207296,6017204,UB1616,,Venda,Apartamento,93.0,ASA NORTE,BRASILIA,1250000.0,13512.0,0.0,1.0,-15.737,-47.891,2025-09-07,4
1207301,6017209,1114817,,Venda,Apartamento,94.0,ASA NORTE,BRASILIA,1350000.0,14361.0,0.0,1.0,-15.7626,-47.88,2025-09-07,4
1207311,6017218,AP0245,,Venda,Apartamento,137.0,ASA NORTE,BRASILIA,1570000.0,11459.0,0.0,1.0,-15.751,-47.8899,2025-09-07,8
1207358,6017266,04082025,,Venda,Apartamento,68.0,ASA NORTE,BRASILIA,900000.0,13262.0,2.0,1.0,-15.7456,-47.8946,2025-09-07,0
1207381,6017288,VILLA151749V01,,Venda,Apartamento,61.0,ASA NORTE,BRASILIA,865000.0,14180.0,2.0,0.0,-15.7363,-47.8884,2025-09-07,4
1207432,6017339,29032025,,Venda,Apartamento,40.0,ASA NORTE,BRASILIA,360000.0,9000.0,0.0,0.0,-15.7577,-47.8957,2025-09-07,1
1207457,6017364,876001,,Venda,Apartamento,247.0,ASA NORTE,BRASILIA,2200000.0,8906.0,4.0,2.0,-15.758,-47.8906,2025-09-07,1
1207472,6017379,SQN315RW,,Venda,Apartamento,124.0,ASA NORTE,BRASILIA,1509000.0,12169.0,0.0,1.0,-15.7425,-47.8956,2025-09-07,8
1207564,6017471,dam45875448,,Venda,Apartamento,55.0,ASA NORTE,BRASILIA,499000.0,9072.0,0.0,0.0,-15.7454,-47.8997,2025-09-07,1
1207598,6017505,AP1143,,Venda,Apartamento,318.0,ASA NORTE,BRASILIA,3660000.0,11509.0,0.0,4.0,-15.7456,-47.8866,2025-09-07,8
1207605,6017512,611,,Venda,Apartamento,209.0,ASA NORTE,BRASILIA,3099000.0,14827.0,0.0,1.0,-15.7529,-47.8847,2025-09-07,5
1207621,6017528,1197954,,Venda,Apartamento,181.0,ASA NORTE,BRASILIA,2480000.0,13693.0,4.0,1.0,-15.7695,-47.8833,2025-09-07,4
1207809,6017721,1148995,,Venda,Apartamento,100.0,ASA NORTE,BRASILIA,1250000.0,12500.0,3.0,1.0,-15.7398,-47.8959,2025-09-07,0
1207904,6017817,1174081,,Venda,Apartamento,90.0,ASA NORTE,BRASILIA,1170000.0,12939.0,0.0,1.0,-15.7535,-47.8856,2025-09-07,0
1207913,6017827,SQN402VD,,Venda,Apartamento,50.0,ASA NORTE,BRASILIA,580000.0,11600.0,0.0,0.0,-15.7821,-47.8755,2025-09-07,8
1208053,6017974,767574,,Venda,Apartamento,90.0,ASA NORTE,BRASILIA,620000.0,6888.0,0.0,0.0,-15.7749,-47.889,2025-09-07,6
1208073,6017995,10909,,Venda,Apartamento,135.0,ASA NORTE,BRASILIA,1790000.0,13259.0,0.0,1.0,-15.7541,-47.8889,2025-09-07,0
1208114,6018040,VILLA123798V01,,Venda,Apartamento,77.0,ASA NORTE,BRASILIA,1150000.0,14935.0,0.0,1.0,-15.7665,-47.8849,2025-09-07,5
1208125,6018051,1169925,,Venda,Apartamento,175.0,ASA NORTE,BRASILIA,2850000.0,16284.0,0.0,3.0,-15.7812,-47.8892,2025-09-07,2
1208130,6018055,1208417,,Venda,Apartamento,260.0,ASA NORTE,BRASILIA,4300000.0,16538.0,0.0,3.0,-15.7464,-47.886,2025-09-07,2
1208201,6018129,28969,,Venda,Apartamento,135.0,ASA NORTE,BRASILIA,2150000.0,15925.0,0.0,1.0,-15.7538,-47.8881,2025-09-07,2
1208213,6018141,212ANI,,Venda,Apartamento,130.0,ASA NORTE,BRASILIA,1750000.0,13461.0,0.0,2.0,-15.7492,-47.8876,2025-09-07,4
1208218,6018146,BKRRB08,,Venda,Apartamento,123.0,ASA NORTE,BRASILIA,1700000.0,13821.0,0.0,2.0,-15.7551,-47.8927,2025-09-07,4
1208242,6018172,936583,,Venda,Apartamento,112.0,ASA NORTE,BRASILIA,1600000.0,14285.0,0.0,1.0,-15.7757,-47.8831,2025-09-07,4
1208277,6018208,1137603,,Venda,Apartamento,40.0,ASA NORTE,BRASILIA,270000.0,6750.0,1.0,0.0,-15.7612,-47.8927,2025-09-07,6
1208294,6018229,1016602,,Venda,Apartamento,167.0,ASA NORTE,BRASILIA,2835000.0,16976.0,4.0,2.0,-15.7473,-47.8906,2025-09-07,2
1208352,6018293,AP2475,,Venda,Apartamento,69.0,ASA NORTE,BRASILIA,789000.0,11434.0,0.0,0.0,-15.737,-47.891,2025-09-07,8
1208378,6018320,ESTRELACOBERTURA,,Venda,Apartamento,335.0,ASA NORTE,BRASILIA,5164000.0,15414.0,4.0,3.0,-15.7469,-47.8905,2025-09-07,5
1208390,6018332,TH26754,,Venda,Apartamento,56.0,ASA NORTE,BRASILIA,395000.0,7033.0,2.0,0.0,-15.7672,-47.8907,2025-09-07,6
1208483,6018433,VILLA151794V01,,Venda,Apartamento,127.0,ASA NORTE,BRASILIA,1700000.0,13385.0,0.0,1.0,-15.7383,-47.8939,2025-09-07,0
1208522,6018473,AP1170,,Venda,Apartamento,80.0,ASA NORTE,BRASILIA,790000.0,9875.0,0.0,0.0,-15.7518,-47.8927,2025-09-07,1
1208599,6018554,1043791,,Venda,Apartamento,248.0,ASA NORTE,BRASILIA,3500000.0,14112.0,0.0,4.0,-15.7572,-47.8879,2025-09-07,4
1208680,6018634,732090,,Venda,Apartamento,300.0,ASA NORTE,BRASILIA,3199000.0,10663.0,0.0,1.0,-15.7533,-47.8841,2025-09-07,3
1208687,6018641,1274283,,Venda,Apartamento,84.0,ASA NORTE,BRASILIA,1250000.0,14880.0,0.0,1.0,-15.7629,-47.8811,2025-09-07,5
1208692,6018646,1216690,,Venda,Apartamento,217.0,ASA NORTE,BRASILIA,2550000.0,11751.0,0.0,2.0,-15.7564,-47.8838,2025-09-07,8
1208731,6018695,FROTA044,,Venda,Apartamento,48.0,ASA NORTE,BRASILIA,600000.0,12500.0,0.0,0.0,-15.7898,-47.8899,2025-09-07,0
1208762,6018732,1144370,,Venda,Apartamento,89.0,ASA NORTE,BRASILIA,1080000.0,12134.0,3.0,0.0,-15.7401,-47.897,2025-09-07,8
1208806,6018777,JOB0017,,Venda,Apartamento,44.0,ASA NORTE,BRASILIA,470000.0,10681.0,0.0,0.0,-15.7513,-47.8857,2025-09-07,3
1208916,6018910,925314,,Venda,Apartamento,80.0,ASA NORTE,BRASILIA,850000.0,10625.0,0.0,0.0,-15.7512,-47.892,2025-09-07,3
1208918,6018912,1201161,,Venda,Apartamento,89.0,ASA NORTE,BRASILIA,790000.0,8876.0,3.0,0.0,-15.7682,-47.8772,2025-09-07,1
1209059,6019056,1222921,,Venda,Apartamento,25.0,ASA NORTE,BRASILIA,309900.0,12317.0,1.0,1.0,-15.757,-47.8997,2025-09-07,8
1209185,6019185,SQN,,Venda,Apartamento,125.0,ASA NORTE,BRASILIA,1600000.0,12800.0,4.0,1.0,-15.773,-47.8859,2025-09-07,0
1209352,6019367,AP00005,,Venda,Apartamento,230.0,ASA NORTE,BRASILIA,2950000.0,12826.0,0.0,0.0,-15.7559,-47.8923,2025-09-07,0
1209368,6019385,800498,,Venda,Apartamento,33.0,ASA NORTE,BRASILIA,250000.0,7575.0,0.0,0.0,-15.7696,-47.892,2025-09-07,6
1209390,6019412,71705-535,,Venda,Apartamento,160.0,ASA NORTE,BRASILIA,2865000.0,17856.0,4.0,3.0,-15.7405,-47.8887,2025-09-07,7
1209700,6019741,009703V-DFI,,Venda,Apartamento,35.0,ASA NORTE,BRASILIA,260000.0,7348.0,0.0,0.0,-15.7448,-47.8988,2025-09-07,6
1209762,6019818,10956,,Venda,Apartamento,100.0,ASA NORTE,BRASILIA,790000.0,7900.0,0.0,0.0,-15.7782,-47.8758,2025-09-07,6
1209852,6019920,03346v,,Venda,Apartamento,95.0,ASA NORTE,BRASILIA,750000.0,7869.0,0.0,0.0,-15.7587,-47.879,2025-09-07,6
1210258,6020394,AP0190,,Venda,Apartamento,29.0,ASA NORTE,BRASILIA,404990.0,13965.0,0.0,1.0,-15.7639,-47.8933,2025-09-07,4
1210273,6020409,SM888,,Venda,Apartamento,360.0,ASA NORTE,BRASILIA,2519000.0,6997.0,25.0,0.0,-15.7768,-47.8886,2025-09-07,6
1210278,6020414,1167237,,Venda,Apartamento,45.0,ASA NORTE,BRASILIA,619000.0,13755.0,0.0,0.0,-15.754,-47.8807,2025-09-07,4
1210303,6020443,SHCGN710,,Venda,Apartamento,108.0,ASA NORTE,BRASILIA,890000.0,8240.0,0.0,0.0,-15.7585,-47.894,2025-09-07,6
1210384,6020539,888427,,Venda,Apartamento,132.0,ASA NORTE,BRASILIA,1600000.0,12121.0,0.0,1.0,-15.751,-47.8899,2025-09-07,8
1210437,6020596,1136895,,Venda,Apartamento,75.0,ASA NORTE,BRASILIA,590000.0,7898.0,0.0,0.0,-15.7633,-47.8923,2025-09-07,6
1210589,6020765,VD4VAZ,,Venda,Apartamento,115.0,ASA NORTE,BRASILIA,1690000.0,14695.0,3.0,1.0,-15.7757,-47.8831,2025-09-07,5
1210612,6020788,31631616,,Venda,Apartamento,86.0,ASA NORTE,BRASILIA,1050000.0,12209.0,3.0,0.0,-15.7395,-47.8974,2025-09-07,8
1210619,6020795,VILLA149792V01,,Venda,Apartamento,184.0,ASA NORTE,BRASILIA,3091000.0,16798.0,4.0,4.0,-15.7763,-47.8872,2025-09-07,2
1210620,6020796,1115988,,Venda,Apartamento,125.0,ASA NORTE,BRASILIA,1090000.0,8699.0,3.0,0.0,-15.7754,-47.8823,2025-09-07,1
1210656,6020833,1130887,,Venda,Apartamento,144.0,ASA NORTE,BRASILIA,1895000.0,13159.0,0.0,2.0,-15.7431,-47.8879,2025-09-07,0
1210675,6020853,1196211,,Venda,Apartamento,55.0,ASA NORTE,BRASILIA,630000.0,11454.0,2.0,1.0,-15.7736,-47.8901,2025-09-07,8
1210744,6020923,000755V-DFI,,Venda,Apartamento,37.0,ASA NORTE,BRASILIA,300000.0,8012.0,0.0,0.0,-15.7595,-47.8933,2025-09-07,6
1210747,6020926,AP0276,,Venda,Apartamento,76.0,ASA NORTE,BRASILIA,1250000.0,16447.0,2.0,1.0,-15.7605,-47.8896,2025-09-07,2
1210811,6020990,1179047,,Venda,Apartamento,220.0,ASA NORTE,BRASILIA,3050000.0,13863.0,0.0,2.0,-15.7464,-47.886,2025-09-07,4
1210884,6021074,1182991,,Venda,Apartamento,90.0,ASA NORTE,BRASILIA,1070000.0,11888.0,0.0,1.0,-15.7588,-47.8842,2025-09-07,8
1210921,6021112,P2794,,Venda,Apartamento,105.0,ASA NORTE,BRASILIA,1590000.0,15142.0,0.0,1.0,-15.7529,-47.8847,2025-09-07,5
1210935,6021126,1157994,,Venda,Apartamento,200.0,ASA NORTE,BRASILIA,3811000.0,19055.0,3.0,3.0,-15.7603,-47.8868,2025-09-07,7
1210984,6021176,AP0030,,Venda,Apartamento,39.0,ASA NORTE,BRASILIA,620000.0,15897.0,1.0,1.0,-15.7456,-47.8946,2025-09-07,2
1210997,6021189,DJD2508,,Venda,Apartamento,38.0,ASA NORTE,BRASILIA,450000.0,11842.0,0.0,1.0,-15.7662,-47.8751,2025-09-07,8
1211005,6021198,1214285,,Venda,Apartamento,135.0,ASA NORTE,BRASILIA,1860000.0,13777.0,0.0,1.0,-15.7541,-47.8889,2025-09-07,4
1211237,6021465,FEN0010,,Venda,Apartamento,57.0,ASA NORTE,BRASILIA,679000.0,11912.0,2.0,0.0,-15.7403,-47.9001,2025-09-07,8
1211408,6021658,1177722,,Venda,Apartamento,78.0,ASA NORTE,BRASILIA,800000.0,10256.0,0.0,0.0,-15.7682,-47.8772,2025-09-07,3
1211578,6021840,P2880,,Venda,Apartamento,280.0,ASA NORTE,BRASILIA,3199000.0,11425.0,0.0,1.0,-15.7533,-47.8841,2025-09-07,8
1211696,6021969,TH25636,,Venda,Apartamento,272.0,ASA NORTE,BRASILIA,3300000.0,12112.0,3.0,3.0,-15.7495,-47.8858,2025-09-07,8
1211718,6021992,SQN316,,Venda,Apartamento,128.0,ASA NORTE,BRASILIA,2099000.0,16398.0,0.0,1.0,-15.7392,-47.8967,2025-09-07,2
1211725,6021999,1070215,,Venda,Apartamento,100.0,ASA NORTE,BRASILIA,725000.0,7250.0,3.0,0.0,-15.7595,-47.8806,2025-09-07,6
1211804,6022084,AP1608,,Venda,Apartamento,90.0,ASA NORTE,BRASILIA,1400000.0,15555.0,3.0,1.0,-15.7383,-47.8939,2025-09-07,5
1211813,6022093,1092174,,Venda,Apartamento,113.0,ASA NORTE,BRASILIA,1430000.0,12654.0,0.0,1.0,-15.7665,-47.8849,2025-09-07,0
1211836,6022117,PIN00814,,Venda,Apartamento,118.0,ASA NORTE,BRASILIA,1400000.0,11903.0,0.0,1.0,-15.7794,-47.8787,2025-09-07,8
1211900,6022182,JULIA448,,Venda,Apartamento,45.0,ASA NORTE,BRASILIA,619000.0,13755.0,0.0,0.0,-15.754,-47.8807,2025-09-07,4
1211953,6022238,1167475,,Venda,Apartamento,45.0,ASA NORTE,BRASILIA,619000.0,13755.0,0.0,0.0,-15.754,-47.8807,2025-09-14,4
1212114,6022414,AP00418,,Venda,Apartamento,30.0,ASA NORTE,BRASILIA,550000.0,18333.0,1.0,1.0,53.912,38.557,2025-09-14,7
1212123,6022423,1218387,,Venda,Apartamento,115.0,ASA NORTE,BRASILIA,1650000.0,14347.0,0.0,2.0,-15.7602,-47.886,2025-09-14,4
1212131,6022431,2360,,Venda,Apartamento,76.0,ASA NORTE,BRASILIA,1285000.0,16907.0,0.0,1.0,-15.7745,-47.886,2025-09-14,2
1212147,6022448,VILLA151104V01,,Venda,Apartamento,109.0,ASA NORTE,BRASILIA,1579000.0,14486.0,3.0,1.0,-15.7731,-47.8864,2025-09-14,4
1212329,6022641,DMM002/DI1806,,Venda,Apartamento,124.0,ASA NORTE,BRASILIA,1580000.0,12741.0,0.0,1.0,-15.7633,-47.8858,2025-09-14,0
1212359,6022674,883637,,Venda,Apartamento,87.0,ASA NORTE,BRASILIA,1070000.0,12298.0,2.0,0.0,-15.7454,-47.8919,2025-09-14,8
1212582,6022924,1084653,,Venda,Apartamento,113.0,ASA NORTE,BRASILIA,1350000.0,11943.0,0.0,1.0,-15.7726,-47.8836,2025-09-14,8
1212600,6022942,AP1170,,Venda,Apartamento,80.0,ASA NORTE,BRASILIA,790000.0,9875.0,0.0,0.0,-15.7518,-47.8927,2025-09-14,1
1212700,6023046,CO9711,,Venda,Apartamento,49.0,ASA NORTE,BRASILIA,575000.0,11734.0,2.0,0.0,-15.7682,-47.8919,2025-09-14,8
1212722,6023068,DJD2508,,Venda,Apartamento,38.0,ASA NORTE,BRASILIA,450000.0,11842.0,0.0,1.0,-15.7662,-47.8751,2025-09-14,8
1212773,6023118,SQN215,,Venda,Apartamento,232.0,ASA NORTE,BRASILIA,2600000.0,11206.0,0.0,1.0,-15.7405,-47.8887,2025-09-14,8
1212822,6023167,1199255,,Venda,Apartamento,135.0,ASA NORTE,BRASILIA,1690000.0,12546.0,0.0,1.0,-15.7534,-47.8891,2025-09-14,0
1212886,6023232,732090,,Venda,Apartamento,300.0,ASA NORTE,BRASILIA,3199000.0,10663.0,0.0,1.0,-15.7533,-47.8841,2025-09-14,3
1212890,6023236,2285,,Venda,Apartamento,116.0,ASA NORTE,BRASILIA,1530000.0,13189.0,4.0,2.0,-15.7612,-47.8896,2025-09-14,0
1212916,6023264,1202228,,Venda,Apartamento,108.0,ASA NORTE,BRASILIA,979000.0,9069.0,0.0,0.0,-15.7505,-47.8975,2025-09-14,1
1212987,6023339,1187149,,Venda,Apartamento,89.0,ASA NORTE,BRASILIA,1300000.0,14680.0,0.0,1.0,-15.7672,-47.8844,2025-09-14,5
1213081,6023446,1115701,,Venda,Apartamento,290.0,ASA NORTE,BRASILIA,3690000.0,12724.0,0.0,2.0,-15.747,-47.8883,2025-09-14,0
1213106,6023473,1194228,,Venda,Apartamento,94.0,ASA NORTE,BRASILIA,1550000.0,16489.0,0.0,1.0,-15.737,-47.891,2025-09-14,2
1213204,6023578,2006CULL311020V,,Venda,Apartamento,30.0,ASA NORTE,BRASILIA,570000.0,19000.0,0.0,1.0,-15.7898,-47.8899,2025-09-14,7
1213259,6023643,1177722,,Venda,Apartamento,78.0,ASA NORTE,BRASILIA,800000.0,10256.0,0.0,0.0,-15.7682,-47.8772,2025-09-14,3
1213313,6023698,193,,Venda,Apartamento,80.0,ASA NORTE,BRASILIA,1089999.0,13624.0,0.0,0.0,-15.7428,-47.9005,2025-09-14,4
1213360,6023745,1207871,,Venda,Apartamento,95.0,ASA NORTE,BRASILIA,1255000.0,13210.0,2.0,0.0,-15.7518,-47.8927,2025-09-14,0
1213464,6023860,VILLA151337V01,,Venda,Apartamento,94.0,ASA NORTE,BRASILIA,1600000.0,17021.0,3.0,1.0,-15.7796,-47.8787,2025-09-14,2
1213559,6023953,FROTA044,,Venda,Apartamento,48.0,ASA NORTE,BRASILIA,600000.0,12500.0,0.0,0.0,-15.7898,-47.8899,2025-09-14,0
1213668,6024063,AP1171,,Venda,Apartamento,80.0,ASA NORTE,BRASILIA,790000.0,9875.0,0.0,0.0,-15.7518,-47.8927,2025-09-14,1
1213674,6024069,IMB1096,,Venda,Apartamento,160.0,ASA NORTE,BRASILIA,1880000.0,11753.0,0.0,1.0,-15.7829,-47.8779,2025-09-14,8
1213781,6024192,dda1037,,Venda,Apartamento,25.0,ASA NORTE,BRASILIA,340000.0,13600.0,0.0,1.0,-15.7662,-47.8751,2025-09-14,4
1213793,6024204,NH508,,Venda,Apartamento,27.0,ASA NORTE,BRASILIA,500000.0,18518.0,0.0,0.0,53.912,38.557,2025-09-14,7
1213821,6024238,AP01447,,Venda,Apartamento,125.0,ASA NORTE,BRASILIA,1520000.0,12160.0,0.0,2.0,-15.758,-47.8906,2025-09-14,8
1213832,6024249,906719,,Venda,Apartamento,127.0,ASA NORTE,BRASILIA,1500000.0,11811.0,4.0,2.0,-15.7762,-47.8893,2025-09-14,8
1213884,6024305,1216619,,Venda,Apartamento,29.0,ASA NORTE,BRASILIA,295000.0,10172.0,0.0,1.0,-15.7662,-47.8751,2025-09-14,3
1214038,6024466,VILLA152062V01,,Venda,Apartamento,97.0,ASA NORTE,BRASILIA,1100000.0,11340.0,2.0,0.0,-15.7726,-47.8836,2025-09-14,8
1214133,6024568,1125624,,Venda,Apartamento,68.0,ASA NORTE,BRASILIA,840000.0,12378.0,2.0,0.0,-15.7447,-47.8947,2025-09-14,0
1214161,6024601,1035404,,Venda,Apartamento,96.0,ASA NORTE,BRASILIA,1410000.0,14687.0,0.0,2.0,-15.7502,-47.8859,2025-09-14,5
1214218,6024665,AP0364,,Venda,Apartamento,128.0,ASA NORTE,BRASILIA,2050000.0,16015.0,4.0,2.0,-15.7613,-47.8829,2025-09-14,2
1214293,6024747,UB440,,Venda,Apartamento,300.0,ASA NORTE,BRASILIA,3500000.0,11666.0,0.0,1.0,-15.7529,-47.8847,2025-09-14,8
1214296,6024750,1119163,,Venda,Apartamento,25.0,ASA NORTE,BRASILIA,320000.0,12800.0,0.0,0.0,-15.7771,-47.8784,2025-09-14,0
1214332,6024786,1218339,,Venda,Apartamento,163.0,ASA NORTE,BRASILIA,1900000.0,11656.0,0.0,1.0,-15.7502,-47.8859,2025-09-14,8
1214405,6024869,NEVCLN109,,Venda,Apartamento,35.0,ASA NORTE,BRASILIA,340000.0,9700.0,0.0,0.0,-15.759,-47.8873,2025-09-14,1
1214408,6024872,1146821,,Venda,Apartamento,51.0,ASA NORTE,BRASILIA,700000.0,13722.0,2.0,0.0,-15.7402,-47.8851,2025-09-14,4
1214437,6024904,1186537,,Venda,Apartamento,80.0,ASA NORTE,BRASILIA,758000.0,9475.0,0.0,0.0,-15.7782,-47.8758,2025-09-14,1
1214455,6024922,JULIA448,,Venda,Apartamento,45.0,ASA NORTE,BRASILIA,619000.0,13755.0,0.0,0.0,-15.754,-47.8807,2025-09-14,4
1214582,6025058,1171617,,Venda,Apartamento,79.0,ASA NORTE,BRASILIA,520000.0,6582.0,0.0,0.0,-15.7749,-47.89,2025-09-14,6
1214615,6025095,1219806,,Venda,Apartamento,127.0,ASA NORTE,BRASILIA,1495000.0,11771.0,0.0,1.0,-15.7558,-47.8926,2025-09-14,8
1214661,6025143,VDN3PP,,Venda,Apartamento,50.0,ASA NORTE,BRASILIA,550000.0,11000.0,0.0,0.0,-15.7671,-47.8916,2025-09-14,3
1216685,6027477,SL15,,Venda,Apartamento,260.0,ASA NORTE,BRASILIA,4300000.0,16546.0,0.0,3.0,-15.7456,-47.8866,2025-09-14,2
1216821,6027620,1171558,,Venda,Apartamento,113.0,ASA NORTE,BRASILIA,1580000.0,13982.0,0.0,1.0,-15.7757,-47.8831,2025-09-14,4
1216841,6027641,SQN316,,Venda,Apartamento,128.0,ASA NORTE,BRASILIA,2099000.0,16398.0,0.0,1.0,-15.7392,-47.8967,2025-09-14,2
1216873,6027681,1216604,,Venda,Apartamento,38.0,ASA NORTE,BRASILIA,350000.0,9283.0,2.0,0.0,-15.7452,-47.8988,2025-09-14,1
1216874,6027682,VK4160-LV,,Venda,Apartamento,518.0,ASA NORTE,BRASILIA,6500000.0,12548.0,0.0,4.0,-15.7588,-47.8842,2025-09-14,0
1216882,6027690,VILLA152043V01,,Venda,Apartamento,123.0,ASA NORTE,BRASILIA,1520000.0,12357.0,0.0,1.0,-15.765,-47.8885,2025-09-14,8
1216886,6027694,CO8602,,Venda,Apartamento,209.0,ASA NORTE,BRASILIA,3500000.0,16784.0,0.0,1.0,-15.7533,-47.8841,2025-09-14,2
1216913,6027724,1027790,,Venda,Apartamento,33.0,ASA NORTE,BRASILIA,350000.0,10606.0,0.0,0.0,-15.7748,-47.8893,2025-09-14,3
1216940,6027752,VILLA151929V01,,Venda,Apartamento,84.0,ASA NORTE,BRASILIA,1180000.0,14047.0,0.0,1.0,-15.7431,-47.8879,2025-09-14,4
1217020,6027838,VILLA149792V01,,Venda,Apartamento,184.0,ASA NORTE,BRASILIA,3091000.0,16798.0,4.0,4.0,-15.7763,-47.8872,2025-09-14,2
1217061,6027886,1195976,,Venda,Apartamento,137.0,ASA NORTE,BRASILIA,1570000.0,11459.0,3.0,1.0,-15.751,-47.8899,2025-09-14,8
1217127,6027957,1184923,,Venda,Apartamento,94.0,ASA NORTE,BRASILIA,1199999.0,12774.0,0.0,1.0,-15.7794,-47.8787,2025-09-14,0
1217175,6028007,AP0065,,Venda,Apartamento,123.0,ASA NORTE,BRASILIA,1620000.0,13170.0,0.0,1.0,-15.7576,-47.8905,2025-09-14,0
1217180,6028012,1130286,,Venda,Apartamento,197.0,ASA NORTE,BRASILIA,2300000.0,11675.0,3.0,1.0,-15.7549,-47.8916,2025-09-14,8
1217214,6028047,1131265,,Venda,Apartamento,91.0,ASA NORTE,BRASILIA,910000.0,10003.0,0.0,0.0,-15.7495,-47.8971,2025-09-14,3
1217300,6028145,1188780,,Venda,Apartamento,64.0,ASA NORTE,BRASILIA,850000.0,13327.0,0.0,0.0,-15.7595,-47.8806,2025-09-14,0
1217321,6028170,1214209,,Venda,Apartamento,127.0,ASA NORTE,BRASILIA,2049000.0,16133.0,0.0,2.0,-15.7613,-47.8829,2025-09-14,2
1217336,6028185,AP01116,,Venda,Apartamento,127.0,ASA NORTE,BRASILIA,1600000.0,12622.0,3.0,1.0,-15.7412,-47.8896,2025-09-14,0
1217370,6028219,800498,,Venda,Apartamento,33.0,ASA NORTE,BRASILIA,250000.0,7575.0,0.0,0.0,-15.7696,-47.892,2025-09-14,6
1217408,6028256,AP1182,,Venda,Apartamento,80.0,ASA NORTE,BRASILIA,790000.0,9875.0,0.0,0.0,-15.7518,-47.8927,2025-09-14,1
1217776,6028642,754235,,Venda,Apartamento,48.0,ASA NORTE,BRASILIA,290000.0,6041.0,0.0,0.0,-15.7518,-47.8973,2025-09-14,6
1217840,6028717,VEN665,,Venda,Apartamento,44.0,ASA NORTE,BRASILIA,550000.0,12381.0,0.0,0.0,-15.7545,-47.8814,2025-09-14,0
1217878,6028759,03346v,,Venda,Apartamento,95.0,ASA NORTE,BRASILIA,750000.0,7869.0,0.0,0.0,-15.7587,-47.879,2025-09-14,6
1217881,6028763,1201161,,Venda,Apartamento,89.0,ASA NORTE,BRASILIA,820000.0,9213.0,3.0,0.0,-15.7682,-47.8772,2025-09-14,1
1217894,6028776,FAW001,,Venda,Apartamento,135.0,ASA NORTE,BRASILIA,1950000.0,14444.0,3.0,1.0,-15.7767,-47.8864,2025-09-14,4
1217915,6028797,1185391,,Venda,Apartamento,45.0,ASA NORTE,BRASILIA,619000.0,13755.0,2.0,0.0,-15.754,-47.8807,2025-09-14,4
1218045,6028927,DLV042,,Venda,Apartamento,45.0,ASA NORTE,BRASILIA,619000.0,13755.0,2.0,0.0,-15.7555,-47.881,2025-09-14,4
1218086,6028969,1164023,,Venda,Apartamento,45.0,ASA NORTE,BRASILIA,619000.0,13755.0,0.0,0.0,-15.754,-47.8807,2025-09-14,4
1218196,6029090,1217676,,Venda,Apartamento,75.0,ASA NORTE,BRASILIA,1120000.0,14933.0,0.0,1.0,-15.7495,-47.8858,2025-09-14,5
1218199,6029093,8994,,Venda,Apartamento,117.0,ASA NORTE,BRASILIA,1550000.0,13247.0,0.0,1.0,-15.7572,-47.8879,2025-09-14,0
1218261,6029165,10208,,Venda,Apartamento,168.0,ASA NORTE,BRASILIA,2099000.0,12494.0,0.0,1.0,-15.7417,-47.8928,2025-09-14,0
1218285,6029189,SM990,,Venda,Apartamento,122.0,ASA NORTE,BRASILIA,1840000.0,15081.0,0.0,1.0,-15.7681,-47.8875,2025-09-14,5
1218286,6029190,AP01272,,Venda,Apartamento,182.0,ASA NORTE,BRASILIA,1750000.0,9615.0,0.0,1.0,-15.769,-47.8834,2025-09-14,1
1218313,6029217,14-1,,Venda,Apartamento,140.0,ASA NORTE,BRASILIA,1650000.0,11785.0,0.0,1.0,-15.7588,-47.8842,2025-09-14,8
1218324,6029233,AP1478,,Venda,Apartamento,95.0,ASA NORTE,BRASILIA,1450000.0,15263.0,3.0,0.0,-15.7532,-47.8838,2025-09-14,5
1218330,6029239,1223518,,Venda,Apartamento,42.0,ASA NORTE,BRASILIA,420000.0,10038.0,0.0,0.0,-15.7403,-47.8935,2025-09-14,3
1218347,6029256,10801,,Venda,Apartamento,73.0,ASA NORTE,BRASILIA,1390000.0,19041.0,0.0,2.0,-15.7529,-47.8847,2025-09-14,7
1218382,6029299,11132,,Venda,Apartamento,100.0,ASA NORTE,BRASILIA,1430000.0,14300.0,0.0,1.0,-15.7792,-47.8857,2025-09-14,4
1218398,6029317,10992,,Venda,Apartamento,94.0,ASA NORTE,BRASILIA,1420000.0,15106.0,0.0,1.0,-15.7794,-47.8787,2025-09-14,5
1218403,6029322,CO8484,,Venda,Apartamento,673.0,ASA NORTE,BRASILIA,10000000.0,14858.0,0.0,4.0,-15.7603,-47.8868,2025-09-14,5
1218431,6029350,1182688,,Venda,Apartamento,100.0,ASA NORTE,BRASILIA,1576000.0,15760.0,0.0,1.0,-15.7391,-47.8937,2025-09-14,2
1218438,6029357,1169200,,Venda,Apartamento,137.0,ASA NORTE,BRASILIA,1630000.0,11897.0,0.0,1.0,-15.7518,-47.8891,2025-09-14,8
1218470,6029391,1218792,,Venda,Apartamento,137.0,ASA NORTE,BRASILIA,1570000.0,11459.0,0.0,1.0,-15.7509,-47.8888,2025-09-14,8
1218495,6029421,AC3620,,Venda,Apartamento,86.0,ASA NORTE,BRASILIA,1400000.0,16279.0,3.0,1.0,-15.7392,-47.8967,2025-09-14,2
1218500,6029426,10736,,Venda,Apartamento,45.0,ASA NORTE,BRASILIA,635000.0,14111.0,0.0,0.0,-15.754,-47.8807,2025-09-14,4
1218548,6029484,P2803,,Venda,Apartamento,34.0,ASA NORTE,BRASILIA,285000.0,8382.0,0.0,0.0,-15.7391,-47.8896,2025-09-14,1
1218749,6029704,TH33337,,Venda,Apartamento,135.0,ASA NORTE,BRASILIA,1890000.0,14000.0,4.0,1.0,-15.7817,-47.8784,2025-09-14,4
1218788,6029743,TH33398,,Venda,Apartamento,71.0,ASA NORTE,BRASILIA,870000.0,12253.0,2.0,1.0,-15.7831,-47.8754,2025-09-14,8
1218810,6029765,1115891,,Venda,Apartamento,53.0,ASA NORTE,BRASILIA,780000.0,14716.0,0.0,1.0,-15.776,-47.8907,2025-09-14,5
1218813,6029768,TH32445,,Venda,Apartamento,115.0,ASA NORTE,BRASILIA,1390000.0,12086.0,3.0,1.0,-15.7757,-47.8831,2025-09-14,8
1218843,6029798,10909,,Venda,Apartamento,135.0,ASA NORTE,BRASILIA,1790000.0,13259.0,0.0,1.0,-15.7541,-47.8889,2025-09-14,0
1218860,6029815,1225732,,Venda,Apartamento,159.0,ASA NORTE,BRASILIA,2150000.0,13522.0,0.0,2.0,-15.7509,-47.8888,2025-09-14,4
1218863,6029818,CO9033,,Venda,Apartamento,63.0,ASA NORTE,BRASILIA,800000.0,12698.0,3.0,0.0,-15.7518,-47.8927,2025-09-14,0
1218946,6029901,17-1,,Venda,Apartamento,136.0,ASA NORTE,BRASILIA,2050000.0,15073.0,0.0,0.0,-15.7495,-47.8858,2025-09-14,5
1218956,6029913,1116723,,Venda,Apartamento,184.0,ASA NORTE,BRASILIA,1360000.0,7391.0,0.0,1.0,-15.7742,-47.89,2025-09-14,6
1218970,6029927,1224748,,Venda,Apartamento,135.0,ASA NORTE,BRASILIA,1690000.0,12518.0,0.0,1.0,-15.758,-47.8906,2025-09-14,0
1218976,6029933,21-1,,Venda,Apartamento,105.0,ASA NORTE,BRASILIA,860000.0,8190.0,0.0,0.0,-15.7644,-47.8782,2025-09-14,6
1218980,6029937,22-1,,Venda,Apartamento,125.0,ASA NORTE,BRASILIA,1680000.0,13440.0,0.0,1.0,-15.7672,-47.8877,2025-09-14,0
1218993,6029960,1121298,,Venda,Apartamento,137.0,ASA NORTE,BRASILIA,1630000.0,11897.0,0.0,1.0,-15.751,-47.8899,2025-09-14,8
1218998,6029965,4528,,Venda,Apartamento,94.0,ASA NORTE,BRASILIA,1300000.0,13829.0,0.0,1.0,-15.7786,-47.8795,2025-09-14,4
1219001,6029968,10691,,Venda,Apartamento,57.0,ASA NORTE,BRASILIA,689000.0,12087.0,0.0,0.0,-15.7403,-47.9001,2025-09-14,8
1219026,6029993,880111037-60,,Venda,Apartamento,47.0,ASA NORTE,BRASILIA,563000.0,11988.0,0.0,0.0,-15.769,-47.892,2025-09-14,8
1219033,6030000,1188482,,Venda,Apartamento,112.0,ASA NORTE,BRASILIA,1280000.0,11402.0,0.0,1.0,-15.7731,-47.8864,2025-09-14,8
1219043,6030010,mcarC6,,Venda,Apartamento,280.0,ASA NORTE,BRASILIA,3099000.0,11067.0,0.0,1.0,-15.7529,-47.8847,2025-09-14,3
1219071,6030038,10887,,Venda,Apartamento,45.0,ASA NORTE,BRASILIA,630000.0,14000.0,0.0,0.0,-15.7555,-47.881,2025-09-14,4
1219090,6030056,1116238,,Venda,Apartamento,107.0,ASA NORTE,BRASILIA,1450000.0,13551.0,0.0,1.0,-15.7464,-47.8954,2025-09-14,4
1219116,6030081,1163629,,Venda,Apartamento,166.0,ASA NORTE,BRASILIA,1850000.0,11167.0,0.0,1.0,-15.7603,-47.8896,2025-09-14,3
1219133,6030098,1000216,,Venda,Apartamento,105.0,ASA NORTE,BRASILIA,1379000.0,13133.0,3.0,1.0,-15.7384,-47.8962,2025-09-14,0
1219144,6030116,10987,,Venda,Apartamento,194.0,ASA NORTE,BRASILIA,3675000.0,18943.0,0.0,3.0,-15.7405,-47.8887,2025-09-14,7
1219155,6030127,25-1,,Venda,Apartamento,79.0,ASA NORTE,BRASILIA,880000.0,11139.0,0.0,0.0,-15.7782,-47.8758,2025-09-14,3
1219175,6030147,1105341,,Venda,Apartamento,160.0,ASA NORTE,BRASILIA,2150000.0,13437.0,0.0,2.0,-15.7509,-47.8888,2025-09-14,0
1219201,6030173,6355,,Venda,Apartamento,205.0,ASA NORTE,BRASILIA,3170000.0,15463.0,0.0,2.0,-15.7529,-47.8847,2025-09-14,5
1219206,6030178,9481,,Venda,Apartamento,40.0,ASA NORTE,BRASILIA,610000.0,15250.0,0.0,0.0,-15.7886,-47.8893,2025-09-14,5
1219266,6030243,1224979,,Venda,Apartamento,77.0,ASA NORTE,BRASILIA,1345000.0,17467.0,0.0,1.0,-15.7434,-47.8875,2025-09-14,7
1219352,6030344,AP002,,Venda,Apartamento,143.0,ASA NORTE,BRASILIA,1830000.0,12797.0,0.0,2.0,-15.7417,-47.8928,2025-09-14,0
1219377,6030375,Asa,,Venda,Apartamento,109.0,ASA NORTE,BRASILIA,1280000.0,11745.0,0.0,2.0,-15.7768,-47.8886,2025-09-14,8
1219390,6030388,VILLA139637V01,,Venda,Apartamento,155.0,ASA NORTE,BRASILIA,2150000.0,13870.0,0.0,2.0,-15.754,-47.8917,2025-09-14,4
1219395,6030393,71790247,,Venda,Apartamento,34.0,ASA NORTE,BRASILIA,380000.0,11078.0,0.0,1.0,-15.7477,-47.9014,2025-09-14,3
1219424,6030422,VILLA150209V01,,Venda,Apartamento,169.0,ASA NORTE,BRASILIA,2200000.0,13017.0,0.0,2.0,-15.7586,-47.8894,2025-09-14,0
1219437,6030436,FIS00284,,Venda,Apartamento,110.0,ASA NORTE,BRASILIA,1400000.0,12727.0,2.0,1.0,-15.7698,-47.8838,2025-09-14,0
1219443,6030442,P3269,,Venda,Apartamento,290.0,ASA NORTE,BRASILIA,3690000.0,12724.0,0.0,2.0,-15.747,-47.8883,2025-09-14,0
1219483,6030485,1190560,,Venda,Apartamento,247.0,ASA NORTE,BRASILIA,2200000.0,8906.0,0.0,2.0,-15.7576,-47.8905,2025-09-14,1
1219492,6030494,1017222,,Venda,Apartamento,238.0,ASA NORTE,BRASILIA,3150000.0,13244.0,0.0,2.0,-15.7569,-47.8874,2025-09-14,0
1219513,6030516,VILLA151794V01,,Venda,Apartamento,127.0,ASA NORTE,BRASILIA,1700000.0,13385.0,0.0,1.0,-15.7383,-47.8939,2025-09-14,0
1219520,6030523,1170648,,Venda,Apartamento,104.0,ASA NORTE,BRASILIA,1250000.0,12019.0,0.0,1.0,-15.7799,-47.8892,2025-09-14,8
1219528,6030531,P3004,,Venda,Apartamento,257.0,ASA NORTE,BRASILIA,3500000.0,13618.0,4.0,0.0,-15.7583,-47.8826,2025-09-14,4
1219529,6030532,1193546,,Venda,Apartamento,27.0,ASA NORTE,BRASILIA,390000.0,14444.0,0.0,0.0,-15.7806,-47.89,2025-09-14,4
1219540,6030545,1197539,,Venda,Apartamento,95.0,ASA NORTE,BRASILIA,740000.0,7789.0,0.0,0.0,-15.7533,-47.8826,2025-09-14,6
1219552,6030557,RM1802,,Venda,Apartamento,95.0,ASA NORTE,BRASILIA,1579000.0,16621.0,3.0,1.0,-15.7796,-47.8787,2025-09-14,2
1219554,6030559,1180873,,Venda,Apartamento,74.0,ASA NORTE,BRASILIA,1080000.0,14634.0,2.0,1.0,-15.7607,-47.8905,2025-09-14,5
1219571,6030578,1006253,,Venda,Apartamento,135.0,ASA NORTE,BRASILIA,1650000.0,12222.0,0.0,1.0,-15.7786,-47.8801,2025-09-14,8
1219620,6030631,854804,,Venda,Apartamento,270.0,ASA NORTE,BRASILIA,3100000.0,11481.0,0.0,3.0,-15.758,-47.8906,2025-09-14,8
1219659,6030681,CO9618,,Venda,Apartamento,70.0,ASA NORTE,BRASILIA,1170000.0,16714.0,2.0,1.0,-15.737,-47.891,2025-09-14,2
1219663,6030685,64619,,Venda,Apartamento,240.0,ASA NORTE,BRASILIA,2350000.0,9791.0,0.0,2.0,-15.7521,-47.8848,2025-09-14,1
1219671,6030693,28963,,Venda,Apartamento,159.0,ASA NORTE,BRASILIA,1899999.0,11949.0,0.0,1.0,-15.7829,-47.8779,2025-09-14,8
1219700,6030727,1096537,,Venda,Apartamento,95.0,ASA NORTE,BRASILIA,1245000.0,13105.0,3.0,1.0,-15.7794,-47.8787,2025-09-14,0
1219720,6030748,1097095,,Venda,Apartamento,41.0,ASA NORTE,BRASILIA,519000.0,12658.0,2.0,0.0,-15.7512,-47.8967,2025-09-14,0
1219732,6030760,TA2265,,Venda,Apartamento,90.0,ASA NORTE,BRASILIA,1350000.0,15000.0,0.0,1.0,-15.7529,-47.8847,2025-09-14,5
1219753,6030785,960431,,Venda,Apartamento,245.0,ASA NORTE,BRASILIA,3500000.0,14285.0,4.0,4.0,-15.7569,-47.8874,2025-09-14,4
1219763,6030795,GM5448,,Venda,Apartamento,127.0,ASA NORTE,BRASILIA,1669000.0,13141.0,3.0,1.0,-15.7456,-47.8946,2025-09-14,0
1219827,6030863,1116,,Venda,Apartamento,61.0,ASA NORTE,BRASILIA,739000.0,12114.0,0.0,0.0,-15.74,-47.8968,2025-09-14,8
1219960,6030996,1177300,,Venda,Apartamento,85.0,ASA NORTE,BRASILIA,1125000.0,13302.0,0.0,1.0,-15.7574,-47.89,2025-09-14,0
1219967,6031003,IMB191,,Venda,Apartamento,124.0,ASA NORTE,BRASILIA,1480000.0,11961.0,0.0,1.0,-15.758,-47.8906,2025-09-14,8
1219981,6031020,1199913,,Venda,Apartamento,125.0,ASA NORTE,BRASILIA,1600000.0,12800.0,0.0,0.0,-15.7732,-47.8826,2025-09-14,0
1219986,6031025,20-1,,Venda,Apartamento,52.0,ASA NORTE,BRASILIA,790000.0,15192.0,0.0,0.0,-15.7644,-47.8782,2025-09-14,5
1220047,6031086,1183938,,Venda,Apartamento,260.0,ASA NORTE,BRASILIA,4100000.0,15769.0,0.0,3.0,-15.7456,-47.8866,2025-09-14,2
1220049,6031088,1107327,,Venda,Apartamento,175.0,ASA NORTE,BRASILIA,2399000.0,13708.0,0.0,2.0,-15.7407,-47.888,2025-09-14,4
1220057,6031096,1004569,,Venda,Apartamento,76.0,ASA NORTE,BRASILIA,799900.0,10525.0,0.0,0.0,-15.7386,-47.8855,2025-09-14,3
1220083,6031135,1109563,,Venda,Apartamento,168.0,ASA NORTE,BRASILIA,2195000.0,13088.0,0.0,1.0,-15.7409,-47.8938,2025-09-14,0
1220108,6031163,1096174,,Venda,Apartamento,78.0,ASA NORTE,BRASILIA,915000.0,11730.0,3.0,0.0,-15.7712,-47.8757,2025-09-14,8
1220142,6031199,1108080,,Venda,Apartamento,40.0,ASA NORTE,BRASILIA,400000.0,10000.0,0.0,1.0,-15.7477,-47.9014,2025-09-14,3
1220152,6031209,1188738,,Venda,Apartamento,78.0,ASA NORTE,BRASILIA,1120000.0,14358.0,2.0,1.0,-15.7792,-47.8857,2025-09-14,4
1220166,6031223,23-1,,Venda,Apartamento,125.0,ASA NORTE,BRASILIA,1290000.0,10320.0,0.0,0.0,-15.7726,-47.8836,2025-09-14,3
1220173,6031230,728352,,Venda,Apartamento,69.0,ASA NORTE,BRASILIA,789000.0,11434.0,2.0,0.0,-15.7382,-47.8899,2025-09-14,8
1220197,6031256,1217651,,Venda,Apartamento,127.0,ASA NORTE,BRASILIA,1670000.0,13149.0,3.0,1.0,-15.7461,-47.8947,2025-09-14,0
1220204,6031263,10631,,Venda,Apartamento,162.0,ASA NORTE,BRASILIA,1850000.0,11419.0,5.0,1.0,-15.7495,-47.8858,2025-09-14,8
1220212,6031271,10809,,Venda,Apartamento,132.0,ASA NORTE,BRASILIA,1850000.0,14015.0,0.0,1.0,-15.776,-47.886,2025-09-14,4
1220251,6031317,10012,,Venda,Apartamento,79.0,ASA NORTE,BRASILIA,825000.0,10443.0,3.0,0.0,-15.7782,-47.8758,2025-09-14,3
1220257,6031325,SQN208vistalivre,,Venda,Apartamento,124.0,ASA NORTE,BRASILIA,1830000.0,14758.0,0.0,2.0,-15.7613,-47.8829,2025-09-14,5
1220300,6031371,10407,,Venda,Apartamento,110.0,ASA NORTE,BRASILIA,1470000.0,13363.0,0.0,2.0,-15.7549,-47.8916,2025-09-14,0
1220304,6031375,1217689,,Venda,Apartamento,123.0,ASA NORTE,BRASILIA,1479000.0,12024.0,0.0,1.0,-15.7633,-47.8858,2025-09-14,8
1220311,6031382,736107,,Venda,Apartamento,55.0,ASA NORTE,BRASILIA,575000.0,10454.0,0.0,0.0,-15.7671,-47.8916,2025-09-14,3
1220338,6031412,1167429,,Venda,Apartamento,90.0,ASA NORTE,BRASILIA,1080000.0,12000.0,0.0,1.0,-15.7588,-47.8842,2025-09-14,8
1220386,6031461,10901,,Venda,Apartamento,134.0,ASA NORTE,BRASILIA,1580000.0,11791.0,0.0,1.0,-15.776,-47.886,2025-09-14,8
1220415,6031491,1164132y,,Venda,Apartamento,135.0,ASA NORTE,BRASILIA,1690000.0,12546.0,0.0,1.0,-15.7541,-47.8889,2025-09-14,0
1220438,6031514,10990,,Venda,Apartamento,137.0,ASA NORTE,BRASILIA,1560000.0,11386.0,0.0,1.0,-15.751,-47.8899,2025-09-14,8
1220465,6031540,TH29616,,Venda,Apartamento,47.0,ASA NORTE,BRASILIA,349000.0,7425.0,2.0,0.0,-15.7578,-47.8945,2025-09-14,6
1220482,6031563,1217103,,Venda,Apartamento,120.0,ASA NORTE,BRASILIA,1520000.0,12666.0,3.0,1.0,-15.7425,-47.8956,2025-09-14,0
1220516,6031596,1188297,,Venda,Apartamento,45.0,ASA NORTE,BRASILIA,610000.0,13555.0,1.0,0.0,-15.7378,-47.8962,2025-09-14,4
1220519,6031599,IMB1108,,Venda,Apartamento,35.0,ASA NORTE,BRASILIA,270000.0,7692.0,0.0,0.0,-15.7578,-47.8945,2025-09-14,6
1220564,6031645,1172206,,Venda,Apartamento,85.0,ASA NORTE,BRASILIA,1150000.0,13598.0,0.0,1.0,-15.758,-47.8906,2025-09-14,4
1220597,6031679,AP2496,,Venda,Apartamento,25.0,ASA NORTE,BRASILIA,360000.0,14400.0,0.0,1.0,-15.7327,-47.8973,2025-09-14,4
1220617,6031699,1217759,,Venda,Apartamento,90.0,ASA NORTE,BRASILIA,1349000.0,14909.0,0.0,1.0,-15.7529,-47.8847,2025-09-14,5
1220640,6031723,BU755,,Venda,Apartamento,382.0,ASA NORTE,BRASILIA,5400001.0,14136.0,4.0,3.0,-15.758,-47.8906,2025-09-14,4
1220688,6031771,TH29030,,Venda,Apartamento,127.0,ASA NORTE,BRASILIA,1500000.0,11811.0,4.0,2.0,-15.7765,-47.8896,2025-09-14,8
1220694,6031778,880131002-123,,Venda,Apartamento,110.0,ASA NORTE,BRASILIA,1450000.0,13181.0,0.0,1.0,-15.7462,-47.8871,2025-09-14,0
1220705,6031789,FIS00237,,Venda,Apartamento,189.0,ASA NORTE,BRASILIA,2149000.0,11370.0,0.0,1.0,-15.7698,-47.8838,2025-09-14,8
1220707,6031791,880241011-203,,Venda,Apartamento,344.0,ASA NORTE,BRASILIA,4200000.0,12221.0,0.0,3.0,-15.7602,-47.886,2025-09-14,8
1220784,6031867,1167886,,Venda,Apartamento,208.0,ASA NORTE,BRASILIA,2195000.0,10552.0,0.0,1.0,-15.758,-47.8906,2025-09-14,3
1220797,6031880,1182694,,Venda,Apartamento,176.0,ASA NORTE,BRASILIA,2590000.0,14715.0,0.0,2.0,-15.7572,-47.8879,2025-09-14,5
1220798,6031881,03772,,Venda,Apartamento,79.0,ASA NORTE,BRASILIA,780000.0,9904.0,0.0,0.0,-15.7743,-47.8773,2025-09-14,1
1220891,6031974,905320,,Venda,Apartamento,110.0,ASA NORTE,BRASILIA,1470000.0,13363.0,0.0,2.0,-15.7549,-47.8916,2025-09-14,0
1220942,6032025,1040268,,Venda,Apartamento,108.0,ASA NORTE,BRASILIA,1199000.0,11101.0,0.0,0.0,-15.7616,-47.8945,2025-09-14,3
1220959,6032042,1177797,,Venda,Apartamento,74.0,ASA NORTE,BRASILIA,1070000.0,14498.0,0.0,1.0,-15.7607,-47.8905,2025-09-14,4
1220970,6032053,CO9739,,Venda,Apartamento,132.0,ASA NORTE,BRASILIA,1690000.0,12823.0,3.0,0.0,-15.7498,-47.8893,2025-09-14,0
1220971,6032054,957056,,Venda,Apartamento,55.0,ASA NORTE,BRASILIA,720000.0,13090.0,0.0,0.0,-15.7403,-47.9001,2025-09-14,0
1220974,6032057,945976,,Venda,Apartamento,240.0,ASA NORTE,BRASILIA,2350000.0,9791.0,4.0,2.0,-15.7529,-47.8847,2025-09-14,1
1220983,6032066,1115481,,Venda,Apartamento,260.0,ASA NORTE,BRASILIA,4300000.0,16538.0,0.0,3.0,-15.7456,-47.8866,2025-09-14,2
1220991,6032074,880161042-27,,Venda,Apartamento,44.0,ASA NORTE,BRASILIA,380000.0,8636.0,0.0,0.0,-15.7477,-47.9014,2025-09-14,1
1221056,6032139,1210603,,Venda,Apartamento,132.0,ASA NORTE,BRASILIA,1790000.0,13560.0,3.0,1.0,-15.776,-47.886,2025-09-14,4
1221065,6032148,10959,,Venda,Apartamento,154.0,ASA NORTE,BRASILIA,1800000.0,11688.0,0.0,1.0,-15.7698,-47.8838,2025-09-14,8
1221089,6032173,TH28385,,Venda,Apartamento,95.0,ASA NORTE,BRASILIA,1100000.0,11578.0,3.0,0.0,-15.7519,-47.8821,2025-09-14,8
1221099,6032183,342430,,Venda,Apartamento,101.0,ASA NORTE,BRASILIA,1230000.0,12178.0,0.0,1.0,-15.7421,-47.8924,2025-09-14,8
1221114,6032200,FJJ0533,,Venda,Apartamento,100.0,ASA NORTE,BRASILIA,980000.0,9800.0,0.0,0.0,-15.7523,-47.8937,2025-09-14,1
1221142,6032228,1100895,,Venda,Apartamento,168.0,ASA NORTE,BRASILIA,2195000.0,13088.0,0.0,1.0,-15.7409,-47.8938,2025-09-14,0
1221158,6032244,UB1586,,Venda,Apartamento,168.0,ASA NORTE,BRASILIA,2550000.0,15178.0,0.0,2.0,-15.7602,-47.886,2025-09-14,5
1221172,6032258,RB1579,,Venda,Apartamento,279.0,ASA NORTE,BRASILIA,3099000.0,11107.0,5.0,1.0,-15.7533,-47.8841,2025-09-14,3
1221189,6032275,CC213,,Venda,Apartamento,268.0,ASA NORTE,BRASILIA,4500000.0,16782.0,0.0,3.0,-15.7456,-47.8882,2025-09-14,2
1221214,6032300,1177299,,Venda,Apartamento,35.0,ASA NORTE,BRASILIA,375000.0,10806.0,0.0,0.0,-15.7477,-47.9014,2025-09-14,3
1221225,6032311,1199916,,Venda,Apartamento,134.0,ASA NORTE,BRASILIA,1590000.0,11865.0,0.0,1.0,-15.776,-47.886,2025-09-14,8
1221284,6032371,896731,,Venda,Apartamento,143.0,ASA NORTE,BRASILIA,1890000.0,13216.0,4.0,1.0,-15.7456,-47.8866,2025-09-14,0
1221302,6032389,1202424,,Venda,Apartamento,137.0,ASA NORTE,BRASILIA,1570000.0,11459.0,0.0,1.0,-15.751,-47.8899,2025-09-14,8
1221308,6032395,1186380,,Venda,Apartamento,90.0,ASA NORTE,BRASILIA,1250000.0,13888.0,0.0,0.0,-15.7518,-47.8927,2025-09-14,4
1221382,6032469,1123685,,Venda,Apartamento,96.0,ASA NORTE,BRASILIA,820000.0,8541.0,0.0,0.0,-15.7595,-47.8806,2025-09-14,1
1221400,6032487,880241010-44,,Venda,Apartamento,29.0,ASA NORTE,BRASILIA,295000.0,10137.0,0.0,1.0,-15.7477,-47.9014,2025-09-14,3
1221407,6032494,TH30120,,Venda,Apartamento,80.0,ASA NORTE,BRASILIA,780000.0,9750.0,3.0,0.0,-15.7741,-47.8757,2025-09-14,1
1221430,6032517,LV0315,,Venda,Apartamento,135.0,ASA NORTE,BRASILIA,1790000.0,13259.0,0.0,1.0,-15.7541,-47.8889,2025-09-14,0
1221439,6032526,1054704,,Venda,Apartamento,137.0,ASA NORTE,BRASILIA,1630000.0,11897.0,0.0,1.0,-15.7518,-47.8891,2025-09-14,8
1221451,6032538,AP2497,,Venda,Apartamento,25.0,ASA NORTE,BRASILIA,360000.0,14400.0,0.0,1.0,-15.7327,-47.8973,2025-09-14,4
1221456,6032543,10989,,Venda,Apartamento,94.0,ASA NORTE,BRASILIA,1380000.0,14680.0,0.0,1.0,-15.7794,-47.8787,2025-09-14,5
1221512,6032599,CO9624,,Venda,Apartamento,78.0,ASA NORTE,BRASILIA,810000.0,10384.0,3.0,0.0,-15.7741,-47.8757,2025-09-14,3
1221516,6032603,1133324,,Venda,Apartamento,108.0,ASA NORTE,BRASILIA,1200000.0,11111.0,0.0,0.0,-15.7533,-47.8966,2025-09-14,3
1221546,6032633,28000,,Venda,Apartamento,115.0,ASA NORTE,BRASILIA,999000.0,8686.0,0.0,0.0,-15.7542,-47.8952,2025-09-14,1
1221549,6032636,6440,,Venda,Apartamento,129.0,ASA NORTE,BRASILIA,1380000.0,10697.0,0.0,1.0,-15.7405,-47.8887,2025-09-14,3
1221561,6032648,TH29611,,Venda,Apartamento,160.0,ASA NORTE,BRASILIA,2400000.0,15000.0,4.0,2.0,-15.7456,-47.8946,2025-09-14,5
1221563,6032650,1128379,,Venda,Apartamento,90.0,ASA NORTE,BRASILIA,1020000.0,11387.0,0.0,1.0,-15.7392,-47.8967,2025-09-14,8
1221566,6032653,10623,,Venda,Apartamento,94.0,ASA NORTE,BRASILIA,1350000.0,14361.0,3.0,1.0,-15.7549,-47.8916,2025-09-14,4
1221579,6032666,rabelosqn3133quartos,,Venda,Apartamento,120.0,ASA NORTE,BRASILIA,1420000.0,11833.0,0.0,1.0,-15.7495,-47.893,2025-09-14,8
1221607,6032694,1200650,,Venda,Apartamento,38.0,ASA NORTE,BRASILIA,350000.0,9210.0,1.0,0.0,-15.743,-47.8983,2025-09-14,1
1221698,6032786,685966,,Venda,Apartamento,95.0,ASA NORTE,BRASILIA,910000.0,9548.0,0.0,0.0,-15.7525,-47.881,2025-09-14,1
1221725,6032813,1010461,,Venda,Apartamento,202.0,ASA NORTE,BRASILIA,2180000.0,10792.0,0.0,2.0,-15.7529,-47.8847,2025-09-14,3
1221733,6032821,AP0711,,Venda,Apartamento,95.0,ASA NORTE,BRASILIA,990000.0,10421.0,0.0,0.0,-15.7519,-47.8821,2025-09-14,3
1221750,6032838,BE304MS,,Venda,Apartamento,127.0,ASA NORTE,BRASILIA,1430000.0,11259.0,4.0,2.0,-15.7768,-47.8886,2025-09-14,8
1221760,6032848,880341045-74,,Venda,Apartamento,77.0,ASA NORTE,BRASILIA,899000.0,11675.0,0.0,0.0,-15.7358,-47.8882,2025-09-14,8
1221771,6032859,AP00021,,Venda,Apartamento,93.0,ASA NORTE,BRASILIA,855000.0,9193.0,0.0,0.0,-15.7544,-47.8822,2025-09-14,1
1221798,6032886,1066685,,Venda,Apartamento,122.0,ASA NORTE,BRASILIA,1660000.0,13606.0,0.0,0.0,-15.7469,-47.8979,2025-09-14,4
1221901,6032989,1022895,,Venda,Apartamento,181.0,ASA NORTE,BRASILIA,1950000.0,10766.0,0.0,1.0,-15.7695,-47.8833,2025-09-14,3
1221938,6033026,1114198,,Venda,Apartamento,28.0,ASA NORTE,BRASILIA,365000.0,13035.0,0.0,0.0,-15.7453,-47.8871,2025-09-14,0
1221958,6033046,AP0457,,Venda,Apartamento,49.0,ASA NORTE,BRASILIA,590000.0,12040.0,0.0,0.0,-15.7682,-47.8919,2025-09-14,8
1222077,6033167,1208428,,Venda,Apartamento,117.0,ASA NORTE,BRASILIA,1550000.0,13247.0,0.0,1.0,-15.7572,-47.8879,2025-09-14,0
1222111,6033202,CO9468,,Venda,Apartamento,50.0,ASA NORTE,BRASILIA,630000.0,12600.0,1.0,0.0,-15.7555,-47.8842,2025-09-14,0
1222120,6033211,1203710,,Venda,Apartamento,131.0,ASA NORTE,BRASILIA,2000000.0,15267.0,3.0,2.0,-15.7613,-47.8829,2025-09-14,5
1222147,6033238,1123484,,Venda,Apartamento,137.0,ASA NORTE,BRASILIA,1780000.0,12992.0,0.0,1.0,-15.751,-47.8899,2025-09-14,0
1222191,6033282,1223530,,Venda,Apartamento,144.0,ASA NORTE,BRASILIA,1800000.0,12500.0,3.0,1.0,-15.7718,-47.8806,2025-09-14,0
1222221,6033311,1298055,,Venda,Apartamento,120.0,ASA NORTE,BRASILIA,1550000.0,12916.0,0.0,1.0,-15.7425,-47.8956,2025-09-14,0
1222245,6033335,1080767,,Venda,Apartamento,33.0,ASA NORTE,BRASILIA,410000.0,12424.0,1.0,0.0,-15.7389,-47.9007,2025-09-14,0
1222251,6033341,936583,,Venda,Apartamento,112.0,ASA NORTE,BRASILIA,1600000.0,14285.0,0.0,1.0,-15.7757,-47.8831,2025-09-14,4
1222275,6033365,UB1616,,Venda,Apartamento,93.0,ASA NORTE,BRASILIA,1180000.0,12755.0,0.0,1.0,-15.737,-47.891,2025-09-14,0
1222316,6033406,1224027,,Venda,Apartamento,77.0,ASA NORTE,BRASILIA,750000.0,9775.0,0.0,0.0,-15.7367,-47.887,2025-09-14,1
1222351,6033441,1199960,,Venda,Apartamento,168.0,ASA NORTE,BRASILIA,1850000.0,11011.0,0.0,1.0,-15.7603,-47.8896,2025-09-14,3
1222357,6033447,1221151,,Venda,Apartamento,120.0,ASA NORTE,BRASILIA,1380000.0,11500.0,0.0,1.0,-15.7404,-47.8883,2025-09-14,8
1222414,6033505,FEC0173,,Venda,Apartamento,209.0,ASA NORTE,BRASILIA,3199000.0,15306.0,0.0,1.0,-15.7533,-47.8841,2025-09-14,5
1222432,6033524,1217048,,Venda,Apartamento,94.0,ASA NORTE,BRASILIA,1200000.0,12774.0,0.0,1.0,-15.7781,-47.8787,2025-09-14,0
1222439,6033531,1203124,,Venda,Apartamento,128.0,ASA NORTE,BRASILIA,1550000.0,12109.0,3.0,1.0,-15.7388,-47.8977,2025-09-14,8
1222443,6033535,AP02667,,Venda,Apartamento,32.0,ASA NORTE,BRASILIA,450000.0,13876.0,0.0,0.0,-15.7388,-47.9001,2025-09-14,4
1222448,6033540,1217134,,Venda,Apartamento,160.0,ASA NORTE,BRASILIA,1890000.0,11812.0,0.0,1.0,-15.7817,-47.8784,2025-09-14,8
1222542,6033633,1129956,,Venda,Apartamento,85.0,ASA NORTE,BRASILIA,1300000.0,15294.0,0.0,1.0,-15.7574,-47.89,2025-09-14,5
1222550,6033641,1124034,,Venda,Apartamento,137.0,ASA NORTE,BRASILIA,1520000.0,11094.0,0.0,1.0,-15.751,-47.8899,2025-09-14,3
1222560,6033651,UB1587,,Venda,Apartamento,167.0,ASA NORTE,BRASILIA,2099000.0,12568.0,0.0,1.0,-15.7411,-47.893,2025-09-14,0
1222673,6033765,1103525,,Venda,Apartamento,78.0,ASA NORTE,BRASILIA,950000.0,12179.0,0.0,0.0,-15.7742,-47.8764,2025-09-14,8
1222707,6033799,BE430DM,,Venda,Apartamento,45.0,ASA NORTE,BRASILIA,619000.0,13755.0,0.0,0.0,-15.754,-47.8807,2025-09-14,4
1222715,6033807,1212641,,Venda,Apartamento,123.0,ASA NORTE,BRASILIA,1580000.0,12845.0,4.0,2.0,-15.7608,-47.8885,2025-09-14,0
1222744,6033836,UB1543,,Venda,Apartamento,110.0,ASA NORTE,BRASILIA,1470000.0,13363.0,0.0,2.0,-15.7551,-47.8927,2025-09-14,0
1222805,6033897,FEC0288,,Venda,Apartamento,127.0,ASA NORTE,BRASILIA,1500000.0,11811.0,4.0,2.0,-15.7762,-47.8893,2025-09-14,8
1222827,6033919,1212668,,Venda,Apartamento,140.0,ASA NORTE,BRASILIA,1700000.0,12142.0,0.0,1.0,-15.7585,-47.8836,2025-09-14,8
1222870,6033962,1190723,,Venda,Apartamento,79.0,ASA NORTE,BRASILIA,825000.0,10443.0,0.0,0.0,-15.7782,-47.8767,2025-09-14,3
1222883,6033975,BE205MV,,Venda,Apartamento,300.0,ASA NORTE,BRASILIA,3199000.0,10663.0,0.0,1.0,-15.7533,-47.8841,2025-09-14,3
1222934,6034025,687123,,Venda,Apartamento,102.0,ASA NORTE,BRASILIA,850000.0,8292.0,0.0,0.0,-15.7497,-47.8979,2025-09-14,6
1222941,6034032,1151133,,Venda,Apartamento,116.0,ASA NORTE,BRASILIA,1100000.0,9482.0,3.0,0.0,-15.7601,-47.8943,2025-09-14,1
1222946,6034037,1124044,,Venda,Apartamento,132.0,ASA NORTE,BRASILIA,1950000.0,14772.0,3.0,2.0,-15.7763,-47.8872,2025-09-14,5
1222973,6034065,P2609,,Venda,Apartamento,247.0,ASA NORTE,BRASILIA,3000000.0,12154.0,4.0,2.0,-15.7665,-47.8849,2025-09-14,8
1223140,6034232,01664V-DFI,,Venda,Apartamento,137.0,ASA NORTE,BRASILIA,1570000.0,11459.0,0.0,1.0,-15.7509,-47.8888,2025-09-14,8
1223162,6034254,1217723,,Venda,Apartamento,100.0,ASA NORTE,BRASILIA,1599000.0,15990.0,0.0,1.0,-15.7794,-47.8787,2025-09-14,2
1223167,6034259,CO8905,,Venda,Apartamento,181.0,ASA NORTE,BRASILIA,1950000.0,10766.0,0.0,1.0,-15.7698,-47.8838,2025-09-14,3
1223190,6034282,1221133,,Venda,Apartamento,93.0,ASA NORTE,BRASILIA,1245000.0,13387.0,3.0,1.0,-15.7786,-47.8795,2025-09-14,0
1223204,6034296,1007472,,Venda,Apartamento,320.0,ASA NORTE,BRASILIA,5238961.0,16375.0,4.0,4.0,-15.7413,-47.8887,2025-09-14,2
1223234,6034326,8888731,,Venda,Apartamento,37.0,ASA NORTE,BRASILIA,530000.0,14224.0,1.0,1.0,-15.7909,-47.8853,2025-09-14,4
1223294,6034386,1143794,,Venda,Apartamento,76.0,ASA NORTE,BRASILIA,1150000.0,15211.0,0.0,1.0,-15.7502,-47.8859,2025-09-14,5
1223312,6034405,1218790,,Venda,Apartamento,202.0,ASA NORTE,BRASILIA,2180000.0,10792.0,0.0,2.0,-15.7529,-47.8847,2025-09-14,3
1223315,6034408,1220502,,Venda,Apartamento,58.0,ASA NORTE,BRASILIA,550000.0,9482.0,0.0,0.0,-15.751,-47.8958,2025-09-14,1
1223375,6034470,A324,,Venda,Apartamento,80.0,ASA NORTE,BRASILIA,540000.0,6750.0,3.0,0.0,-15.7768,-47.8886,2025-09-14,6
1223408,6034503,1202614,,Venda,Apartamento,39.0,ASA NORTE,BRASILIA,379000.0,9653.0,0.0,0.0,-15.7454,-47.8985,2025-09-14,1
1223434,6034529,1218171,,Venda,Apartamento,76.0,ASA NORTE,BRASILIA,1165000.0,15328.0,0.0,1.0,-15.7665,-47.8849,2025-09-14,5
1223484,6034579,4848445,,Venda,Apartamento,40.0,ASA NORTE,BRASILIA,379990.0,9499.0,1.0,1.0,-15.7477,-47.9014,2025-09-14,1
1223485,6034580,1154868,,Venda,Apartamento,79.0,ASA NORTE,BRASILIA,720000.0,9113.0,0.0,1.0,-15.7724,-47.8771,2025-09-14,1
1223490,6034585,1035378,,Venda,Apartamento,185.0,ASA NORTE,BRASILIA,1350000.0,7297.0,2.0,1.0,-15.7736,-47.8901,2025-09-14,6
1223500,6034594,1193065,,Venda,Apartamento,260.0,ASA NORTE,BRASILIA,4300000.0,16538.0,3.0,3.0,-15.7456,-47.8866,2025-09-14,2
1223510,6034604,1127883,,Venda,Apartamento,29.0,ASA NORTE,BRASILIA,389000.0,13413.0,0.0,0.0,-15.7575,-47.8837,2025-09-14,0
1223540,6034634,FKS1607,,Venda,Apartamento,140.0,ASA NORTE,BRASILIA,1700000.0,12168.0,0.0,1.0,-15.7588,-47.8842,2025-09-14,8
1223575,6034668,CO0015V,,Venda,Apartamento,197.0,ASA NORTE,BRASILIA,1990000.0,10101.0,2.0,2.0,-15.7529,-47.8847,2025-09-14,3
1223601,6034696,1043087,,Venda,Apartamento,60.0,ASA NORTE,BRASILIA,660000.0,11000.0,2.0,0.0,-15.7819,-47.8752,2025-09-14,3
1223631,6034726,1214270,,Venda,Apartamento,84.0,ASA NORTE,BRASILIA,1200000.0,14285.0,0.0,0.0,-15.7388,-47.8971,2025-09-14,4
1223657,6034752,1117,,Venda,Apartamento,82.0,ASA NORTE,BRASILIA,1090000.0,13292.0,0.0,0.0,-15.7454,-47.8919,2025-09-14,0
1223664,6034759,1196523,,Venda,Apartamento,79.0,ASA NORTE,BRASILIA,1200000.0,15189.0,2.0,1.0,-15.7797,-47.8858,2025-09-14,5
1223725,6034820,RBMASTERPLAY,,Venda,Apartamento,26.0,ASA NORTE,BRASILIA,299000.0,11500.0,0.0,1.0,-15.7543,-47.9006,2025-09-14,8
1223733,6034828,874106,,Venda,Apartamento,129.0,ASA NORTE,BRASILIA,2270000.0,17596.0,3.0,2.0,-15.7449,-47.8923,2025-09-14,7
1223765,6034860,1199235,,Venda,Apartamento,118.0,ASA NORTE,BRASILIA,1597000.0,13552.0,0.0,2.0,-15.7431,-47.8879,2025-09-14,4
1223788,6034883,1169314,,Venda,Apartamento,159.0,ASA NORTE,BRASILIA,2410000.0,15157.0,0.0,2.0,-15.7456,-47.8946,2025-09-14,5
1223800,6034895,1184009,,Venda,Apartamento,172.0,ASA NORTE,BRASILIA,1800000.0,10465.0,3.0,1.0,-15.7466,-47.8923,2025-09-14,3
1223828,6034923,AP0993,,Venda,Apartamento,95.0,ASA NORTE,BRASILIA,760000.0,7974.0,0.0,0.0,-15.7533,-47.8826,2025-09-14,6
1223829,6034924,1176616,,Venda,Apartamento,55.0,ASA NORTE,BRASILIA,689000.0,12452.0,2.0,0.0,-15.7821,-47.8755,2025-09-14,0
1223833,6034928,1206376,,Venda,Apartamento,37.0,ASA NORTE,BRASILIA,429000.0,11718.0,0.0,0.0,-15.744,-47.8943,2025-09-14,8
1223901,6034995,1196848,,Venda,Apartamento,260.0,ASA NORTE,BRASILIA,4300000.0,16538.0,4.0,3.0,-15.7456,-47.8866,2025-09-14,2
1223950,6035043,FAP028,,Venda,Apartamento,90.0,ASA NORTE,BRASILIA,774900.0,8610.0,0.0,0.0,-15.7782,-47.8758,2025-09-14,1
1223967,6035060,1043226,,Venda,Apartamento,30.0,ASA NORTE,BRASILIA,330000.0,11000.0,0.0,1.0,-15.7662,-47.8751,2025-09-14,3
1224001,6035094,866671,,Venda,Apartamento,113.0,ASA NORTE,BRASILIA,1399000.0,12380.0,3.0,1.0,-15.7757,-47.8831,2025-09-14,0
1224002,6035095,1226917,,Venda,Apartamento,60.0,ASA NORTE,BRASILIA,795000.0,13170.0,0.0,1.0,-15.7564,-47.8839,2025-09-14,0
1224003,6035096,1188605,,Venda,Apartamento,376.0,ASA NORTE,BRASILIA,3572000.0,9500.0,0.0,4.0,-15.7456,-47.8946,2025-09-14,1
1224036,6035129,CO9708,,Venda,Apartamento,67.0,ASA NORTE,BRASILIA,650000.0,9701.0,2.0,0.0,-15.781,-47.8892,2025-09-14,1
1224052,6035145,SQN404original,,Venda,Apartamento,79.0,ASA NORTE,BRASILIA,740000.0,9396.0,0.0,0.0,-15.7741,-47.8757,2025-09-14,1
1224057,6035150,1249527,,Venda,Apartamento,121.0,ASA NORTE,BRASILIA,1380000.0,11404.0,0.0,1.0,-15.7765,-47.8896,2025-09-14,8
1224077,6035170,501464,,Venda,Apartamento,110.0,ASA NORTE,BRASILIA,1470000.0,13363.0,0.0,2.0,-15.7551,-47.8927,2025-09-14,0
1224106,6035199,AP00096,,Venda,Apartamento,55.0,ASA NORTE,BRASILIA,390000.0,7090.0,3.0,0.0,-15.7612,-47.8927,2025-09-14,6
1224182,6035275,CB039,,Venda,Apartamento,175.0,ASA NORTE,BRASILIA,2620000.0,14971.0,3.0,3.0,-15.7572,-47.8879,2025-09-14,5
1224184,6035277,RB1652,,Venda,Apartamento,127.0,ASA NORTE,BRASILIA,1500000.0,11811.0,4.0,2.0,-15.7751,-47.8909,2025-09-14,8
1224187,6035280,1114817,,Venda,Apartamento,94.0,ASA NORTE,BRASILIA,1350000.0,14361.0,0.0,1.0,-15.7626,-47.88,2025-09-14,4
1224214,6035307,1151448,,Venda,Apartamento,132.0,ASA NORTE,BRASILIA,1850000.0,14015.0,0.0,1.0,-15.776,-47.886,2025-09-14,4
1224218,6035311,1191878,,Venda,Apartamento,40.0,ASA NORTE,BRASILIA,280000.0,7000.0,0.0,0.0,-15.7749,-47.889,2025-09-14,6
1224238,6035331,CO9659,,Venda,Apartamento,60.0,ASA NORTE,BRASILIA,840000.0,14000.0,2.0,1.0,-15.7383,-47.8939,2025-09-14,4
1224251,6035344,1176689,,Venda,Apartamento,105.0,ASA NORTE,BRASILIA,970000.0,9238.0,0.0,0.0,-15.765,-47.877,2025-09-14,1
1224262,6035355,1195594,,Venda,Apartamento,105.0,ASA NORTE,BRASILIA,1500000.0,14285.0,3.0,1.0,-15.7521,-47.8848,2025-09-14,4
1224292,6035385,SQN406-Gabriel,,Venda,Apartamento,79.0,ASA NORTE,BRASILIA,790000.0,10031.0,3.0,0.0,-15.7688,-47.8762,2025-09-14,3
1224313,6035406,602164,,Venda,Apartamento,48.0,ASA NORTE,BRASILIA,500000.0,10416.0,0.0,0.0,-15.7909,-47.8853,2025-09-14,3
1224338,6035431,1055938,,Venda,Apartamento,98.0,ASA NORTE,BRASILIA,1350000.0,13775.0,0.0,1.0,-15.7547,-47.8894,2025-09-14,4
1224356,6035449,1085711,,Venda,Apartamento,132.0,ASA NORTE,BRASILIA,1850000.0,14015.0,0.0,1.0,-15.776,-47.886,2025-09-14,4
1224412,6035505,252815AN,,Venda,Apartamento,95.0,ASA NORTE,BRASILIA,680000.0,7135.0,0.0,0.0,-15.7581,-47.8801,2025-09-14,6
1224414,6035507,1255020,,Venda,Apartamento,260.0,ASA NORTE,BRASILIA,4100000.0,15769.0,0.0,3.0,-15.7456,-47.8866,2025-09-14,2
1224455,6035547,BIARRITZ,,Venda,Apartamento,44.0,ASA NORTE,BRASILIA,649000.0,14750.0,0.0,1.0,53.912,38.557,2025-09-14,5
1224456,6035548,CO9360,,Venda,Apartamento,104.0,ASA NORTE,BRASILIA,1580000.0,15259.0,3.0,1.0,-15.7488,-47.8936,2025-09-14,5
1224460,6035552,745657,,Venda,Apartamento,122.0,ASA NORTE,BRASILIA,1660000.0,13606.0,0.0,0.0,-15.746,-47.8981,2025-09-14,4
1224506,6035598,1176473,,Venda,Apartamento,112.0,ASA NORTE,BRASILIA,1400000.0,12500.0,0.0,1.0,-15.7535,-47.8857,2025-09-14,0
1224512,6035604,1199614,,Venda,Apartamento,172.0,ASA NORTE,BRASILIA,2420000.0,14069.0,0.0,2.0,-15.758,-47.8906,2025-09-14,4
1224537,6035629,1204167,,Venda,Apartamento,89.0,ASA NORTE,BRASILIA,850000.0,9550.0,0.0,0.0,-15.7682,-47.8772,2025-09-14,1
1224552,6035644,1126390,,Venda,Apartamento,139.0,ASA NORTE,BRASILIA,1550000.0,11151.0,4.0,1.0,-15.7453,-47.8943,2025-09-14,3
1224566,6035658,1236432,,Venda,Apartamento,90.0,ASA NORTE,BRASILIA,1200000.0,13333.0,2.0,0.0,-15.7526,-47.8918,2025-09-14,0
1224577,6035669,1226439,,Venda,Apartamento,71.0,ASA NORTE,BRASILIA,690000.0,9718.0,0.0,0.0,-15.751,-47.8958,2025-09-14,1
1224585,6035677,1121327,,Venda,Apartamento,122.0,ASA NORTE,BRASILIA,1840000.0,15081.0,0.0,1.0,-15.7681,-47.8875,2025-09-14,5
1224593,6035685,AP02952,,Venda,Apartamento,168.0,ASA NORTE,BRASILIA,2440000.0,14523.0,0.0,2.0,-15.7612,-47.8896,2025-09-14,4
1224599,6035691,1172162,,Venda,Apartamento,82.0,ASA NORTE,BRASILIA,1130000.0,13865.0,2.0,0.0,-15.7454,-47.8919,2025-09-14,4
1224619,6035711,RM1861,,Venda,Apartamento,137.0,ASA NORTE,BRASILIA,1630000.0,11897.0,0.0,1.0,-15.7518,-47.8891,2025-09-14,8
1224629,6035721,CO9583,,Venda,Apartamento,45.0,ASA NORTE,BRASILIA,619000.0,13755.0,2.0,0.0,-15.7555,-47.881,2025-09-14,4
1224639,6035731,457111,,Venda,Apartamento,93.0,ASA NORTE,BRASILIA,1690000.0,18174.0,3.0,2.0,-15.7572,-47.8879,2025-09-14,7
1224640,6035732,1104121,,Venda,Apartamento,50.0,ASA NORTE,BRASILIA,620000.0,12400.0,0.0,0.0,-15.7403,-47.9001,2025-09-14,0
1224669,6035762,1073201,,Venda,Apartamento,107.0,ASA NORTE,BRASILIA,1100000.0,10280.0,0.0,0.0,-15.7616,-47.8945,2025-09-14,3
1224671,6035764,1204180,,Venda,Apartamento,50.0,ASA NORTE,BRASILIA,420000.0,8400.0,0.0,0.0,-15.7576,-47.8829,2025-09-14,1
1224691,6035784,PD3396,,Venda,Apartamento,125.0,ASA NORTE,BRASILIA,1600000.0,12800.0,3.0,1.0,-15.7412,-47.8896,2025-09-14,0
1224720,6035814,AR310,,Venda,Apartamento,270.0,ASA NORTE,BRASILIA,3100000.0,11481.0,0.0,3.0,-15.758,-47.8906,2025-09-14,8
1224732,6035826,1195950,,Venda,Apartamento,90.0,ASA NORTE,BRASILIA,1070000.0,11888.0,0.0,1.0,-15.7588,-47.8842,2025-09-14,8
1224759,6035853,1212651,,Venda,Apartamento,29.0,ASA NORTE,BRASILIA,405000.0,13965.0,1.0,1.0,-15.7639,-47.8933,2025-09-14,4
1224786,6035880,1120209,,Venda,Apartamento,70.0,ASA NORTE,BRASILIA,729900.0,10427.0,0.0,0.0,-15.7649,-47.8793,2025-09-14,3
1224796,6035890,AP0897,,Venda,Apartamento,210.0,ASA NORTE,BRASILIA,2750000.0,13095.0,0.0,0.0,-15.7529,-47.8847,2025-09-14,0
1224822,6035915,934917,,Venda,Apartamento,181.0,ASA NORTE,BRASILIA,1950000.0,10773.0,0.0,1.0,-15.7695,-47.8833,2025-09-14,3
1224853,6035945,CO9707,,Venda,Apartamento,78.0,ASA NORTE,BRASILIA,780000.0,10000.0,3.0,0.0,-15.7741,-47.8757,2025-09-14,3
1224901,6035994,721V-DFI,,Venda,Apartamento,124.0,ASA NORTE,BRASILIA,1499000.0,12136.0,0.0,1.0,-15.7558,-47.8926,2025-09-14,8
1224958,6036051,724085,,Venda,Apartamento,134.0,ASA NORTE,BRASILIA,1635000.0,12201.0,0.0,1.0,-15.7824,-47.8783,2025-09-14,8
1224983,6036075,TH33008,,Venda,Apartamento,102.0,ASA NORTE,BRASILIA,1690000.0,16568.0,3.0,2.0,-15.7731,-47.8864,2025-09-14,2
1224998,6036091,CO9310,,Venda,Apartamento,160.0,ASA NORTE,BRASILIA,2090000.0,13062.0,4.0,2.0,-15.7456,-47.8946,2025-09-14,0
1225010,6036103,UB1498,,Venda,Apartamento,132.0,ASA NORTE,BRASILIA,1850000.0,14015.0,0.0,1.0,-15.7763,-47.8872,2025-09-14,4
1225030,6036123,936579,,Venda,Apartamento,112.0,ASA NORTE,BRASILIA,1600000.0,14285.0,0.0,1.0,-15.7757,-47.8831,2025-09-14,4
1225080,6036174,1190017,,Venda,Apartamento,79.0,ASA NORTE,BRASILIA,740000.0,9367.0,0.0,0.0,-15.7682,-47.8772,2025-09-14,1
1225105,6036199,1143048,,Venda,Apartamento,93.0,ASA NORTE,BRASILIA,920000.0,9892.0,0.0,0.0,-15.7545,-47.8808,2025-09-14,1
1225125,6036220,1222921,,Venda,Apartamento,25.0,ASA NORTE,BRASILIA,309900.0,12317.0,1.0,1.0,-15.757,-47.8997,2025-09-14,8
1225129,6036224,VDSB2N,,Venda,Apartamento,40.0,ASA NORTE,BRASILIA,390000.0,9750.0,0.0,1.0,-15.7477,-47.9014,2025-09-14,1
1225183,6036278,SQN315RW,,Venda,Apartamento,124.0,ASA NORTE,BRASILIA,1509000.0,12169.0,0.0,1.0,-15.7425,-47.8956,2025-09-14,8
1225184,6036279,COBDUPLEXBALTAZAR,,Venda,Apartamento,136.0,ASA NORTE,BRASILIA,1300000.0,9525.0,2.0,2.0,-15.7765,-47.8896,2025-09-14,1
1225213,6036307,11116,,Venda,Apartamento,84.0,ASA NORTE,BRASILIA,1180000.0,14047.0,0.0,1.0,-15.7431,-47.8879,2025-09-14,4
1225218,6036312,1000179,,Venda,Apartamento,76.0,ASA NORTE,BRASILIA,799000.0,10513.0,0.0,0.0,-15.7386,-47.8855,2025-09-14,3
1225286,6036379,944436,,Venda,Apartamento,151.0,ASA NORTE,BRASILIA,2100000.0,13907.0,0.0,1.0,-15.7554,-47.8909,2025-09-14,4
1225306,6036399,1026026,,Venda,Apartamento,127.0,ASA NORTE,BRASILIA,1670000.0,13149.0,0.0,1.0,-15.7383,-47.8939,2025-09-14,0
1225325,6036418,1206342,,Venda,Apartamento,99.0,ASA NORTE,BRASILIA,1350000.0,13636.0,0.0,1.0,-15.7549,-47.8916,2025-09-14,4
1225507,6036600,1157345,,Venda,Apartamento,68.0,ASA NORTE,BRASILIA,720000.0,10588.0,0.0,0.0,-15.7733,-47.89,2025-09-14,3
1225571,6036664,TH15781,,Venda,Apartamento,44.0,ASA NORTE,BRASILIA,260000.0,5909.0,1.0,0.0,-15.7764,-47.8889,2025-09-14,6
1225583,6036676,1216508,,Venda,Apartamento,157.0,ASA NORTE,BRASILIA,2249000.0,14324.0,0.0,2.0,-15.7451,-47.8956,2025-09-14,4
1225711,6036804,1137603,,Venda,Apartamento,40.0,ASA NORTE,BRASILIA,270000.0,6750.0,1.0,0.0,-15.7612,-47.8927,2025-09-14,6
1225752,6036845,880241056-2,,Venda,Apartamento,100.0,ASA NORTE,BRASILIA,1230000.0,12300.0,3.0,0.0,-15.7398,-47.8959,2025-09-14,8
1225934,6037030,1055753,,Venda,Apartamento,90.0,ASA NORTE,BRASILIA,1300000.0,14520.0,0.0,2.0,-15.7898,-47.8899,2025-09-14,4
1225951,6037048,850740,,Venda,Apartamento,132.0,ASA NORTE,BRASILIA,1800000.0,13636.0,4.0,1.0,-15.7817,-47.8784,2025-09-14,4
1226013,6037110,1109722,,Venda,Apartamento,49.0,ASA NORTE,BRASILIA,570000.0,11632.0,0.0,0.0,-15.769,-47.892,2025-09-14,8
1226044,6037141,1162436,,Venda,Apartamento,85.0,ASA NORTE,BRASILIA,840000.0,9882.0,4.0,0.0,-15.7545,-47.8808,2025-09-14,1
1226150,6037246,JCL0113,,Venda,Apartamento,300.0,ASA NORTE,BRASILIA,3099000.0,10330.0,0.0,1.0,-15.7533,-47.8841,2025-09-14,3
1226203,6037299,10173,,Venda,Apartamento,49.0,ASA NORTE,BRASILIA,565000.0,11530.0,0.0,0.0,-15.7682,-47.8919,2025-09-14,8
1226237,6037333,TH26698,,Venda,Apartamento,30.0,ASA NORTE,BRASILIA,530000.0,17666.0,1.0,1.0,-15.7448,-47.9013,2025-09-14,7
1226325,6037420,0055V-DFI,,Venda,Apartamento,33.0,ASA NORTE,BRASILIA,280000.0,8436.0,0.0,0.0,-15.7516,-47.8965,2025-09-14,1
1226331,6037426,VILLA152028V01,,Venda,Apartamento,90.0,ASA NORTE,BRASILIA,1125000.0,12500.0,0.0,1.0,-15.7574,-47.89,2025-09-14,0
1226388,6037483,OV218,,Venda,Apartamento,93.0,ASA NORTE,BRASILIA,945000.0,10215.0,3.0,1.0,-15.7371,-47.8912,2025-09-14,3
1226412,6037507,29032025,,Venda,Apartamento,40.0,ASA NORTE,BRASILIA,360000.0,9000.0,0.0,0.0,-15.7577,-47.8957,2025-09-14,1
1226431,6037526,1202681,,Venda,Apartamento,42.0,ASA NORTE,BRASILIA,430000.0,10277.0,0.0,0.0,-15.7403,-47.8935,2025-09-14,3
1226454,6037549,690273,,Venda,Apartamento,324.0,ASA NORTE,BRASILIA,5141000.0,15867.0,4.0,4.0,-15.7405,-47.8887,2025-09-14,2
1226467,6037562,10587,,Venda,Apartamento,32.0,ASA NORTE,BRASILIA,320000.0,10000.0,1.0,0.0,-15.7475,-47.8969,2025-09-14,3
1226514,6037609,1280094,,Venda,Apartamento,26.0,ASA NORTE,BRASILIA,315000.0,12115.0,0.0,1.0,-15.7662,-47.8751,2025-09-14,8
1226542,6037637,1188613,,Venda,Apartamento,85.0,ASA NORTE,BRASILIA,1220000.0,14352.0,0.0,1.0,-15.7613,-47.8829,2025-09-14,4
1226608,6037703,1125935,,Venda,Apartamento,52.0,ASA NORTE,BRASILIA,620000.0,11856.0,0.0,0.0,-15.7671,-47.8916,2025-09-14,8
1226631,6037726,1156347,,Venda,Apartamento,204.0,ASA NORTE,BRASILIA,2400000.0,11764.0,0.0,2.0,-15.7797,-47.8869,2025-09-14,8
1226663,6037759,1109047,,Venda,Apartamento,37.0,ASA NORTE,BRASILIA,345000.0,9339.0,1.0,0.0,-15.758,-47.8951,2025-09-14,1
1226680,6037776,Estr,,Venda,Apartamento,132.0,ASA NORTE,BRASILIA,1800000.0,13636.0,3.0,2.0,-15.776,-47.886,2025-09-14,4
1226711,6037807,AP0118,,Venda,Apartamento,46.0,ASA NORTE,BRASILIA,519000.0,11282.0,0.0,0.0,-15.7518,-47.8973,2025-09-14,8
1226750,6037847,1125629,,Venda,Apartamento,95.0,ASA NORTE,BRASILIA,1260000.0,13211.0,0.0,1.0,-15.7588,-47.8842,2025-09-14,0
1226752,6037849,1155034,,Venda,Apartamento,127.0,ASA NORTE,BRASILIA,1690000.0,13307.0,3.0,1.0,-15.7377,-47.8934,2025-09-14,0
1226753,6037850,1201317,,Venda,Apartamento,160.0,ASA NORTE,BRASILIA,1900000.0,11875.0,0.0,1.0,-15.7817,-47.8784,2025-09-14,8
1226924,6038022,ESTRELACOBERTURA,,Venda,Apartamento,335.0,ASA NORTE,BRASILIA,5164000.0,15414.0,4.0,3.0,-15.7469,-47.8905,2025-09-14,5
1226978,6038076,VILLA151898V01,,Venda,Apartamento,377.0,ASA NORTE,BRASILIA,3600000.0,9549.0,4.0,2.0,-15.747,-47.8883,2025-09-14,1
1227050,6038148,FNC0304,,Venda,Apartamento,270.0,ASA NORTE,BRASILIA,3100000.0,11490.0,4.0,2.0,-15.758,-47.8906,2025-09-14,8
1227164,6038262,BKRRB08,,Venda,Apartamento,123.0,ASA NORTE,BRASILIA,1700000.0,13821.0,0.0,2.0,-15.7551,-47.8927,2025-09-14,4
1227257,6038354,0003AVASN,,Venda,Apartamento,186.0,ASA NORTE,BRASILIA,2400000.0,12903.0,4.0,1.0,-15.776,-47.886,2025-09-14,0
1227319,6038416,dam45875448,,Venda,Apartamento,55.0,ASA NORTE,BRASILIA,499000.0,9072.0,0.0,0.0,-15.7454,-47.8997,2025-09-14,1
1227370,6038468,1148995,,Venda,Apartamento,100.0,ASA NORTE,BRASILIA,1250000.0,12500.0,3.0,1.0,-15.7398,-47.8959,2025-09-14,0
1227387,6038485,PSIL00297,,Venda,Apartamento,95.0,ASA NORTE,BRASILIA,1040000.0,10947.0,0.0,0.0,-15.7519,-47.8821,2025-09-14,3
1227424,6038523,1038537,,Venda,Apartamento,270.0,ASA NORTE,BRASILIA,3250000.0,12037.0,5.0,3.0,-15.758,-47.8906,2025-09-14,8
1227468,6038567,JCL0071,,Venda,Apartamento,110.0,ASA NORTE,BRASILIA,1470000.0,13363.0,0.0,2.0,-15.7551,-47.8927,2025-09-14,0
1227546,6038646,AP2495,,Venda,Apartamento,95.0,ASA NORTE,BRASILIA,1170000.0,12315.0,0.0,1.0,-15.7526,-47.8918,2025-09-14,8
1227575,6038675,04082025,,Venda,Apartamento,68.0,ASA NORTE,BRASILIA,900000.0,13262.0,2.0,1.0,-15.7456,-47.8946,2025-09-14,0
1227692,6038791,1197418,,Venda,Apartamento,52.0,ASA NORTE,BRASILIA,630000.0,12115.0,0.0,0.0,-15.754,-47.8807,2025-09-14,8
1227704,6038804,AP0419,,Venda,Apartamento,127.0,ASA NORTE,BRASILIA,1500000.0,11811.0,0.0,2.0,-15.7762,-47.8893,2025-09-14,8
1227711,6038811,JCBP0064,,Venda,Apartamento,75.0,ASA NORTE,BRASILIA,827000.0,11026.0,0.0,0.0,-15.7502,-47.8839,2025-09-14,3
1227724,6038824,TH27864,,Venda,Apartamento,42.0,ASA NORTE,BRASILIA,380000.0,9147.0,2.0,0.0,-15.7426,-47.8986,2025-09-14,1
1227885,6038986,SQN406refor,,Venda,Apartamento,79.0,ASA NORTE,BRASILIA,850000.0,10793.0,0.0,0.0,-15.7669,-47.8764,2025-09-14,3
1227920,6039021,AP1009,,Venda,Apartamento,123.0,ASA NORTE,BRASILIA,1660000.0,13527.0,0.0,0.0,-15.7452,-47.8988,2025-09-14,4
1228057,6039159,AP0190,,Venda,Apartamento,29.0,ASA NORTE,BRASILIA,404990.0,13965.0,0.0,1.0,-15.7639,-47.8933,2025-09-14,4
1228139,6039241,TH26754,,Venda,Apartamento,56.0,ASA NORTE,BRASILIA,395000.0,7033.0,2.0,0.0,-15.7672,-47.8907,2025-09-14,6
1228214,6039317,28870,,Venda,Apartamento,90.0,ASA NORTE,BRASILIA,789000.0,8766.0,0.0,0.0,-15.7774,-47.8768,2025-09-14,1
1228227,6039330,TH29506,,Venda,Apartamento,51.0,ASA NORTE,BRASILIA,400000.0,7843.0,0.0,0.0,-15.7452,-47.8988,2025-09-14,6
1228259,6039362,30558,,Venda,Apartamento,26.0,ASA NORTE,BRASILIA,255000.0,9807.0,1.0,1.0,-15.736,-47.9053,2025-09-14,1
1228334,6039439,1130887,,Venda,Apartamento,144.0,ASA NORTE,BRASILIA,1895000.0,13159.0,0.0,2.0,-15.7431,-47.8879,2025-09-14,0
1228563,6039668,1088804,,Venda,Apartamento,49.0,ASA NORTE,BRASILIA,580000.0,11836.0,2.0,0.0,-15.7682,-47.8919,2025-09-14,8
1228621,6039726,212ANI,,Venda,Apartamento,130.0,ASA NORTE,BRASILIA,1750000.0,13461.0,0.0,2.0,-15.7492,-47.8876,2025-09-14,4
1228630,6039735,30555,,Venda,Apartamento,67.0,ASA NORTE,BRASILIA,899900.0,13431.0,0.0,0.0,-15.7428,-47.9005,2025-09-14,0
1228641,6039746,1054438,,Venda,Apartamento,110.0,ASA NORTE,BRASILIA,1690000.0,15363.0,0.0,2.0,-15.7603,-47.8868,2025-09-14,5
1228706,6039810,IFAN410,,Venda,Apartamento,45.0,ASA NORTE,BRASILIA,619000.0,13755.0,0.0,0.0,-15.754,-47.8807,2025-09-14,4
1228726,6039829,SM888,,Venda,Apartamento,360.0,ASA NORTE,BRASILIA,2519000.0,6997.0,25.0,0.0,-15.7768,-47.8886,2025-09-14,6
1228770,6039874,VILLA75171A01,,Venda,Apartamento,46.0,ASA NORTE,BRASILIA,345000.0,7500.0,0.0,0.0,-15.7453,-47.898,2025-09-14,6
1228837,6039940,1010007,,Venda,Apartamento,44.0,ASA NORTE,BRASILIA,621000.0,14113.0,2.0,0.0,-15.754,-47.8807,2025-09-14,4
1228862,6039965,876001,,Venda,Apartamento,247.0,ASA NORTE,BRASILIA,2150000.0,8704.0,4.0,2.0,-15.758,-47.8906,2025-09-14,1
1228989,6040091,828,,Venda,Apartamento,40.0,ASA NORTE,BRASILIA,349900.0,8747.0,0.0,0.0,-15.7524,-47.8896,2025-09-14,1
1229059,6040161,611,,Venda,Apartamento,209.0,ASA NORTE,BRASILIA,3099000.0,14827.0,0.0,1.0,-15.7529,-47.8847,2025-09-14,5
1229268,6040371,1016602,,Venda,Apartamento,167.0,ASA NORTE,BRASILIA,2835000.0,16976.0,4.0,2.0,-15.7473,-47.8906,2025-09-14,2
1229357,6040460,115n,,Venda,Apartamento,168.0,ASA NORTE,BRASILIA,2350000.0,13988.0,0.0,1.0,-15.7411,-47.893,2025-09-14,4
1229358,6040461,10956,,Venda,Apartamento,100.0,ASA NORTE,BRASILIA,790000.0,7900.0,0.0,0.0,-15.7782,-47.8758,2025-09-14,6
1229381,6040484,JCJ0035,,Venda,Apartamento,33.0,ASA NORTE,BRASILIA,250000.0,7575.0,0.0,0.0,-15.7391,-47.9013,2025-09-14,6
1229409,6040512,1219820,,Venda,Apartamento,28.0,ASA NORTE,BRASILIA,390000.0,13928.0,0.0,1.0,-15.736,-47.9053,2025-09-14,4
1229463,6040566,TH28367,,Venda,Apartamento,36.0,ASA NORTE,BRASILIA,490000.0,13517.0,2.0,0.0,-15.7456,-47.8972,2025-09-14,4
1229487,6040590,1031956,,Venda,Apartamento,36.0,ASA NORTE,BRASILIA,270000.0,7500.0,2.0,0.0,-15.7634,-47.8919,2025-09-14,6
1229492,6040595,11053,,Venda,Apartamento,100.0,ASA NORTE,BRASILIA,989000.0,9890.0,3.0,0.0,-15.7634,-47.8919,2025-09-14,1
1229580,6040683,SQN402VD,,Venda,Apartamento,50.0,ASA NORTE,BRASILIA,580000.0,11600.0,0.0,0.0,-15.7821,-47.8755,2025-09-14,8
1229590,6040693,VILLA152059V01,,Venda,Apartamento,35.0,ASA NORTE,BRASILIA,375000.0,10714.0,0.0,0.0,-15.7477,-47.9014,2025-09-14,3
1229738,6040841,1108867,,Venda,Apartamento,175.0,ASA NORTE,BRASILIA,2400000.0,13714.0,0.0,2.0,-15.7405,-47.8887,2025-09-14,4
1229751,6040855,VILLA123798V01,,Venda,Apartamento,77.0,ASA NORTE,BRASILIA,1150000.0,14935.0,0.0,1.0,-15.7665,-47.8849,2025-09-14,5
1229785,6040889,CEI0001CB,,Venda,Apartamento,200.0,ASA NORTE,BRASILIA,2180000.0,10900.0,2.0,2.0,-15.7529,-47.8847,2025-09-14,3
1229848,6040953,AP2338,,Venda,Apartamento,29.0,ASA NORTE,BRASILIA,370000.0,12758.0,0.0,0.0,-15.7886,-47.8893,2025-09-14,0
1229860,6040965,767574,,Venda,Apartamento,90.0,ASA NORTE,BRASILIA,620000.0,6888.0,0.0,0.0,-15.7749,-47.889,2025-09-14,6
1229996,6041100,1188579,,Venda,Apartamento,34.0,ASA NORTE,BRASILIA,400000.0,11661.0,1.0,1.0,-15.7477,-47.9014,2025-09-14,8
1230173,6041278,14359,,Venda,Apartamento,122.0,ASA NORTE,BRASILIA,1890000.0,15491.0,0.0,2.0,-15.7588,-47.8842,2025-09-14,5
1230336,6041442,1164107,,Venda,Apartamento,45.0,ASA NORTE,BRASILIA,619000.0,13755.0,0.0,0.0,-15.755,-47.8806,2025-09-14,4
1230353,6041459,924549,,Venda,Apartamento,50.0,ASA NORTE,BRASILIA,595000.0,12012.0,2.0,0.0,-15.7706,-47.8916,2025-09-14,8
1230415,6041521,965088,,Venda,Apartamento,245.0,ASA NORTE,BRASILIA,3500000.0,14285.0,4.0,4.0,-15.7572,-47.8879,2025-09-14,4
1230442,6041548,0899V-DFI,,Venda,Apartamento,36.0,ASA NORTE,BRASILIA,360000.0,9933.0,0.0,0.0,-15.745,-47.8993,2025-09-14,1
1230472,6041578,fl001,,Venda,Apartamento,28.0,ASA NORTE,BRASILIA,375000.0,13392.0,0.0,0.0,-15.7909,-47.8853,2025-09-14,0
1230531,6041637,1114405,,Venda,Apartamento,27.0,ASA NORTE,BRASILIA,450000.0,16666.0,0.0,0.0,-15.7909,-47.8853,2025-09-14,2
1230546,6041652,982,,Venda,Apartamento,102.0,ASA NORTE,BRASILIA,1720000.0,16862.0,0.0,2.0,-15.7727,-47.8877,2025-09-14,2
1230561,6041667,1084737,,Venda,Apartamento,105.0,ASA NORTE,BRASILIA,1379000.0,13133.0,0.0,1.0,-15.7384,-47.8962,2025-09-14,0
1230566,6041672,1218226,,Venda,Apartamento,132.0,ASA NORTE,BRASILIA,1850000.0,14015.0,0.0,1.0,-15.7817,-47.8784,2025-09-14,4
1230586,6041692,1111,,Venda,Apartamento,141.0,ASA NORTE,BRASILIA,1400000.0,9929.0,0.0,2.0,-15.7509,-47.8888,2025-09-14,1
1230622,6041727,1222935,,Venda,Apartamento,78.0,ASA NORTE,BRASILIA,830000.0,10641.0,3.0,0.0,-15.7743,-47.8773,2025-09-14,3
1230629,6041734,880111085-8,,Venda,Apartamento,144.0,ASA NORTE,BRASILIA,1660000.0,11551.0,0.0,1.0,-15.7709,-47.879,2025-09-14,8
1230666,6041771,880111037-92,,Venda,Apartamento,91.0,ASA NORTE,BRASILIA,957000.0,10519.0,0.0,0.0,-15.762,-47.8931,2025-09-14,3
1230670,6041775,1187032,,Venda,Apartamento,167.0,ASA NORTE,BRASILIA,2099000.0,12568.0,0.0,1.0,-15.7417,-47.8928,2025-09-14,0
1230676,6041781,28946,,Venda,Apartamento,121.0,ASA NORTE,BRASILIA,1395000.0,11528.0,0.0,1.0,-15.7762,-47.8893,2025-09-14,8
1230687,6041792,11154,,Venda,Apartamento,95.0,ASA NORTE,BRASILIA,699000.0,7357.0,0.0,0.0,-15.7533,-47.8826,2025-09-14,6
1230692,6041797,1213351,,Venda,Apartamento,125.0,ASA NORTE,BRASILIA,1520000.0,12130.0,3.0,0.0,-15.7757,-47.8831,2025-09-14,8
1230693,6041798,1216596,,Venda,Apartamento,135.0,ASA NORTE,BRASILIA,1790000.0,13259.0,0.0,1.0,-15.7541,-47.8889,2025-09-14,0
1230694,6041799,1217743,,Venda,Apartamento,21.0,ASA NORTE,BRASILIA,215000.0,10452.0,0.0,0.0,-15.7603,-47.8806,2025-09-14,3
1230718,6041824,10265,,Venda,Apartamento,79.0,ASA NORTE,BRASILIA,799000.0,10113.0,0.0,0.0,-15.7712,-47.8766,2025-09-14,3
1230735,6041841,VILLA150662V01,,Venda,Apartamento,80.0,ASA NORTE,BRASILIA,920000.0,11500.0,0.0,1.0,-15.7495,-47.8858,2025-09-14,8
1230737,6041843,6320,,Venda,Apartamento,100.0,ASA NORTE,BRASILIA,1599000.0,15990.0,0.0,0.0,-15.7794,-47.8787,2025-09-14,2
1230745,6041851,26-1,,Venda,Apartamento,60.0,ASA NORTE,BRASILIA,880000.0,14666.0,0.0,1.0,-15.7405,-47.8887,2025-09-14,5
1230793,6041900,VILLA151840V01,,Venda,Apartamento,86.0,ASA NORTE,BRASILIA,1400000.0,16279.0,0.0,1.0,-15.7401,-47.897,2025-09-14,2
1230794,6041901,RM1875,,Venda,Apartamento,112.0,ASA NORTE,BRASILIA,1260000.0,11223.0,3.0,0.0,-15.7723,-47.8869,2025-09-14,8
1230849,6041956,708405,,Venda,Apartamento,51.0,ASA NORTE,BRASILIA,725000.0,14215.0,0.0,0.0,-15.7656,-47.8783,2025-09-14,4
1230918,6042025,945,,Venda,Apartamento,42.0,ASA NORTE,BRASILIA,340000.0,8095.0,0.0,0.0,-15.758,-47.8951,2025-09-14,6
1230947,6042055,FEC0318,,Venda,Apartamento,120.0,ASA NORTE,BRASILIA,1570000.0,13083.0,0.0,1.0,-15.7436,-47.8965,2025-09-14,0
1230965,6042073,1140889,,Venda,Apartamento,65.0,ASA NORTE,BRASILIA,850000.0,12987.0,1.0,0.0,-15.7898,-47.8899,2025-09-14,0
1230974,6042082,936573,,Venda,Apartamento,112.0,ASA NORTE,BRASILIA,1600000.0,14285.0,0.0,1.0,-15.7757,-47.8831,2025-09-14,4
1230993,6042101,1173351,,Venda,Apartamento,245.0,ASA NORTE,BRASILIA,3500000.0,14285.0,0.0,4.0,-15.7572,-47.8879,2025-09-14,4
1231080,6042188,1045537,,Venda,Apartamento,127.0,ASA NORTE,BRASILIA,1489000.0,11724.0,0.0,2.0,-15.7762,-47.8893,2025-09-14,8
1231134,6042242,1195624,,Venda,Apartamento,48.0,ASA NORTE,BRASILIA,540000.0,11250.0,0.0,0.0,-15.7909,-47.8853,2025-09-14,8
1231231,6042339,1274283,,Venda,Apartamento,84.0,ASA NORTE,BRASILIA,1250000.0,14880.0,0.0,1.0,-15.7629,-47.8811,2025-09-14,5
1231257,6042365,30536,,Venda,Apartamento,94.0,ASA NORTE,BRASILIA,1350000.0,14361.0,0.0,1.0,-15.7793,-47.8867,2025-09-14,4
1231334,6042442,10586,,Venda,Apartamento,67.0,ASA NORTE,BRASILIA,950000.0,14179.0,0.0,0.0,-15.7442,-47.899,2025-09-14,4
1231340,6042448,842217,,Venda,Apartamento,109.0,ASA NORTE,BRASILIA,1250000.0,11467.0,0.0,1.0,-15.772,-47.886,2025-09-14,8
1231362,6042471,1169925,,Venda,Apartamento,175.0,ASA NORTE,BRASILIA,2850000.0,16284.0,0.0,3.0,-15.7812,-47.8892,2025-09-14,2
1231377,6042486,1042865,,Venda,Apartamento,68.0,ASA NORTE,BRASILIA,750000.0,11029.0,0.0,0.0,-15.7514,-47.8828,2025-09-14,3
1231394,6042503,AP0353,,Venda,Apartamento,40.0,ASA NORTE,BRASILIA,260000.0,6500.0,1.0,0.0,-15.7634,-47.8919,2025-09-14,6
1231420,6042529,SQN416RW,,Venda,Apartamento,61.0,ASA NORTE,BRASILIA,790000.0,12862.0,0.0,0.0,-15.7367,-47.887,2025-09-14,0
1231531,6042640,1223992,,Venda,Apartamento,27.0,ASA NORTE,BRASILIA,279000.0,10333.0,0.0,1.0,-15.7543,-47.9006,2025-09-14,3
1231532,6042641,1153064,,Venda,Apartamento,206.0,ASA NORTE,BRASILIA,2990000.0,14514.0,0.0,2.0,-15.7559,-47.8923,2025-09-14,4
1231580,6042688,1034028,,Venda,Apartamento,299.0,ASA NORTE,BRASILIA,3199000.0,10699.0,0.0,3.0,-15.7529,-47.8847,2025-09-14,3
1231614,6042722,1203577,,Venda,Apartamento,125.0,ASA NORTE,BRASILIA,1650000.0,13200.0,0.0,0.0,-15.7732,-47.8826,2025-09-14,0
1231657,6042764,AP0124,,Venda,Apartamento,90.0,ASA NORTE,BRASILIA,850000.0,9444.0,3.0,0.0,-15.7386,-47.8855,2025-09-14,1
1231663,6042770,1157269,,Venda,Apartamento,108.0,ASA NORTE,BRASILIA,1100000.0,10198.0,3.0,0.0,-15.7469,-47.8979,2025-09-14,3
1231685,6042792,1151453,,Venda,Apartamento,45.0,ASA NORTE,BRASILIA,629000.0,13977.0,2.0,0.0,-15.7555,-47.881,2025-09-14,4
1231686,6042793,1108247,,Venda,Apartamento,49.0,ASA NORTE,BRASILIA,470000.0,9672.0,0.0,0.0,-15.7392,-47.9025,2025-09-14,1
1231926,6043034,1055214,,Venda,Apartamento,90.0,ASA NORTE,BRASILIA,980000.0,10888.0,0.0,1.0,-15.7588,-47.8842,2025-09-14,3
1231929,6043037,VDI5,,Venda,Apartamento,125.0,ASA NORTE,BRASILIA,1600000.0,12800.0,4.0,1.0,-15.758,-47.8906,2025-09-14,0
1231948,6043057,RVM2V,,Venda,Apartamento,45.0,ASA NORTE,BRASILIA,645000.0,14333.0,0.0,0.0,-15.7555,-47.881,2025-09-14,4
1232050,6043161,AP0320,,Venda,Apartamento,107.0,ASA NORTE,BRASILIA,1500000.0,14018.0,0.0,1.0,-15.7513,-47.8855,2025-09-14,4
1232060,6043171,CO0013,,Venda,Apartamento,260.0,ASA NORTE,BRASILIA,4300000.0,16538.0,0.0,3.0,-15.7464,-47.886,2025-09-14,2
1232180,6043291,1167237,,Venda,Apartamento,45.0,ASA NORTE,BRASILIA,600000.0,13333.0,0.0,0.0,-15.754,-47.8807,2025-09-14,0
1232199,6043310,935649,,Venda,Apartamento,108.0,ASA NORTE,BRASILIA,1080000.0,10000.0,0.0,0.0,-15.746,-47.8981,2025-09-14,3
1232245,6043355,1173068,,Venda,Apartamento,80.0,ASA NORTE,BRASILIA,450000.0,5625.0,3.0,0.0,-15.7768,-47.8886,2025-09-14,6
1232247,6043357,03707V,,Venda,Apartamento,247.0,ASA NORTE,BRASILIA,3100000.0,12559.0,0.0,2.0,-15.7668,-47.8857,2025-09-14,0
1232282,6043392,1017791,,Venda,Apartamento,50.0,ASA NORTE,BRASILIA,550000.0,11000.0,2.0,0.0,-15.7671,-47.8916,2025-09-14,3
1232309,6043419,1184004,,Venda,Apartamento,263.0,ASA NORTE,BRASILIA,3990000.0,15169.0,4.0,2.0,-15.763,-47.883,2025-09-14,5
1232333,6043443,AP2215,,Venda,Apartamento,208.0,ASA NORTE,BRASILIA,3199000.0,15379.0,0.0,1.0,-15.7521,-47.8847,2025-09-14,5
1232485,6043596,JULIA401,,Venda,Apartamento,94.0,ASA NORTE,BRASILIA,1050000.0,11170.0,0.0,0.0,-15.7525,-47.881,2025-09-14,3
1232486,6043597,01630V-DFI,,Venda,Apartamento,143.0,ASA NORTE,BRASILIA,1750000.0,12237.0,3.0,1.0,-15.7509,-47.8888,2025-09-14,8
1232502,6043613,1107723,,Venda,Apartamento,85.0,ASA NORTE,BRASILIA,860000.0,10117.0,0.0,0.0,-15.7555,-47.881,2025-09-14,3
1232572,6043683,AP0276,,Venda,Apartamento,76.0,ASA NORTE,BRASILIA,1200000.0,15789.0,2.0,1.0,-15.7605,-47.8896,2025-09-14,2
1232574,6043685,1201781,,Venda,Apartamento,95.0,ASA NORTE,BRASILIA,1598000.0,16821.0,0.0,1.0,-15.7794,-47.8787,2025-09-14,2
1232584,6044632,1187648,,Venda,Apartamento,45.0,ASA NORTE,BRASILIA,619000.0,13755.0,0.0,0.0,-15.7362,-47.8961,2025-09-14,4
1232612,6043722,2345,,Venda,Apartamento,136.0,ASA NORTE,BRASILIA,1420000.0,10441.0,0.0,1.0,-15.7608,-47.8885,2025-09-14,3
1232655,6043765,AP2562,,Venda,Apartamento,94.0,ASA NORTE,BRASILIA,1350000.0,14361.0,3.0,1.0,-15.7559,-47.8923,2025-09-14,4
1232664,6043774,1167432,,Venda,Apartamento,48.0,ASA NORTE,BRASILIA,325000.0,6770.0,1.0,0.0,-15.7452,-47.8988,2025-09-14,6
1232674,6043784,1214285,,Venda,Apartamento,135.0,ASA NORTE,BRASILIA,1860000.0,13777.0,0.0,1.0,-15.7541,-47.8889,2025-09-14,4
1232697,6043807,777330,,Venda,Apartamento,24.0,ASA NORTE,BRASILIA,365000.0,15101.0,1.0,0.0,-15.7898,-47.8899,2025-09-14,5
1232713,6043823,VDGPP,,Venda,Apartamento,100.0,ASA NORTE,BRASILIA,1599000.0,15990.0,0.0,1.0,-15.7794,-47.8787,2025-09-14,2
1232723,6043833,1212869,,Venda,Apartamento,140.0,ASA NORTE,BRASILIA,1550000.0,11088.0,0.0,1.0,-15.7453,-47.8943,2025-09-14,3
1232791,6043901,CO0009,,Venda,Apartamento,169.0,ASA NORTE,BRASILIA,2100000.0,12426.0,0.0,2.0,-15.7495,-47.8852,2025-09-14,0
1232798,6043908,1227951,,Venda,Apartamento,132.0,ASA NORTE,BRASILIA,1800000.0,13636.0,0.0,1.0,-15.757,-47.8845,2025-09-14,4
1232805,6043915,680394,,Venda,Apartamento,119.0,ASA NORTE,BRASILIA,1200000.0,10084.0,0.0,1.0,-15.7495,-47.893,2025-09-14,3
1232850,6043960,790649,,Venda,Apartamento,129.0,ASA NORTE,BRASILIA,2050000.0,15908.0,0.0,2.0,-15.7613,-47.8829,2025-09-14,2
1232983,6044093,AP01398,,Venda,Apartamento,79.0,ASA NORTE,BRASILIA,770000.0,9777.0,0.0,0.0,-15.7723,-47.8767,2025-09-14,1
1233035,6044145,1151221,,Venda,Apartamento,37.0,ASA NORTE,BRASILIA,320900.0,8672.0,1.0,0.0,-15.7768,-47.8886,2025-09-14,1
1233047,6044157,1116054,,Venda,Apartamento,84.0,ASA NORTE,BRASILIA,1150000.0,13690.0,0.0,1.0,-15.758,-47.8906,2025-09-14,4
1233283,6044392,1124346,,Venda,Apartamento,135.0,ASA NORTE,BRASILIA,1430000.0,10592.0,3.0,0.0,-15.7655,-47.892,2025-09-14,3
1233389,6044497,VK4160V,,Venda,Apartamento,518.0,ASA NORTE,BRASILIA,6500000.0,12548.0,0.0,4.0,-15.7588,-47.8842,2025-09-14,0
1233410,6044517,FMX911,,Venda,Apartamento,205.0,ASA NORTE,BRASILIA,3170000.0,15463.0,3.0,2.0,-15.7529,-47.8847,2025-09-14,5
1233421,6044528,1195174,,Venda,Apartamento,44.0,ASA NORTE,BRASILIA,365000.0,8295.0,0.0,0.0,-15.7751,-47.8897,2025-09-14,6
1233445,6044551,AP01508,,Venda,Apartamento,78.0,ASA NORTE,BRASILIA,740000.0,9487.0,0.0,0.0,-15.7519,-47.8821,2025-09-14,1
1233742,6044851,1202662,,Venda,Apartamento,120.0,ASA NORTE,BRASILIA,1530000.0,12750.0,3.0,1.0,-15.7425,-47.8956,2025-09-14,0
1233884,6044993,1191864,,Venda,Apartamento,168.0,ASA NORTE,BRASILIA,2195000.0,13091.0,4.0,1.0,-15.7417,-47.8928,2025-09-14,0
1233970,6045079,1197379,,Venda,Apartamento,80.0,ASA NORTE,BRASILIA,830000.0,10375.0,0.0,0.0,-15.7682,-47.8772,2025-09-14,3
1233990,6045099,1027569,,Venda,Apartamento,182.0,ASA NORTE,BRASILIA,1950000.0,10714.0,0.0,1.0,-15.769,-47.8834,2025-09-14,3
1234012,6045121,252808AN,,Venda,Apartamento,99.0,ASA NORTE,BRASILIA,1099000.0,11113.0,0.0,2.0,-15.7886,-47.8893,2025-09-14,3
1234053,6045162,1043791,,Venda,Apartamento,248.0,ASA NORTE,BRASILIA,3500000.0,14112.0,0.0,4.0,-15.7572,-47.8879,2025-09-14,4
1234149,6045258,701036,,Venda,Apartamento,128.0,ASA NORTE,BRASILIA,2050000.0,16015.0,0.0,2.0,-15.7613,-47.8829,2025-09-14,2
1234405,6045512,TH33089,,Venda,Apartamento,75.0,ASA NORTE,BRASILIA,720000.0,9582.0,2.0,1.0,-15.7416,-47.9004,2025-09-14,1
1234411,6045517,AP01578,,Venda,Apartamento,90.0,ASA NORTE,BRASILIA,1350000.0,14920.0,3.0,0.0,-15.7413,-47.8839,2025-09-14,5
1234434,6045540,1207742,,Venda,Apartamento,130.0,ASA NORTE,BRASILIA,1800000.0,13846.0,3.0,1.0,-15.7456,-47.8946,2025-09-14,4
1234631,6045737,P2880,,Venda,Apartamento,280.0,ASA NORTE,BRASILIA,3199000.0,11425.0,0.0,1.0,-15.7533,-47.8841,2025-09-14,8
1234644,6045750,1184001,,Venda,Apartamento,78.0,ASA NORTE,BRASILIA,840000.0,10769.0,0.0,0.0,-15.7781,-47.8752,2025-09-14,3
1234680,6045787,1186370,,Venda,Apartamento,25.0,ASA NORTE,BRASILIA,380000.0,15200.0,1.0,1.0,-15.7327,-47.8973,2025-09-14,5
1234776,6045884,1043775,,Venda,Apartamento,123.0,ASA NORTE,BRASILIA,1660000.0,13527.0,0.0,0.0,-15.746,-47.8981,2025-09-14,4
1234930,6046038,CC716N,,Venda,Apartamento,47.0,ASA NORTE,BRASILIA,650000.0,13698.0,0.0,0.0,-15.7417,-47.8997,2025-09-14,4
1234995,6046103,1201100,,Venda,Apartamento,34.0,ASA NORTE,BRASILIA,320000.0,9411.0,0.0,0.0,-15.7438,-47.8976,2025-09-14,1
1235071,6046179,DDA137,,Venda,Apartamento,27.0,ASA NORTE,BRASILIA,290000.0,10740.0,0.0,1.0,-15.7543,-47.9006,2025-09-14,3
1235106,6046214,UB864,,Venda,Apartamento,70.0,ASA NORTE,BRASILIA,450000.0,6428.0,0.0,0.0,-15.7543,-47.8947,2025-09-14,6
1235222,6046330,1196340,,Venda,Apartamento,63.0,ASA NORTE,BRASILIA,850000.0,13423.0,2.0,1.0,-15.7392,-47.8967,2025-09-14,0
1235230,6046338,DMS00169,,Venda,Apartamento,27.0,ASA NORTE,BRASILIA,379000.0,14037.0,0.0,1.0,0.0,0.0,2025-09-14,4
1235245,6046353,FMX0102,,Venda,Apartamento,95.0,ASA NORTE,BRASILIA,820000.0,8631.0,0.0,0.0,-15.7519,-47.8821,2025-09-14,1
1235288,6046397,1164610,,Venda,Apartamento,92.0,ASA NORTE,BRASILIA,930000.0,10108.0,0.0,1.0,-15.737,-47.891,2025-09-14,3
1235398,6046507,AP0420,,Venda,Apartamento,68.0,ASA NORTE,BRASILIA,770000.0,11323.0,0.0,0.0,-15.7514,-47.8828,2025-09-14,8
1235408,6046517,CEI0002KT,,Venda,Apartamento,33.0,ASA NORTE,BRASILIA,380000.0,11515.0,0.0,0.0,-15.7389,-47.9007,2025-09-14,8
1235424,6046533,11196,,Venda,Apartamento,103.0,ASA NORTE,BRASILIA,1720000.0,16699.0,0.0,2.0,-15.7731,-47.8864,2025-09-14,2
1235467,6046578,AP0354,,Venda,Apartamento,110.0,ASA NORTE,BRASILIA,1470000.0,13363.0,0.0,2.0,-15.7551,-47.8927,2025-09-14,0
1235675,6046785,1036984,,Venda,Apartamento,74.0,ASA NORTE,BRASILIA,1350000.0,18290.0,2.0,2.0,-15.7529,-47.8847,2025-09-14,7
1235705,6046815,008619V-DFI,,Venda,Apartamento,40.0,ASA NORTE,BRASILIA,620000.0,15327.0,1.0,0.0,-15.7401,-47.8976,2025-09-14,5
1235732,6046842,1199975,,Venda,Apartamento,78.0,ASA NORTE,BRASILIA,905000.0,11602.0,0.0,0.0,-15.7741,-47.8757,2025-09-14,8
1235896,6047006,1189728,,Venda,Apartamento,85.0,ASA NORTE,BRASILIA,1249000.0,14694.0,0.0,1.0,-15.7613,-47.8829,2025-09-14,5
1235965,6047075,JOB017,,Venda,Apartamento,30.0,ASA NORTE,BRASILIA,460000.0,15333.0,1.0,1.0,-15.7662,-47.8751,2025-09-14,5
1236015,6047125,1128814,,Venda,Apartamento,80.0,ASA NORTE,BRASILIA,699000.0,8737.0,0.0,0.0,-15.7748,-47.8893,2025-09-14,1
1236053,6047162,1202734,,Venda,Apartamento,376.0,ASA NORTE,BRASILIA,3400000.0,9042.0,5.0,4.0,-15.7451,-47.8956,2025-09-14,1
1236266,6047374,VEN669,,Venda,Apartamento,112.0,ASA NORTE,BRASILIA,1250000.0,11188.0,0.0,1.0,-15.7762,-47.8831,2025-09-14,3
1236302,6047410,1188398,,Venda,Apartamento,35.0,ASA NORTE,BRASILIA,270000.0,7794.0,2.0,0.0,-15.752,-47.8951,2025-09-14,6
1236392,6047500,1099098,,Venda,Apartamento,158.0,ASA NORTE,BRASILIA,2050000.0,12974.0,0.0,2.0,-15.7495,-47.8858,2025-09-14,0
1236434,6047543,P3132,,Venda,Apartamento,25.0,ASA NORTE,BRASILIA,355000.0,14200.0,0.0,1.0,-15.7543,-47.9006,2025-09-14,4
1236511,6047619,1131242,,Venda,Apartamento,79.0,ASA NORTE,BRASILIA,1090000.0,13797.0,0.0,1.0,-15.7787,-47.8865,2025-09-14,4
1236536,6047643,1016714,,Venda,Apartamento,208.0,ASA NORTE,BRASILIA,3199000.0,15379.0,0.0,1.0,-15.7529,-47.8847,2025-09-14,5
1236645,6047752,AP0139,,Venda,Apartamento,95.0,ASA NORTE,BRASILIA,1450000.0,15263.0,0.0,1.0,-15.7557,-47.8833,2025-09-14,5
1236771,6047877,308RW,,Venda,Apartamento,124.0,ASA NORTE,BRASILIA,1450000.0,11693.0,0.0,1.0,-15.765,-47.8885,2025-09-14,8
1236791,6047897,TH33454,,Venda,Apartamento,154.0,ASA NORTE,BRASILIA,1899000.0,12331.0,4.0,1.0,-15.7817,-47.8784,2025-09-14,8
1236802,6047908,1156389,,Venda,Apartamento,90.0,ASA NORTE,BRASILIA,910000.0,10111.0,0.0,0.0,-15.7545,-47.8808,2025-09-14,3
1236846,6047952,1092174,,Venda,Apartamento,113.0,ASA NORTE,BRASILIA,1430000.0,12654.0,0.0,1.0,-15.7665,-47.8849,2025-09-14,0
1236898,6048004,1157992,,Venda,Apartamento,100.0,ASA NORTE,BRASILIA,1910000.0,19100.0,3.0,1.0,-15.7603,-47.8868,2025-09-14,7
1236946,6048052,1015596,,Venda,Apartamento,40.0,ASA NORTE,BRASILIA,320000.0,8000.0,0.0,0.0,-15.7514,-47.8973,2025-09-14,6
1236977,6048082,ALE253654,,Venda,Apartamento,55.0,ASA NORTE,BRASILIA,498000.0,9054.0,0.0,0.0,-15.7454,-47.8997,2025-09-14,1
1237035,6048139,P3017,,Venda,Apartamento,86.0,ASA NORTE,BRASILIA,1080000.0,12534.0,0.0,0.0,-15.7401,-47.897,2025-09-14,0
1237116,6048220,1225662,,Venda,Apartamento,57.0,ASA NORTE,BRASILIA,560000.0,9824.0,0.0,1.0,-15.7512,-47.892,2025-09-14,1
1237131,6048235,1203044,,Venda,Apartamento,168.0,ASA NORTE,BRASILIA,2390000.0,14226.0,0.0,1.0,-15.7417,-47.8928,2025-09-14,4
1237276,6048381,1177881,,Venda,Apartamento,123.0,ASA NORTE,BRASILIA,1760000.0,14308.0,0.0,0.0,-15.7469,-47.8979,2025-09-14,4
1237442,6048544,1212630,,Venda,Apartamento,84.0,ASA NORTE,BRASILIA,1180000.0,14087.0,0.0,1.0,-15.7427,-47.888,2025-09-14,4
1237449,6048551,AP0275,,Venda,Apartamento,93.0,ASA NORTE,BRASILIA,1299000.0,13967.0,3.0,1.0,-15.7786,-47.8795,2025-09-14,4
1237500,6048602,VILLA119885V01,,Venda,Apartamento,173.0,ASA NORTE,BRASILIA,2300000.0,13294.0,0.0,2.0,-15.7392,-47.8947,2025-09-14,0
1237613,6048715,VILLA152054V01,,Venda,Apartamento,98.0,ASA NORTE,BRASILIA,1750000.0,17857.0,0.0,2.0,-15.7427,-47.8871,2025-09-14,7
1237670,6048772,1167402,,Venda,Apartamento,80.0,ASA NORTE,BRASILIA,775000.0,9687.0,0.0,0.0,-15.7782,-47.8758,2025-09-14,1
1237726,6048828,DFSQN213,,Venda,Apartamento,260.0,ASA NORTE,BRASILIA,4300000.0,16538.0,0.0,3.0,-15.7464,-47.886,2025-09-14,2
1237863,6048965,1070215,,Venda,Apartamento,100.0,ASA NORTE,BRASILIA,725000.0,7250.0,3.0,0.0,-15.7595,-47.8806,2025-09-14,6
1237879,6048981,1144370,,Venda,Apartamento,89.0,ASA NORTE,BRASILIA,1080000.0,12134.0,3.0,0.0,-15.7401,-47.897,2025-09-14,8
1237943,6049046,AP0125,,Venda,Apartamento,67.0,ASA NORTE,BRASILIA,629000.0,9388.0,0.0,0.0,-15.7733,-47.89,2025-09-14,1
1238041,6049146,1202703,,Venda,Apartamento,260.0,ASA NORTE,BRASILIA,4300000.0,16538.0,4.0,3.0,-15.7456,-47.8866,2025-09-14,2
1238042,6049147,AP01443,,Venda,Apartamento,200.0,ASA NORTE,BRASILIA,2590000.0,12950.0,4.0,2.0,-15.758,-47.8906,2025-09-14,0
1238149,6049254,DDA1021,,Venda,Apartamento,35.0,ASA NORTE,BRASILIA,350000.0,10000.0,2.0,0.0,-15.7768,-47.8886,2025-09-14,3
1238187,6049292,CCAR13,,Venda,Apartamento,137.0,ASA NORTE,BRASILIA,1796000.0,13109.0,0.0,1.0,-15.751,-47.8899,2025-09-14,0
1238405,6049511,VK4933,,Venda,Apartamento,674.0,ASA NORTE,BRASILIA,10000000.0,14836.0,0.0,4.0,-15.7603,-47.8868,2025-09-14,5
1238427,6049533,PSIL0292,,Venda,Apartamento,175.0,ASA NORTE,BRASILIA,2620000.0,14971.0,0.0,3.0,-15.7812,-47.8892,2025-09-14,5
1238469,6049576,1185415,,Venda,Apartamento,50.0,ASA NORTE,BRASILIA,615000.0,12300.0,0.0,0.0,-15.7555,-47.881,2025-09-14,8
1238569,6049676,1108784,,Venda,Apartamento,70.0,ASA NORTE,BRASILIA,750000.0,10714.0,4.0,0.0,-15.7504,-47.8812,2025-09-14,3
1238628,6049735,BKRJM006,,Venda,Apartamento,300.0,ASA NORTE,BRASILIA,3099000.0,10330.0,0.0,1.0,-15.7529,-47.8847,2025-09-14,3
1238642,6049749,1212632,,Venda,Apartamento,208.0,ASA NORTE,BRASILIA,2150000.0,10336.0,0.0,1.0,-15.7586,-47.8894,2025-09-14,3
1238690,6049797,AP2540,,Venda,Apartamento,96.0,ASA NORTE,BRASILIA,1460000.0,15208.0,3.0,1.0,-15.755,-47.892,2025-09-14,5
1238751,6049858,AP0014,,Venda,Apartamento,140.0,ASA NORTE,BRASILIA,1550000.0,11071.0,4.0,0.0,-15.7453,-47.8943,2025-09-14,3
1238800,6049907,AP1608,,Venda,Apartamento,90.0,ASA NORTE,BRASILIA,1400000.0,15555.0,3.0,1.0,-15.7383,-47.8939,2025-09-14,5
1238960,6050067,1170230,,Venda,Apartamento,34.0,ASA NORTE,BRASILIA,405000.0,11807.0,0.0,1.0,-15.7662,-47.8751,2025-09-14,8
1239037,6050144,1045218,,Venda,Apartamento,124.0,ASA NORTE,BRASILIA,1350000.0,10893.0,0.0,1.0,-15.7637,-47.8898,2025-09-14,3
1239070,6050177,1227505,,Venda,Apartamento,78.0,ASA NORTE,BRASILIA,780000.0,10000.0,3.0,0.0,-15.7741,-47.8757,2025-09-14,3
1239081,6050188,1156753,,Venda,Apartamento,51.0,ASA NORTE,BRASILIA,620000.0,12156.0,0.0,0.0,-15.7407,-47.9009,2025-09-14,8
1239085,6050192,FCR0075,,Venda,Apartamento,87.0,ASA NORTE,BRASILIA,790000.0,9080.0,0.0,0.0,-15.7518,-47.8927,2025-09-14,1
1239183,6050289,SHCGN710,,Venda,Apartamento,108.0,ASA NORTE,BRASILIA,890000.0,8240.0,0.0,0.0,-15.7585,-47.894,2025-09-14,6
1239186,6050292,925314,,Venda,Apartamento,80.0,ASA NORTE,BRASILIA,850000.0,10625.0,0.0,0.0,-15.7512,-47.892,2025-09-14,3
1239248,6050354,1136327,,Venda,Apartamento,25.0,ASA NORTE,BRASILIA,280000.0,11200.0,0.0,1.0,-15.736,-47.9053,2025-09-14,8
1239251,6050357,VILLA148453V01,,Venda,Apartamento,31.0,ASA NORTE,BRASILIA,460000.0,14838.0,0.0,0.0,53.912,38.557,2025-09-14,5
1239436,6050544,AP00357,,Venda,Apartamento,187.0,ASA NORTE,BRASILIA,2350000.0,12591.0,0.0,2.0,-15.776,-47.887,2025-09-14,0
1239458,6050566,1227016,,Venda,Apartamento,42.0,ASA NORTE,BRASILIA,610000.0,14523.0,0.0,0.0,-15.737,-47.891,2025-09-14,4
1239493,6050601,1136471,,Venda,Apartamento,123.0,ASA NORTE,BRASILIA,1660000.0,13527.0,3.0,1.0,-15.746,-47.8981,2025-09-14,4
1239505,6050613,1098662,,Venda,Apartamento,95.0,ASA NORTE,BRASILIA,1350000.0,14258.0,3.0,1.0,-15.7549,-47.8916,2025-09-14,4
1239506,6050614,FROTA054,,Venda,Apartamento,28.0,ASA NORTE,BRASILIA,280000.0,10000.0,0.0,0.0,-15.7716,-47.8939,2025-09-14,3
1239588,6050696,1016723,,Venda,Apartamento,208.0,ASA NORTE,BRASILIA,3199000.0,15379.0,0.0,1.0,-15.7529,-47.8847,2025-09-14,5
1239616,6050723,1115988,,Venda,Apartamento,125.0,ASA NORTE,BRASILIA,1090000.0,8699.0,3.0,0.0,-15.7754,-47.8823,2025-09-14,1
1239636,6050743,PD3167,,Venda,Apartamento,54.0,ASA NORTE,BRASILIA,420000.0,7822.0,2.0,2.0,-15.7751,-47.8909,2025-09-14,6
1239690,6050797,1268484,,Venda,Apartamento,120.0,ASA NORTE,BRASILIA,1530000.0,12750.0,0.0,1.0,-15.7425,-47.8956,2025-09-14,0
1239734,6050841,595978,,Venda,Apartamento,38.0,ASA NORTE,BRASILIA,550000.0,14473.0,1.0,1.0,-15.7463,-47.8939,2025-09-14,4
1239803,6050910,1121522,,Venda,Apartamento,78.0,ASA NORTE,BRASILIA,1025000.0,13141.0,0.0,1.0,-15.7794,-47.8787,2025-09-14,0
1239895,6051002,70737120,,Venda,Apartamento,112.0,ASA NORTE,BRASILIA,1500000.0,13363.0,0.0,1.0,-15.7723,-47.8869,2025-09-14,0
1239928,6051035,CO0001-CARL,,Venda,Apartamento,205.0,ASA NORTE,BRASILIA,3170000.0,15463.0,0.0,2.0,-15.7509,-47.8888,2025-09-14,5
1239987,6051096,AP01488,,Venda,Apartamento,120.0,ASA NORTE,BRASILIA,1420000.0,11833.0,0.0,1.0,-15.7684,-47.8801,2025-09-14,8
1240245,6051355,880221008-93,,Venda,Apartamento,61.0,ASA NORTE,BRASILIA,955000.0,15725.0,2.0,1.0,-15.7391,-47.8936,2025-09-14,5
1240274,6051383,VILLA148184V01,,Venda,Apartamento,519.0,ASA NORTE,BRASILIA,6500000.0,12524.0,4.0,3.0,-15.7612,-47.8896,2025-09-14,0
1240289,6051398,1211468,,Venda,Apartamento,323.0,ASA NORTE,BRASILIA,5340000.0,16532.0,4.0,4.0,-15.7413,-47.8887,2025-09-14,2
1240407,6051515,1196211,,Venda,Apartamento,55.0,ASA NORTE,BRASILIA,630000.0,11454.0,2.0,1.0,-15.7736,-47.8901,2025-09-14,8
1240424,6051532,1227451,,Venda,Apartamento,105.0,ASA NORTE,BRASILIA,1650000.0,15714.0,0.0,2.0,-15.7502,-47.8859,2025-09-14,5
1240456,6051564,1306282,,Venda,Apartamento,70.0,ASA NORTE,BRASILIA,900000.0,12857.0,0.0,1.0,-15.7447,-47.8947,2025-09-14,0
1240584,6051693,327895,,Venda,Apartamento,83.0,ASA NORTE,BRASILIA,1050000.0,12650.0,3.0,1.0,-15.7793,-47.8867,2025-09-14,0
1240592,6051701,AM465,,Venda,Apartamento,135.0,ASA NORTE,BRASILIA,1890000.0,14000.0,3.0,1.0,-15.7534,-47.8891,2025-09-14,4
1240652,6051760,AP0031,,Venda,Apartamento,45.0,ASA NORTE,BRASILIA,580000.0,12888.0,0.0,0.0,-15.7792,-47.8893,2025-09-14,0
1240693,6051801,1224757,,Venda,Apartamento,224.0,ASA NORTE,BRASILIA,3550000.0,15848.0,4.0,2.0,-15.7572,-47.8879,2025-09-14,2
1240797,6051907,QUE104,,Venda,Apartamento,125.0,ASA NORTE,BRASILIA,1170000.0,9337.0,0.0,0.0,-15.7754,-47.8823,2025-09-14,1
1240810,6051920,AP0051,,Venda,Apartamento,132.0,ASA NORTE,BRASILIA,1850000.0,14015.0,3.0,1.0,-15.7763,-47.8872,2025-09-14,4
1240924,6052034,NH412,,Venda,Apartamento,45.0,ASA NORTE,BRASILIA,619000.0,13755.0,2.0,0.0,-15.754,-47.8807,2025-09-14,4
1241001,6052111,732140,,Venda,Apartamento,29.0,ASA NORTE,BRASILIA,309000.0,10655.0,0.0,1.0,-15.736,-47.9053,2025-09-14,3
1241136,6052245,1191168,,Venda,Apartamento,376.0,ASA NORTE,BRASILIA,3572000.0,9500.0,0.0,4.0,-15.7456,-47.8946,2025-09-14,1
1241206,6052315,1157994,,Venda,Apartamento,200.0,ASA NORTE,BRASILIA,3811000.0,19055.0,3.0,3.0,-15.7603,-47.8868,2025-09-14,7
1241238,6052347,1182991,,Venda,Apartamento,90.0,ASA NORTE,BRASILIA,1070000.0,11888.0,0.0,1.0,-15.7588,-47.8842,2025-09-14,8
1241379,6052487,1210645,,Venda,Apartamento,86.0,ASA NORTE,BRASILIA,1250000.0,14534.0,2.0,1.0,-15.7613,-47.8829,2025-09-14,4
1241388,6052496,1124925,,Venda,Apartamento,75.0,ASA NORTE,BRASILIA,1099500.0,14660.0,3.0,1.0,-15.7588,-47.8842,2025-09-14,5
1241491,6052599,969533,,Venda,Apartamento,192.0,ASA NORTE,BRASILIA,2280000.0,11871.0,0.0,2.0,-15.7406,-47.8925,2025-09-14,8
1241585,6052694,1226925,,Venda,Apartamento,123.0,ASA NORTE,BRASILIA,1480000.0,12032.0,0.0,1.0,-15.7624,-47.8855,2025-09-14,8
1241755,6052865,AP00005,,Venda,Apartamento,230.0,ASA NORTE,BRASILIA,2950000.0,12826.0,0.0,0.0,-15.7559,-47.8923,2025-09-14,0
1241781,6052891,1166755,,Venda,Apartamento,97.0,ASA NORTE,BRASILIA,1847000.0,19011.0,3.0,2.0,-15.7609,-47.8862,2025-09-14,7
1241893,6053003,ELEGANCIA,,Venda,Apartamento,116.0,ASA NORTE,BRASILIA,1590000.0,13723.0,0.0,1.0,-15.7572,-47.8879,2025-09-14,4
1241954,6053064,VILLA152057V01,,Venda,Apartamento,137.0,ASA NORTE,BRASILIA,1600000.0,11678.0,0.0,1.0,-15.751,-47.8899,2025-09-14,8
1242036,6053146,2032,,Venda,Apartamento,205.0,ASA NORTE,BRASILIA,3170000.0,15461.0,3.0,2.0,-15.7529,-47.8847,2025-09-14,5
1242074,6053184,1200096,,Venda,Apartamento,74.0,ASA NORTE,BRASILIA,1000000.0,13513.0,0.0,1.0,-15.762,-47.8909,2025-09-14,4
1242368,6053480,1235,,Venda,Apartamento,123.0,ASA NORTE,BRASILIA,1480000.0,12032.0,0.0,1.0,-15.7633,-47.8858,2025-09-14,8
1242455,6053567,FAP036,,Venda,Apartamento,45.0,ASA NORTE,BRASILIA,619000.0,13755.0,2.0,0.0,-15.7555,-47.881,2025-09-14,4
1242459,6053571,TH32533,,Venda,Apartamento,45.0,ASA NORTE,BRASILIA,620000.0,13777.0,0.0,0.0,-15.754,-47.8807,2025-09-14,4
1242840,6053955,10988,,Venda,Apartamento,130.0,ASA NORTE,BRASILIA,1750000.0,13461.0,0.0,2.0,-15.7495,-47.8858,2025-09-14,4
1242841,6053956,11115,,Venda,Apartamento,112.0,ASA NORTE,BRASILIA,1690000.0,15089.0,3.0,1.0,-15.7757,-47.8831,2025-09-14,5
1242855,6053970,RQB0514,,Venda,Apartamento,112.0,ASA NORTE,BRASILIA,1600000.0,14321.0,0.0,1.0,-15.7762,-47.8831,2025-09-14,4
1242868,6053984,AP0434,,Venda,Apartamento,128.0,ASA NORTE,BRASILIA,1990000.0,15546.0,0.0,2.0,-15.7613,-47.8829,2025-09-14,5
1242894,6054010,10548,,Venda,Apartamento,112.0,ASA NORTE,BRASILIA,1780000.0,15892.0,0.0,1.0,-15.7572,-47.8879,2025-09-14,2
1242900,6054016,TH33071,,Venda,Apartamento,42.0,ASA NORTE,BRASILIA,410000.0,9761.0,1.0,0.0,-15.7403,-47.8935,2025-09-14,1
1242928,6054044,10675,,Venda,Apartamento,96.0,ASA NORTE,BRASILIA,1350000.0,14062.0,0.0,1.0,-15.7549,-47.8916,2025-09-14,4
1242932,6054048,03696,,Venda,Apartamento,181.0,ASA NORTE,BRASILIA,1950000.0,10766.0,0.0,1.0,-15.7695,-47.8833,2025-09-14,3
1242956,6054072,2954,,Venda,Apartamento,270.0,ASA NORTE,BRASILIA,3100000.0,11481.0,0.0,3.0,-15.758,-47.8906,2025-09-14,8
1242985,6054101,052,,Venda,Apartamento,33.0,ASA NORTE,BRASILIA,350000.0,10706.0,1.0,0.0,-15.7634,-47.8919,2025-09-14,3
1243111,6054227,1224125,,Venda,Apartamento,52.0,ASA NORTE,BRASILIA,630000.0,12115.0,0.0,0.0,-15.754,-47.8807,2025-09-14,8
1243146,6054262,1204799,,Venda,Apartamento,68.0,ASA NORTE,BRASILIA,900000.0,13235.0,2.0,1.0,-15.7456,-47.8946,2025-09-14,0
1243162,6054278,1106740,,Venda,Apartamento,165.0,ASA NORTE,BRASILIA,1850000.0,11212.0,0.0,1.0,-15.7612,-47.8896,2025-09-14,8
1243188,6054305,1122101,,Venda,Apartamento,108.0,ASA NORTE,BRASILIA,1199000.0,11101.0,0.0,0.0,-15.7523,-47.8961,2025-09-14,3
1243211,6054328,Apto,,Venda,Apartamento,120.0,ASA NORTE,BRASILIA,1595000.0,13291.0,0.0,1.0,-15.7694,-47.8807,2025-09-14,0
1243246,6054366,AP1175,,Venda,Apartamento,120.0,ASA NORTE,BRASILIA,1358000.0,11316.0,3.0,1.0,-15.7425,-47.8956,2025-09-14,8
1243296,6054416,AP0245,,Venda,Apartamento,137.0,ASA NORTE,BRASILIA,1570000.0,11459.0,0.0,1.0,-15.751,-47.8899,2025-09-14,8
1243394,6054514,1153488,,Venda,Apartamento,91.0,ASA NORTE,BRASILIA,1100000.0,12087.0,3.0,0.0,-15.7637,-47.8934,2025-09-14,8
1243402,6054522,1004103,,Venda,Apartamento,122.0,ASA NORTE,BRASILIA,1360000.0,11103.0,0.0,2.0,-15.7637,-47.8898,2025-09-14,3
1243494,6054614,1174081,,Venda,Apartamento,90.0,ASA NORTE,BRASILIA,1170000.0,12939.0,0.0,1.0,-15.7535,-47.8856,2025-09-14,0
1243500,6054651,VILLA152050V01,,Venda,Apartamento,74.0,ASA NORTE,BRASILIA,1070000.0,14459.0,0.0,1.0,-15.7607,-47.8905,2025-09-14,4
1243524,6054643,1089660,,Venda,Apartamento,95.0,ASA NORTE,BRASILIA,1170000.0,12315.0,2.0,1.0,-15.7518,-47.8927,2025-09-14,8
1243615,6054735,1114212,,Venda,Apartamento,191.0,ASA NORTE,BRASILIA,3390000.0,17748.0,0.0,3.0,-15.7736,-47.8861,2025-09-14,7
1243623,6054743,1172598,,Venda,Apartamento,55.0,ASA NORTE,BRASILIA,590000.0,10727.0,2.0,0.0,-15.7682,-47.8919,2025-09-14,3
1243717,6054838,IG0007,,Venda,Apartamento,168.0,ASA NORTE,BRASILIA,2835000.0,16899.0,4.0,2.0,-15.7473,-47.8906,2025-09-14,2
1243718,6054839,03623,,Venda,Apartamento,33.0,ASA NORTE,BRASILIA,215000.0,6554.0,2.0,0.0,-15.758,-47.8951,2025-09-14,6
1243796,6054917,AP0061,,Venda,Apartamento,95.0,ASA NORTE,BRASILIA,960000.0,10105.0,3.0,0.0,-15.7518,-47.8817,2025-09-14,3
1243808,6054929,1120755,,Venda,Apartamento,125.0,ASA NORTE,BRASILIA,1050000.0,8400.0,0.0,0.0,-15.7754,-47.8823,2025-09-14,1
1243956,6055075,1168410,,Venda,Apartamento,52.0,ASA NORTE,BRASILIA,870000.0,16730.0,0.0,1.0,-15.7401,-47.8957,2025-09-14,2
1244092,6055211,DMS00176,,Venda,Apartamento,66.0,ASA NORTE,BRASILIA,969000.0,14681.0,0.0,1.0,-15.779,-47.8899,2025-09-14,5
1244124,6055243,1191678,,Venda,Apartamento,91.0,ASA NORTE,BRASILIA,1349000.0,14824.0,3.0,1.0,-15.7725,-47.8785,2025-09-14,5
1244126,6055245,P2921,,Venda,Apartamento,181.0,ASA NORTE,BRASILIA,1950000.0,10773.0,0.0,1.0,-15.7698,-47.8838,2025-09-14,3
1244258,6055377,PD3273,,Venda,Apartamento,202.0,ASA NORTE,BRASILIA,2180000.0,10792.0,3.0,2.0,-15.7521,-47.8848,2025-09-14,3
1244282,6055401,45571032V-DFI,,Venda,Apartamento,44.0,ASA NORTE,BRASILIA,330000.0,7508.0,0.0,0.0,-15.7714,-47.8848,2025-09-14,6
1244495,6055614,1179047,,Venda,Apartamento,220.0,ASA NORTE,BRASILIA,3050000.0,13863.0,0.0,2.0,-15.7464,-47.886,2025-09-14,4
1244514,6055633,990172,,Venda,Apartamento,108.0,ASA NORTE,BRASILIA,1050000.0,9727.0,3.0,0.0,-15.7617,-47.8932,2025-09-14,1
1244536,6055655,1117698,,Venda,Apartamento,73.0,ASA NORTE,BRASILIA,900000.0,12328.0,0.0,1.0,-15.7377,-47.8901,2025-09-14,8
1244561,6055680,AP2616,,Venda,Apartamento,31.0,ASA NORTE,BRASILIA,375000.0,12096.0,0.0,0.0,-15.7909,-47.8853,2025-09-14,8
1244654,6055773,1132221,,Venda,Apartamento,171.0,ASA NORTE,BRASILIA,1790000.0,10467.0,0.0,1.0,-15.7451,-47.8929,2025-09-14,3
1244711,6055830,P2794,,Venda,Apartamento,105.0,ASA NORTE,BRASILIA,1590000.0,15142.0,0.0,1.0,-15.7529,-47.8847,2025-09-14,5
1244791,6055911,SQN,,Venda,Apartamento,62.0,ASA NORTE,BRASILIA,720000.0,11612.0,0.0,0.0,-15.7674,-47.8784,2025-09-14,8
1244809,6055929,1106090,,Venda,Apartamento,28.0,ASA NORTE,BRASILIA,380000.0,13783.0,1.0,0.0,-15.7806,-47.89,2025-09-14,4
1244948,6056068,1136895,,Venda,Apartamento,75.0,ASA NORTE,BRASILIA,590000.0,7898.0,0.0,0.0,-15.7633,-47.8923,2025-09-14,6
1245109,6056229,1011693,,Venda,Apartamento,50.0,ASA NORTE,BRASILIA,400000.0,8000.0,2.0,0.0,-15.7461,-47.8975,2025-09-14,6
1245193,6056313,1218843,,Venda,Apartamento,47.0,ASA NORTE,BRASILIA,520000.0,11063.0,0.0,0.0,-15.7555,-47.881,2025-09-14,3
1245269,6056389,1226957,,Venda,Apartamento,75.0,ASA NORTE,BRASILIA,800000.0,10666.0,0.0,0.0,-15.7518,-47.8927,2025-09-14,3
1245340,6056459,1198512,,Venda,Apartamento,101.0,ASA NORTE,BRASILIA,850000.0,8415.0,3.0,0.0,-15.7616,-47.8789,2025-09-14,1
1245384,6056503,VK4160,,Venda,Apartamento,518.0,ASA NORTE,BRASILIA,6900000.0,13316.0,0.0,4.0,-15.7588,-47.8842,2025-09-14,0
1245556,6056676,1194972,,Venda,Apartamento,163.0,ASA NORTE,BRASILIA,2819012.0,17294.0,4.0,3.0,-15.7473,-47.8906,2025-09-14,2
1245585,6056705,AP00119,,Venda,Apartamento,134.0,ASA NORTE,BRASILIA,1580000.0,11791.0,3.0,1.0,-15.776,-47.886,2025-09-14,8
1245593,6056713,980264,,Venda,Apartamento,128.0,ASA NORTE,BRASILIA,1990000.0,15546.0,4.0,2.0,-15.7613,-47.8829,2025-09-14,5
1245624,6056746,037,,Venda,Apartamento,69.0,ASA NORTE,BRASILIA,800000.0,11594.0,0.0,0.0,-15.7378,-47.8942,2025-09-14,8
1245625,6056747,1214147,,Venda,Apartamento,248.0,ASA NORTE,BRASILIA,2250000.0,9072.0,4.0,1.0,-15.7463,-47.8939,2025-09-14,1
1245743,6056864,1054382,,Venda,Apartamento,58.0,ASA NORTE,BRASILIA,560000.0,9655.0,0.0,0.0,-15.7696,-47.892,2025-09-14,1
1245876,6056996,1166669,,Venda,Apartamento,49.0,ASA NORTE,BRASILIA,585000.0,11938.0,0.0,0.0,-15.769,-47.892,2025-09-14,8
1245963,6057081,888427,,Venda,Apartamento,132.0,ASA NORTE,BRASILIA,1600000.0,12121.0,0.0,1.0,-15.751,-47.8899,2025-09-14,8
1245969,6057087,SCRN,,Venda,Apartamento,33.0,ASA NORTE,BRASILIA,260000.0,7878.0,0.0,0.0,-15.7391,-47.9013,2025-09-14,6
1245990,6057108,1173045,,Venda,Apartamento,29.0,ASA NORTE,BRASILIA,350000.0,12068.0,0.0,1.0,0.0,0.0,2025-09-14,8
1246011,6057129,1199961,,Venda,Apartamento,206.0,ASA NORTE,BRASILIA,2990000.0,14514.0,0.0,2.0,-15.7559,-47.8923,2025-09-14,4
1246035,6057153,1125740,,Venda,Apartamento,144.0,ASA NORTE,BRASILIA,1750000.0,12174.0,0.0,1.0,-15.7723,-47.8793,2025-09-14,8
1246046,6057164,105521224,,Venda,Apartamento,90.0,ASA NORTE,BRASILIA,980000.0,10888.0,0.0,1.0,-15.7588,-47.8842,2025-09-14,3
1246048,6057166,11165,,Venda,Apartamento,85.0,ASA NORTE,BRASILIA,1250000.0,14705.0,0.0,1.0,-15.7613,-47.8829,2025-09-14,5
1246078,6057196,1312158,,Venda,Apartamento,115.0,ASA NORTE,BRASILIA,1670000.0,14521.0,0.0,2.0,-15.7755,-47.8832,2025-09-14,4
1247349,6058477,11066,,Venda,Apartamento,133.0,ASA NORTE,BRASILIA,1850000.0,13909.0,0.0,1.0,-15.7817,-47.8784,2025-09-14,4
1247358,6058486,9748,,Venda,Apartamento,110.0,ASA NORTE,BRASILIA,1690000.0,15363.0,0.0,2.0,-15.7603,-47.8868,2025-09-14,5
1247423,6058551,TH31878,,Venda,Apartamento,118.0,ASA NORTE,BRASILIA,1780000.0,15084.0,4.0,1.0,-15.7612,-47.8896,2025-09-14,5
1247437,6058565,1128872,,Venda,Apartamento,77.0,ASA NORTE,BRASILIA,920000.0,11991.0,3.0,0.0,-15.7355,-47.8873,2025-09-14,8
1247441,6058569,SQN2084qts,,Venda,Apartamento,124.0,ASA NORTE,BRASILIA,1830000.0,14758.0,0.0,2.0,-15.7613,-47.8829,2025-09-14,5
1247453,6058581,10634,,Venda,Apartamento,202.0,ASA NORTE,BRASILIA,2180000.0,10792.0,0.0,2.0,-15.7529,-47.8847,2025-09-14,3
1247458,6058586,741V-DFI,,Venda,Apartamento,56.0,ASA NORTE,BRASILIA,820000.0,14708.0,0.0,1.0,-15.7564,-47.8839,2025-09-14,5
1247486,6058613,TH26521,,Venda,Apartamento,103.0,ASA NORTE,BRASILIA,1230000.0,11941.0,3.0,1.0,-15.7488,-47.8936,2025-09-14,8
1247489,6058616,1191276,,Venda,Apartamento,119.0,ASA NORTE,BRASILIA,1190000.0,10001.0,0.0,1.0,-15.7491,-47.8929,2025-09-14,3
1247490,6058617,03707,,Venda,Apartamento,247.0,ASA NORTE,BRASILIA,3100000.0,12559.0,0.0,2.0,-15.7668,-47.8857,2025-09-14,0
1247495,6058622,1093857,,Venda,Apartamento,127.0,ASA NORTE,BRASILIA,2069000.0,16291.0,0.0,2.0,-15.7613,-47.8829,2025-09-14,2
1247519,6058646,r96,,Venda,Apartamento,95.0,ASA NORTE,BRASILIA,840000.0,8842.0,0.0,0.0,-15.7519,-47.8821,2025-09-14,1
1247521,6058648,8979,,Venda,Apartamento,123.0,ASA NORTE,BRASILIA,1660000.0,13495.0,0.0,0.0,-15.7469,-47.8979,2025-09-14,4
1247534,6058661,971480,,Venda,Apartamento,109.0,ASA NORTE,BRASILIA,1720000.0,15779.0,0.0,2.0,-15.7727,-47.8877,2025-09-14,2
1247550,6058677,RB1653,,Venda,Apartamento,300.0,ASA NORTE,BRASILIA,3199000.0,10663.0,4.0,0.0,-15.7533,-47.8841,2025-09-14,3
1247558,6058685,DI817,,Venda,Apartamento,94.0,ASA NORTE,BRASILIA,1599000.0,17021.0,0.0,1.0,-15.7796,-47.8787,2025-09-14,2
1247573,6058700,1266581,,Venda,Apartamento,260.0,ASA NORTE,BRASILIA,4300000.0,16538.0,0.0,3.0,-15.7456,-47.8866,2025-09-14,2
1247613,6058740,1072247,,Venda,Apartamento,68.0,ASA NORTE,BRASILIA,860000.0,12663.0,0.0,0.0,-15.7378,-47.8942,2025-09-14,0
1247619,6058746,1110913,,Venda,Apartamento,58.0,ASA NORTE,BRASILIA,690000.0,11981.0,0.0,0.0,-15.7701,-47.887,2025-09-14,8
1247624,6058751,880321122-1,,Venda,Apartamento,178.0,ASA NORTE,BRASILIA,2230000.0,12528.0,2.0,0.0,-15.7498,-47.8867,2025-09-14,0
1247641,6058768,28277,,Venda,Apartamento,100.0,ASA NORTE,BRASILIA,1599000.0,15990.0,0.0,1.0,-15.7796,-47.8787,2025-09-14,2
1247649,6058776,1207922,,Venda,Apartamento,112.0,ASA NORTE,BRASILIA,1780000.0,15892.0,0.0,1.0,-15.7572,-47.8879,2025-09-14,2
1247696,6058823,VDC5N,,Venda,Apartamento,120.0,ASA NORTE,BRASILIA,1400000.0,11666.0,0.0,1.0,-15.7405,-47.8887,2025-09-14,8
1247703,6058830,1092312,,Venda,Apartamento,110.0,ASA NORTE,BRASILIA,1690000.0,15363.0,0.0,2.0,-15.7606,-47.8867,2025-09-14,5
1247705,6058832,741,,Venda,Apartamento,108.0,ASA NORTE,BRASILIA,1070000.0,9907.0,3.0,0.0,-15.7617,-47.8932,2025-09-14,1
1247733,6058860,811721,,Venda,Apartamento,246.0,ASA NORTE,BRASILIA,3000000.0,12195.0,0.0,2.0,-15.7665,-47.8849,2025-09-14,8
1247748,6058875,1209045,,Venda,Apartamento,84.0,ASA NORTE,BRASILIA,1180000.0,14087.0,2.0,1.0,-15.7427,-47.888,2025-09-14,4
1247749,6058876,719887,,Venda,Apartamento,89.0,ASA NORTE,BRASILIA,1070000.0,12022.0,0.0,1.0,-15.7588,-47.8842,2025-09-14,8
1247752,6058879,CO9643,,Venda,Apartamento,125.0,ASA NORTE,BRASILIA,1300000.0,10400.0,3.0,0.0,-15.7726,-47.8836,2025-09-14,3
1247786,6058913,CO8939,,Venda,Apartamento,35.0,ASA NORTE,BRASILIA,290000.0,8285.0,1.0,0.0,-15.7518,-47.8973,2025-09-14,6
1247824,6058951,RM2013,,Venda,Apartamento,168.0,ASA NORTE,BRASILIA,2099000.0,12518.0,4.0,1.0,-15.7411,-47.893,2025-09-14,0
1247827,6058954,TH31790,,Venda,Apartamento,127.0,ASA NORTE,BRASILIA,1450000.0,11417.0,3.0,1.0,-15.7405,-47.8887,2025-09-14,8
1247895,6059022,1185610,,Venda,Apartamento,221.0,ASA NORTE,BRASILIA,3900000.0,17647.0,0.0,2.0,-15.7456,-47.8866,2025-09-14,7
1247902,6059029,1164294,,Venda,Apartamento,103.0,ASA NORTE,BRASILIA,1620000.0,15728.0,0.0,2.0,-15.7727,-47.8877,2025-09-14,5
1247968,6059095,964632,,Venda,Apartamento,32.0,ASA NORTE,BRASILIA,295000.0,9218.0,0.0,0.0,-15.7378,-47.8966,2025-09-14,1
1248161,6059289,ANL408,,Venda,Apartamento,100.0,ASA NORTE,BRASILIA,1220000.0,12200.0,0.0,0.0,-15.7614,-47.8786,2025-09-14,8
1248259,6059386,AP0040,,Venda,Apartamento,45.0,ASA NORTE,BRASILIA,600000.0,13333.0,3.0,0.0,-15.756,-47.8805,2025-09-14,0
1248272,6059399,EL2556,,Venda,Apartamento,79.0,ASA NORTE,BRASILIA,750000.0,9523.0,0.0,0.0,-15.7683,-47.8783,2025-09-14,1
1248316,6059442,1203748,,Venda,Apartamento,93.0,ASA NORTE,BRASILIA,1200000.0,12971.0,0.0,1.0,-15.737,-47.891,2025-09-14,0
1248406,6059532,JANEDUPLEX,,Venda,Apartamento,324.0,ASA NORTE,BRASILIA,5342000.0,16488.0,0.0,4.0,-15.7413,-47.8887,2025-09-14,2
1248430,6059557,SQN109,,Venda,Apartamento,168.0,ASA NORTE,BRASILIA,3200000.0,19043.0,0.0,3.0,-15.7602,-47.886,2025-09-14,7
1248486,6059613,AP0055,,Venda,Apartamento,114.0,ASA NORTE,BRASILIA,1650000.0,14473.0,3.0,1.0,-15.7794,-47.8787,2025-09-14,4
1248510,6059637,LM090,,Venda,Apartamento,100.0,ASA NORTE,BRASILIA,1150000.0,11500.0,0.0,1.0,-15.7383,-47.8939,2025-09-14,8
1248581,6059708,30380,,Venda,Apartamento,120.0,ASA NORTE,BRASILIA,1575000.0,13125.0,0.0,1.0,-15.7425,-47.8956,2025-09-14,0
1248596,6059723,AP2475,,Venda,Apartamento,69.0,ASA NORTE,BRASILIA,789000.0,11434.0,0.0,0.0,-15.737,-47.891,2025-09-14,8
1248865,6059990,1211159,,Venda,Apartamento,157.0,ASA NORTE,BRASILIA,2250000.0,14331.0,4.0,2.0,-15.7456,-47.8946,2025-09-14,4
1248887,6060012,1210657,,Venda,Apartamento,71.0,ASA NORTE,BRASILIA,1100000.0,15492.0,0.0,1.0,-15.7378,-47.8942,2025-09-14,5
1248958,6060082,JOB0017,,Venda,Apartamento,44.0,ASA NORTE,BRASILIA,470000.0,10681.0,0.0,0.0,-15.7513,-47.8857,2025-09-14,3
1249042,6060166,1203147,,Venda,Apartamento,78.0,ASA NORTE,BRASILIA,900000.0,11538.0,3.0,0.0,-15.7741,-47.8757,2025-09-14,8
1249071,6060195,009703V-DFI,,Venda,Apartamento,35.0,ASA NORTE,BRASILIA,260000.0,7348.0,0.0,0.0,-15.7448,-47.8988,2025-09-14,6
1249106,6060230,AP01316,,Venda,Apartamento,62.0,ASA NORTE,BRASILIA,795000.0,12822.0,0.0,1.0,-15.7382,-47.8899,2025-09-14,0
1249119,6060243,003,,Venda,Apartamento,100.0,ASA NORTE,BRASILIA,1447000.0,14470.0,0.0,1.0,-15.7391,-47.8937,2025-09-14,4
1249129,6060253,1213459,,Venda,Apartamento,127.0,ASA NORTE,BRASILIA,1600000.0,12598.0,0.0,1.0,-15.7383,-47.8939,2025-09-14,0
1249218,6060342,03287v,,Venda,Apartamento,83.0,ASA NORTE,BRASILIA,1200000.0,14482.0,0.0,1.0,-15.7793,-47.8867,2025-09-14,4
1249254,6060378,21052025,,Venda,Apartamento,95.0,ASA NORTE,BRASILIA,900000.0,9473.0,0.0,0.0,-15.7519,-47.8821,2025-09-14,1
1249283,6060407,P3319,,Venda,Apartamento,224.0,ASA NORTE,BRASILIA,3550000.0,15848.0,0.0,2.0,-15.7566,-47.8876,2025-09-14,2
1249416,6060541,71705-535,,Venda,Apartamento,160.0,ASA NORTE,BRASILIA,2865000.0,17856.0,4.0,3.0,-15.7405,-47.8887,2025-09-14,7
1249745,6060870,P2987,,Venda,Apartamento,94.0,ASA NORTE,BRASILIA,1599000.0,17010.0,0.0,1.0,-15.7796,-47.8787,2025-09-14,2
1249747,6060872,P3102,,Venda,Apartamento,202.0,ASA NORTE,BRASILIA,2180000.0,10792.0,0.0,2.0,-15.7521,-47.8848,2025-09-14,3
1249751,6060876,AP0271,,Venda,Apartamento,140.0,ASA NORTE,BRASILIA,1650000.0,11785.0,0.0,1.0,-15.7588,-47.8842,2025-09-14,8
1249754,6060879,UB1682,,Venda,Apartamento,137.0,ASA NORTE,BRASILIA,1570000.0,11459.0,0.0,1.0,-15.751,-47.8899,2025-09-14,8
1249814,6060940,VILLA151801V01,,Venda,Apartamento,28.0,ASA NORTE,BRASILIA,380000.0,13571.0,0.0,0.0,-15.781,-47.8892,2025-09-14,4
1249828,6060954,LFM-061-25,,Venda,Apartamento,132.0,ASA NORTE,BRASILIA,1790000.0,13560.0,3.0,1.0,-15.776,-47.886,2025-09-14,4
1249948,6061074,1125820,,Venda,Apartamento,232.0,ASA NORTE,BRASILIA,2599000.0,11202.0,3.0,1.0,-15.7399,-47.8899,2025-09-14,8
1249967,6061093,1116809,,Venda,Apartamento,181.0,ASA NORTE,BRASILIA,1950000.0,10773.0,0.0,1.0,-15.7695,-47.8833,2025-09-14,3
1249969,6061095,TH33176,,Venda,Apartamento,41.0,ASA NORTE,BRASILIA,360000.0,8776.0,2.0,0.0,-15.7647,-47.8911,2025-09-14,1
1249991,6061117,1030707,,Venda,Apartamento,91.0,ASA NORTE,BRASILIA,1350000.0,14825.0,3.0,1.0,-15.7723,-47.8793,2025-09-14,5
1250039,6061165,10923,,Venda,Apartamento,75.0,ASA NORTE,BRASILIA,870000.0,11600.0,0.0,1.0,-15.7392,-47.8967,2025-09-14,8
1250042,6061168,26971,,Venda,Apartamento,83.0,ASA NORTE,BRASILIA,1200000.0,14457.0,0.0,1.0,-15.7505,-47.8872,2025-09-14,4
1250062,6061188,AP0248,,Venda,Apartamento,76.0,ASA NORTE,BRASILIA,950000.0,12500.0,0.0,0.0,-15.7381,-47.8863,2025-09-14,0
1250289,6061414,1136895,,Venda,Apartamento,75.0,ASA NORTE,BRASILIA,590000.0,7898.0,0.0,0.0,-15.7633,-47.8923,2025-09-21,6
1250315,6061440,1187149,,Venda,Apartamento,89.0,ASA NORTE,BRASILIA,1300000.0,14680.0,0.0,1.0,-15.7672,-47.8844,2025-09-21,5
1250369,6061494,DJD2508,,Venda,Apartamento,38.0,ASA NORTE,BRASILIA,450000.0,11842.0,0.0,1.0,-15.7662,-47.8751,2025-09-21,8
1250374,6061499,1164610,,Venda,Apartamento,92.0,ASA NORTE,BRASILIA,930000.0,10108.0,0.0,1.0,-15.737,-47.891,2025-09-21,3
1250488,6061613,JOB017,,Venda,Apartamento,30.0,ASA NORTE,BRASILIA,460000.0,15333.0,1.0,1.0,-15.7662,-47.8751,2025-09-21,5
1250546,6061672,1045218,,Venda,Apartamento,124.0,ASA NORTE,BRASILIA,1350000.0,10893.0,0.0,1.0,-15.7637,-47.8898,2025-09-21,3
1250605,6061731,2363,,Venda,Apartamento,95.0,ASA NORTE,BRASILIA,1350000.0,14210.0,0.0,1.0,-15.755,-47.892,2025-09-21,4
1250689,6061815,924549,,Venda,Apartamento,50.0,ASA NORTE,BRASILIA,595000.0,12012.0,2.0,0.0,-15.7706,-47.8916,2025-09-21,8
1250757,6061883,1202228,,Venda,Apartamento,108.0,ASA NORTE,BRASILIA,979000.0,9069.0,0.0,0.0,-15.7505,-47.8975,2025-09-21,1
1250782,6061908,SCRN,,Venda,Apartamento,33.0,ASA NORTE,BRASILIA,260000.0,7878.0,0.0,0.0,-15.7391,-47.9013,2025-09-21,6
1250805,6061932,03836,,Venda,Apartamento,32.0,ASA NORTE,BRASILIA,210000.0,6562.0,1.0,0.0,-15.7563,-47.8941,2025-09-21,6
1250833,6061960,DDA1021,,Venda,Apartamento,35.0,ASA NORTE,BRASILIA,350000.0,10000.0,2.0,0.0,-15.7768,-47.8886,2025-09-21,3
1250897,6062024,327895,,Venda,Apartamento,83.0,ASA NORTE,BRASILIA,1050000.0,12650.0,3.0,1.0,-15.7793,-47.8867,2025-09-21,0
1250903,6062030,1195624,,Venda,Apartamento,48.0,ASA NORTE,BRASILIA,540000.0,11250.0,0.0,0.0,-15.7909,-47.8853,2025-09-21,8
1251052,6062178,1218843,,Venda,Apartamento,47.0,ASA NORTE,BRASILIA,520000.0,11063.0,0.0,0.0,-15.7555,-47.881,2025-09-21,3
1251177,6062302,1227951,,Venda,Apartamento,132.0,ASA NORTE,BRASILIA,1800000.0,13636.0,0.0,1.0,-15.757,-47.8845,2025-09-21,4
1251191,6062316,SHCGN710,,Venda,Apartamento,108.0,ASA NORTE,BRASILIA,890000.0,8240.0,0.0,0.0,-15.7585,-47.894,2025-09-21,6
1251193,6062318,1223992,,Venda,Apartamento,27.0,ASA NORTE,BRASILIA,279000.0,10333.0,0.0,1.0,-15.7543,-47.9006,2025-09-21,3
1251259,6062384,1214147,,Venda,Apartamento,248.0,ASA NORTE,BRASILIA,2250000.0,9072.0,4.0,1.0,-15.7463,-47.8939,2025-09-21,1
1251276,6062401,VILLA119885V01,,Venda,Apartamento,173.0,ASA NORTE,BRASILIA,2300000.0,13294.0,0.0,2.0,-15.7392,-47.8947,2025-09-21,0
1251303,6062429,QUE104,,Venda,Apartamento,125.0,ASA NORTE,BRASILIA,1170000.0,9337.0,0.0,0.0,-15.7754,-47.8823,2025-09-21,1
1251324,6062450,VEN669,,Venda,Apartamento,112.0,ASA NORTE,BRASILIA,1200000.0,10741.0,0.0,1.0,-15.7762,-47.8831,2025-09-21,3
1251387,6062512,1185391,,Venda,Apartamento,45.0,ASA NORTE,BRASILIA,619000.0,13755.0,2.0,0.0,-15.754,-47.8807,2025-09-21,4
1251433,6062558,980264,,Venda,Apartamento,128.0,ASA NORTE,BRASILIA,1990000.0,15546.0,4.0,2.0,-15.7613,-47.8829,2025-09-21,5
1251444,6062569,NEVCLN109,,Venda,Apartamento,35.0,ASA NORTE,BRASILIA,340000.0,9700.0,0.0,0.0,-15.759,-47.8873,2025-09-21,1
1251521,6062646,1121522,,Venda,Apartamento,78.0,ASA NORTE,BRASILIA,1025000.0,13141.0,0.0,1.0,-15.7794,-47.8787,2025-09-21,0
1251535,6062660,2362,,Venda,Apartamento,96.0,ASA NORTE,BRASILIA,1410000.0,14629.0,0.0,2.0,-15.7502,-47.8859,2025-09-21,5
1251545,6062670,2345,,Venda,Apartamento,136.0,ASA NORTE,BRASILIA,1420000.0,10441.0,0.0,1.0,-15.7608,-47.8885,2025-09-21,3
1251548,6062673,SL15,,Venda,Apartamento,260.0,ASA NORTE,BRASILIA,4300000.0,16546.0,0.0,3.0,-15.7456,-47.8866,2025-09-21,2
1251582,6062707,CEI0002KT,,Venda,Apartamento,33.0,ASA NORTE,BRASILIA,380000.0,11515.0,0.0,0.0,-15.7389,-47.9007,2025-09-21,8
1251628,6062753,1207742,,Venda,Apartamento,130.0,ASA NORTE,BRASILIA,1800000.0,13846.0,3.0,1.0,-15.7456,-47.8946,2025-09-21,4
1251650,6062775,2032,,Venda,Apartamento,205.0,ASA NORTE,BRASILIA,3170000.0,15461.0,3.0,2.0,-15.7529,-47.8847,2025-09-21,5
1251718,6062843,1229518,,Venda,Apartamento,90.0,ASA NORTE,BRASILIA,1070000.0,11888.0,3.0,1.0,-15.7588,-47.8842,2025-09-21,8
1251719,6062844,FKS0506,,Venda,Apartamento,65.0,ASA NORTE,BRASILIA,780000.0,12000.0,0.0,0.0,-15.7456,-47.8946,2025-09-21,8
1251767,6062892,1177881,,Venda,Apartamento,123.0,ASA NORTE,BRASILIA,1760000.0,14308.0,0.0,0.0,-15.7469,-47.8979,2025-09-21,4
1251791,6062916,1210645,,Venda,Apartamento,86.0,ASA NORTE,BRASILIA,1220000.0,14186.0,2.0,1.0,-15.7613,-47.8829,2025-09-21,4
1251845,6062970,1203577,,Venda,Apartamento,125.0,ASA NORTE,BRASILIA,1650000.0,13200.0,0.0,0.0,-15.7732,-47.8826,2025-09-21,0
1251887,6063012,1124346,,Venda,Apartamento,135.0,ASA NORTE,BRASILIA,1430000.0,10592.0,3.0,0.0,-15.7655,-47.892,2025-09-21,3
1251964,6063090,1185415,,Venda,Apartamento,50.0,ASA NORTE,BRASILIA,615000.0,12300.0,0.0,0.0,-15.7555,-47.881,2025-09-21,8
1252006,6063132,VK4160,,Venda,Apartamento,518.0,ASA NORTE,BRASILIA,6900000.0,13316.0,0.0,4.0,-15.7588,-47.8842,2025-09-21,0
1252096,6063222,1115988,,Venda,Apartamento,125.0,ASA NORTE,BRASILIA,1090000.0,8699.0,3.0,0.0,-15.7754,-47.8823,2025-09-21,1
1252102,6063228,1164023,,Venda,Apartamento,45.0,ASA NORTE,BRASILIA,619000.0,13755.0,0.0,0.0,-15.754,-47.8807,2025-09-21,4
1252115,6063241,ALE253654,,Venda,Apartamento,55.0,ASA NORTE,BRASILIA,498000.0,9054.0,0.0,0.0,-15.7454,-47.8997,2025-09-21,1
1252134,6063260,1198512,,Venda,Apartamento,101.0,ASA NORTE,BRASILIA,850000.0,8415.0,3.0,0.0,-15.7616,-47.8789,2025-09-21,1
1252138,6063264,70737120,,Venda,Apartamento,112.0,ASA NORTE,BRASILIA,1500000.0,13363.0,0.0,1.0,-15.7723,-47.8869,2025-09-21,0
1252180,6063306,1156389,,Venda,Apartamento,90.0,ASA NORTE,BRASILIA,910000.0,10111.0,0.0,0.0,-15.7545,-47.8808,2025-09-21,3
1252337,6063463,1166669,,Venda,Apartamento,49.0,ASA NORTE,BRASILIA,585000.0,11938.0,0.0,0.0,-15.769,-47.892,2025-09-21,8
1252343,6063469,FAP036,,Venda,Apartamento,45.0,ASA NORTE,BRASILIA,619000.0,13755.0,2.0,0.0,-15.7555,-47.881,2025-09-21,4
1252445,6063571,1200639,,Venda,Apartamento,80.0,ASA NORTE,BRASILIA,775000.0,9687.0,0.0,0.0,-15.7782,-47.8758,2025-09-21,1
1252463,6063589,1176473,,Venda,Apartamento,112.0,ASA NORTE,BRASILIA,1400000.0,12500.0,0.0,1.0,-15.7535,-47.8857,2025-09-21,0
1252475,6063601,1226957,,Venda,Apartamento,75.0,ASA NORTE,BRASILIA,800000.0,10666.0,0.0,0.0,-15.7518,-47.8927,2025-09-21,3
1252548,6063675,1227451,,Venda,Apartamento,105.0,ASA NORTE,BRASILIA,1650000.0,15714.0,0.0,2.0,-15.7502,-47.8859,2025-09-21,5
1252631,6063757,dda1037,,Venda,Apartamento,25.0,ASA NORTE,BRASILIA,340000.0,13600.0,0.0,1.0,-15.7662,-47.8751,2025-09-21,4
1252717,6063843,1207871,,Venda,Apartamento,95.0,ASA NORTE,BRASILIA,1255000.0,13210.0,2.0,0.0,-15.7518,-47.8927,2025-09-21,0
1252746,6063873,1188391,,Venda,Apartamento,67.0,ASA NORTE,BRASILIA,1170000.0,17462.0,0.0,0.0,-15.7518,-47.8927,2025-09-21,7
1252871,6063998,1202662,,Venda,Apartamento,120.0,ASA NORTE,BRASILIA,1530000.0,12750.0,3.0,1.0,-15.7425,-47.8956,2025-09-21,0
1252918,6064045,1235,,Venda,Apartamento,123.0,ASA NORTE,BRASILIA,1480000.0,12032.0,0.0,1.0,-15.7633,-47.8858,2025-09-21,8
1252919,6064046,1053238,,Venda,Apartamento,66.0,ASA NORTE,BRASILIA,850000.0,12878.0,2.0,1.0,-15.7792,-47.8893,2025-09-21,0
1252967,6064094,1219806,,Venda,Apartamento,127.0,ASA NORTE,BRASILIA,1495000.0,11771.0,0.0,1.0,-15.7558,-47.8926,2025-09-21,8
1253037,6064163,VDI5,,Venda,Apartamento,125.0,ASA NORTE,BRASILIA,1600000.0,12800.0,4.0,1.0,-15.758,-47.8906,2025-09-21,0
1253047,6064173,1030707,,Venda,Apartamento,91.0,ASA NORTE,BRASILIA,1350000.0,14825.0,3.0,1.0,-15.7723,-47.8793,2025-09-21,5
1253050,6064176,1230303,,Venda,Apartamento,124.0,ASA NORTE,BRASILIA,1500000.0,12096.0,0.0,1.0,-15.758,-47.8906,2025-09-21,8
1254203,6065334,1218226,,Venda,Apartamento,132.0,ASA NORTE,BRASILIA,1850000.0,14015.0,0.0,1.0,-15.7817,-47.8784,2025-09-21,4
1254205,6065336,411,,Venda,Apartamento,98.0,ASA NORTE,BRASILIA,900000.0,9183.0,0.0,0.0,-15.7528,-47.8817,2025-09-21,1
1254211,6065342,10801,,Venda,Apartamento,73.0,ASA NORTE,BRASILIA,1390000.0,19041.0,0.0,2.0,-15.7529,-47.8847,2025-09-21,7
1254238,6065369,1229823,,Venda,Apartamento,141.0,ASA NORTE,BRASILIA,1400000.0,9929.0,0.0,2.0,-15.7821,-47.8755,2025-09-21,1
1254250,6065381,252808AN,,Venda,Apartamento,99.0,ASA NORTE,BRASILIA,1099000.0,11113.0,0.0,2.0,-15.7886,-47.8893,2025-09-21,3
1254253,6065384,1217676,,Venda,Apartamento,75.0,ASA NORTE,BRASILIA,1120000.0,14933.0,0.0,1.0,-15.7495,-47.8858,2025-09-21,5
1254254,6065385,8994,,Venda,Apartamento,117.0,ASA NORTE,BRASILIA,1550000.0,13247.0,0.0,1.0,-15.7572,-47.8879,2025-09-21,0
1254282,6065413,1228167,,Venda,Apartamento,123.0,ASA NORTE,BRASILIA,1580000.0,12845.0,0.0,1.0,-15.7672,-47.8877,2025-09-21,0
1254323,6065454,1212632,,Venda,Apartamento,208.0,ASA NORTE,BRASILIA,2150000.0,10336.0,0.0,1.0,-15.7586,-47.8894,2025-09-21,3
1254332,6065463,10736,,Venda,Apartamento,45.0,ASA NORTE,BRASILIA,635000.0,14111.0,0.0,0.0,-15.754,-47.8807,2025-09-21,4
1254343,6065474,10992,,Venda,Apartamento,94.0,ASA NORTE,BRASILIA,1420000.0,15106.0,0.0,1.0,-15.7794,-47.8787,2025-09-21,5
1254356,6065487,1223518,,Venda,Apartamento,42.0,ASA NORTE,BRASILIA,420000.0,10038.0,0.0,0.0,-15.7403,-47.8935,2025-09-21,3
1254367,6065498,CO8484,,Venda,Apartamento,673.0,ASA NORTE,BRASILIA,10000000.0,14858.0,0.0,4.0,-15.7603,-47.8868,2025-09-21,5
1254396,6065527,11115,,Venda,Apartamento,112.0,ASA NORTE,BRASILIA,1690000.0,15089.0,3.0,1.0,-15.7757,-47.8831,2025-09-21,5
1254401,6065532,11132,,Venda,Apartamento,100.0,ASA NORTE,BRASILIA,1430000.0,14300.0,0.0,1.0,-15.7792,-47.8857,2025-09-21,4
1254411,6065542,1111,,Venda,Apartamento,141.0,ASA NORTE,BRASILIA,1400000.0,9929.0,0.0,2.0,-15.7509,-47.8888,2025-09-21,1
1254418,6065549,10988,,Venda,Apartamento,130.0,ASA NORTE,BRASILIA,1750000.0,13461.0,0.0,2.0,-15.7495,-47.8858,2025-09-21,4
1254447,6065578,8979,,Venda,Apartamento,123.0,ASA NORTE,BRASILIA,1660000.0,13495.0,0.0,0.0,-15.7469,-47.8979,2025-09-21,4
1254453,6065584,AP0434,,Venda,Apartamento,128.0,ASA NORTE,BRASILIA,1990000.0,15546.0,0.0,2.0,-15.7613,-47.8829,2025-09-21,5
1254455,6065586,LV0315,,Venda,Apartamento,135.0,ASA NORTE,BRASILIA,1760000.0,13037.0,0.0,1.0,-15.7541,-47.8889,2025-09-21,0
1254475,6065605,AC3620,,Venda,Apartamento,86.0,ASA NORTE,BRASILIA,1400000.0,16279.0,3.0,1.0,-15.7392,-47.8967,2025-09-21,2
1254482,6065612,1182688,,Venda,Apartamento,100.0,ASA NORTE,BRASILIA,1490000.0,14900.0,0.0,1.0,-15.7391,-47.8937,2025-09-21,5
1254546,6065676,1229479,,Venda,Apartamento,98.0,ASA NORTE,BRASILIA,1350000.0,13831.0,0.0,1.0,-15.7443,-47.8871,2025-09-21,4
1254564,6065694,1218792,,Venda,Apartamento,137.0,ASA NORTE,BRASILIA,1570000.0,11459.0,0.0,1.0,-15.7509,-47.8888,2025-09-21,8
1254573,6065703,PD3370,,Venda,Apartamento,105.0,ASA NORTE,BRASILIA,1590000.0,15142.0,3.0,1.0,-15.7521,-47.8848,2025-09-21,5
1254598,6065727,9748,,Venda,Apartamento,110.0,ASA NORTE,BRASILIA,1690000.0,15363.0,0.0,2.0,-15.7603,-47.8868,2025-09-21,5
1254617,6065746,SM990,,Venda,Apartamento,122.0,ASA NORTE,BRASILIA,1840000.0,15081.0,0.0,1.0,-15.7681,-47.8875,2025-09-21,5
1254654,6065783,1222935,,Venda,Apartamento,78.0,ASA NORTE,BRASILIA,830000.0,10641.0,3.0,0.0,-15.7743,-47.8773,2025-09-21,3
1254678,6065807,RQB0514,,Venda,Apartamento,112.0,ASA NORTE,BRASILIA,1600000.0,14321.0,0.0,1.0,-15.7762,-47.8831,2025-09-21,4
1254688,6065817,1169200,,Venda,Apartamento,137.0,ASA NORTE,BRASILIA,1630000.0,11897.0,0.0,1.0,-15.7518,-47.8891,2025-09-21,8
1254689,6065818,11066,,Venda,Apartamento,133.0,ASA NORTE,BRASILIA,1850000.0,13909.0,0.0,1.0,-15.7817,-47.8784,2025-09-21,4
1254704,6065833,982,,Venda,Apartamento,102.0,ASA NORTE,BRASILIA,1720000.0,16862.0,0.0,2.0,-15.7727,-47.8877,2025-09-21,2
1254732,6065861,1231061,,Venda,Apartamento,83.0,ASA NORTE,BRASILIA,930000.0,11204.0,3.0,0.0,-15.774,-47.875,2025-09-21,8
1254754,6065884,TH33337,,Venda,Apartamento,135.0,ASA NORTE,BRASILIA,1850000.0,13703.0,4.0,1.0,-15.7817,-47.8784,2025-09-21,4
1254783,6065913,TH33071,,Venda,Apartamento,42.0,ASA NORTE,BRASILIA,410000.0,9761.0,1.0,0.0,-15.7403,-47.8935,2025-09-21,1
1254837,6065967,TH33398,,Venda,Apartamento,71.0,ASA NORTE,BRASILIA,870000.0,12253.0,2.0,1.0,-15.7831,-47.8754,2025-09-21,8
1254916,6066046,CO9033,,Venda,Apartamento,63.0,ASA NORTE,BRASILIA,800000.0,12698.0,3.0,0.0,-15.7518,-47.8927,2025-09-21,0
1254918,6066048,1115891,,Venda,Apartamento,53.0,ASA NORTE,BRASILIA,780000.0,14716.0,0.0,1.0,-15.776,-47.8907,2025-09-21,5
1254922,6066052,CO9643,,Venda,Apartamento,125.0,ASA NORTE,BRASILIA,1300000.0,10400.0,3.0,0.0,-15.7726,-47.8836,2025-09-21,3
1254945,6066075,28946,,Venda,Apartamento,121.0,ASA NORTE,BRASILIA,1395000.0,11528.0,0.0,1.0,-15.7762,-47.8893,2025-09-21,8
1254947,6066077,1224979,,Venda,Apartamento,77.0,ASA NORTE,BRASILIA,1345000.0,17467.0,0.0,1.0,-15.7434,-47.8875,2025-09-21,7
1254949,6066079,1105341,,Venda,Apartamento,160.0,ASA NORTE,BRASILIA,2150000.0,13437.0,0.0,2.0,-15.7509,-47.8888,2025-09-21,0
1254972,6066102,10634,,Venda,Apartamento,202.0,ASA NORTE,BRASILIA,2180000.0,10792.0,0.0,2.0,-15.7529,-47.8847,2025-09-21,3
1254981,6066111,25-1,,Venda,Apartamento,79.0,ASA NORTE,BRASILIA,880000.0,11139.0,0.0,0.0,-15.7782,-47.8758,2025-09-21,3
1254991,6066121,10887,,Venda,Apartamento,45.0,ASA NORTE,BRASILIA,630000.0,14000.0,0.0,0.0,-15.7555,-47.881,2025-09-21,4
1254997,6066127,1116238,,Venda,Apartamento,107.0,ASA NORTE,BRASILIA,1450000.0,13551.0,0.0,1.0,-15.7464,-47.8954,2025-09-21,4
1255001,6066131,26-1,,Venda,Apartamento,60.0,ASA NORTE,BRASILIA,849000.0,14150.0,0.0,1.0,-15.7405,-47.8887,2025-09-21,4
1255017,6066147,1225732,,Venda,Apartamento,159.0,ASA NORTE,BRASILIA,2150000.0,13522.0,0.0,2.0,-15.7509,-47.8888,2025-09-21,4
1255020,6066150,880111037-60,,Venda,Apartamento,47.0,ASA NORTE,BRASILIA,563000.0,11988.0,0.0,0.0,-15.769,-47.892,2025-09-21,8
1255033,6066163,22-1,,Venda,Apartamento,125.0,ASA NORTE,BRASILIA,1680000.0,13440.0,0.0,1.0,-15.7672,-47.8877,2025-09-21,0
1255036,6066166,21-1,,Venda,Apartamento,105.0,ASA NORTE,BRASILIA,860000.0,8190.0,0.0,0.0,-15.7644,-47.8782,2025-09-21,6
1255049,6066178,10987,,Venda,Apartamento,194.0,ASA NORTE,BRASILIA,3675000.0,18943.0,0.0,3.0,-15.7405,-47.8887,2025-09-21,7
1255051,6066180,1187032,,Venda,Apartamento,167.0,ASA NORTE,BRASILIA,2099000.0,12568.0,0.0,1.0,-15.7417,-47.8928,2025-09-21,0
1255067,6066196,mcarC616,,Venda,Apartamento,280.0,ASA NORTE,BRASILIA,3099000.0,11067.0,0.0,1.0,-15.7529,-47.8847,2025-09-21,3
1255068,6066197,10838,,Venda,Apartamento,25.0,ASA NORTE,BRASILIA,315000.0,12600.0,0.0,1.0,-15.7543,-47.9006,2025-09-21,0
1255076,6066206,1216596,,Venda,Apartamento,135.0,ASA NORTE,BRASILIA,1760000.0,13037.0,0.0,1.0,-15.7541,-47.8889,2025-09-21,0
1255082,6066212,1128872,,Venda,Apartamento,77.0,ASA NORTE,BRASILIA,920000.0,11991.0,3.0,0.0,-15.7355,-47.8873,2025-09-21,8
1255084,6066214,1224748,,Venda,Apartamento,135.0,ASA NORTE,BRASILIA,1690000.0,12518.0,0.0,1.0,-15.758,-47.8906,2025-09-21,0
1255101,6066231,1121298,,Venda,Apartamento,137.0,ASA NORTE,BRASILIA,1630000.0,11897.0,0.0,1.0,-15.751,-47.8899,2025-09-21,8
1255118,6066248,11165,,Venda,Apartamento,85.0,ASA NORTE,BRASILIA,1250000.0,14705.0,0.0,1.0,-15.7613,-47.8829,2025-09-21,5
1255119,6066249,880111085-8,,Venda,Apartamento,144.0,ASA NORTE,BRASILIA,1660000.0,11551.0,0.0,1.0,-15.7709,-47.879,2025-09-21,8
1255121,6066251,10923,,Venda,Apartamento,75.0,ASA NORTE,BRASILIA,870000.0,11600.0,0.0,1.0,-15.7392,-47.8967,2025-09-21,8
1255133,6066263,10909,,Venda,Apartamento,135.0,ASA NORTE,BRASILIA,1760000.0,13037.0,0.0,1.0,-15.7541,-47.8889,2025-09-21,0
1255151,6066281,10691,,Venda,Apartamento,57.0,ASA NORTE,BRASILIA,689000.0,12087.0,0.0,0.0,-15.7403,-47.9001,2025-09-21,8
1255160,6066290,03696,,Venda,Apartamento,181.0,ASA NORTE,BRASILIA,1950000.0,10766.0,0.0,1.0,-15.7695,-47.8833,2025-09-21,3
1255175,6066305,10675,,Venda,Apartamento,96.0,ASA NORTE,BRASILIA,1350000.0,14062.0,0.0,1.0,-15.7549,-47.8916,2025-09-21,4
1255180,6066310,6320,,Venda,Apartamento,100.0,ASA NORTE,BRASILIA,1599000.0,15990.0,0.0,0.0,-15.7794,-47.8787,2025-09-21,2
1255184,6066314,03707,,Venda,Apartamento,247.0,ASA NORTE,BRASILIA,3100000.0,12559.0,0.0,2.0,-15.7668,-47.8857,2025-09-21,0
1255186,6066316,6355,,Venda,Apartamento,205.0,ASA NORTE,BRASILIA,3170000.0,15463.0,0.0,2.0,-15.7529,-47.8847,2025-09-21,5
1255201,6066331,1032919,,Venda,Apartamento,117.0,ASA NORTE,BRASILIA,1550000.0,13247.0,0.0,1.0,-15.7572,-47.8879,2025-09-21,0
1255207,6066337,2954,,Venda,Apartamento,270.0,ASA NORTE,BRASILIA,3100000.0,11481.0,0.0,3.0,-15.758,-47.8906,2025-09-21,8
1255273,6066402,9481,,Venda,Apartamento,40.0,ASA NORTE,BRASILIA,610000.0,15250.0,0.0,0.0,-15.7886,-47.8893,2025-09-21,5
1255279,6066408,971480,,Venda,Apartamento,109.0,ASA NORTE,BRASILIA,1720000.0,15779.0,0.0,2.0,-15.7727,-47.8877,2025-09-21,2
1255283,6066412,VILLA150662V01,,Venda,Apartamento,80.0,ASA NORTE,BRASILIA,920000.0,11500.0,0.0,1.0,-15.7495,-47.8858,2025-09-21,8
1255386,6066516,VILLA139637V01,,Venda,Apartamento,155.0,ASA NORTE,BRASILIA,2150000.0,13870.0,0.0,2.0,-15.754,-47.8917,2025-09-21,4
1255406,6066537,71790247,,Venda,Apartamento,34.0,ASA NORTE,BRASILIA,380000.0,11078.0,0.0,1.0,-15.7477,-47.9014,2025-09-21,3
1255410,6066541,1190560,,Venda,Apartamento,247.0,ASA NORTE,BRASILIA,2150000.0,8704.0,0.0,2.0,-15.7576,-47.8905,2025-09-21,1
1255416,6066547,RM1875,,Venda,Apartamento,112.0,ASA NORTE,BRASILIA,1260000.0,11223.0,3.0,0.0,-15.7723,-47.8869,2025-09-21,8
1255423,6066554,ASA,,Venda,Apartamento,109.0,ASA NORTE,BRASILIA,1200000.0,11011.0,0.0,2.0,-15.7768,-47.8886,2025-09-21,3
1255426,6066557,AP002,,Venda,Apartamento,143.0,ASA NORTE,BRASILIA,1830000.0,12797.0,0.0,2.0,-15.7417,-47.8928,2025-09-21,0
1255455,6066586,P3004,,Venda,Apartamento,257.0,ASA NORTE,BRASILIA,3500000.0,13618.0,4.0,0.0,-15.7583,-47.8826,2025-09-21,4
1255458,6066589,RM1802,,Venda,Apartamento,95.0,ASA NORTE,BRASILIA,1579000.0,16621.0,3.0,1.0,-15.7796,-47.8787,2025-09-21,2
1255473,6066606,1197539,,Venda,Apartamento,95.0,ASA NORTE,BRASILIA,740000.0,7789.0,0.0,0.0,-15.7533,-47.8826,2025-09-21,6
1255485,6066618,1017222,,Venda,Apartamento,238.0,ASA NORTE,BRASILIA,3150000.0,13244.0,0.0,2.0,-15.7569,-47.8874,2025-09-21,0
1255494,6066627,1006253,,Venda,Apartamento,135.0,ASA NORTE,BRASILIA,1650000.0,12222.0,0.0,1.0,-15.7786,-47.8801,2025-09-21,8
1255514,6066647,BU755,,Venda,Apartamento,382.0,ASA NORTE,BRASILIA,5400001.0,14136.0,4.0,3.0,-15.758,-47.8906,2025-09-21,4
1255516,6066649,P3269,,Venda,Apartamento,290.0,ASA NORTE,BRASILIA,3690000.0,12724.0,0.0,2.0,-15.747,-47.8883,2025-09-21,0
1255522,6066655,VILLA151840V01,,Venda,Apartamento,86.0,ASA NORTE,BRASILIA,1400000.0,16279.0,0.0,1.0,-15.7401,-47.897,2025-09-21,2
1255534,6066668,P2987,,Venda,Apartamento,94.0,ASA NORTE,BRASILIA,1599000.0,17010.0,0.0,1.0,-15.7796,-47.8787,2025-09-21,2
1255537,6066671,1211898,,Venda,Apartamento,45.0,ASA NORTE,BRASILIA,730000.0,16222.0,1.0,1.0,-15.737,-47.891,2025-09-21,2
1255550,6066684,VILLA150209V01,,Venda,Apartamento,169.0,ASA NORTE,BRASILIA,2200000.0,13017.0,0.0,2.0,-15.7586,-47.8894,2025-09-21,0
1255552,6066686,AP0271,,Venda,Apartamento,140.0,ASA NORTE,BRASILIA,1650000.0,11785.0,0.0,1.0,-15.7588,-47.8842,2025-09-21,8
1255579,6066713,1202424,,Venda,Apartamento,137.0,ASA NORTE,BRASILIA,1570000.0,11459.0,0.0,1.0,-15.751,-47.8899,2025-09-21,8
1255594,6066728,1107327,,Venda,Apartamento,175.0,ASA NORTE,BRASILIA,2399000.0,13708.0,0.0,2.0,-15.7407,-47.888,2025-09-21,4
1255627,6066761,685966,,Venda,Apartamento,95.0,ASA NORTE,BRASILIA,910000.0,9548.0,0.0,0.0,-15.7525,-47.881,2025-09-21,1
1255653,6066787,880161042-27,,Venda,Apartamento,44.0,ASA NORTE,BRASILIA,380000.0,8636.0,0.0,0.0,-15.7477,-47.9014,2025-09-21,1
1255695,6066829,TH28385,,Venda,Apartamento,95.0,ASA NORTE,BRASILIA,1100000.0,11578.0,3.0,0.0,-15.7519,-47.8821,2025-09-21,8
1255727,6066861,880131002-123,,Venda,Apartamento,110.0,ASA NORTE,BRASILIA,1450000.0,13181.0,0.0,1.0,-15.7462,-47.8871,2025-09-21,0
1255742,6066876,736107,,Venda,Apartamento,55.0,ASA NORTE,BRASILIA,575000.0,10454.0,0.0,0.0,-15.7671,-47.8916,2025-09-21,3
1255750,6066884,CO9618,,Venda,Apartamento,70.0,ASA NORTE,BRASILIA,1170000.0,16714.0,2.0,1.0,-15.737,-47.891,2025-09-21,2
1255753,6066887,TH29030,,Venda,Apartamento,127.0,ASA NORTE,BRASILIA,1500000.0,11811.0,4.0,2.0,-15.7765,-47.8896,2025-09-21,8
1255762,6066896,UB1682,,Venda,Apartamento,137.0,ASA NORTE,BRASILIA,1570000.0,11459.0,0.0,1.0,-15.751,-47.8899,2025-09-21,8
1255765,6066899,880241011-203,,Venda,Apartamento,344.0,ASA NORTE,BRASILIA,4200000.0,12221.0,0.0,3.0,-15.7602,-47.886,2025-09-21,8
1255767,6066901,1167886,,Venda,Apartamento,208.0,ASA NORTE,BRASILIA,2195000.0,10552.0,0.0,1.0,-15.758,-47.8906,2025-09-21,3
1255774,6066908,854804,,Venda,Apartamento,270.0,ASA NORTE,BRASILIA,3100000.0,11481.0,0.0,3.0,-15.758,-47.8906,2025-09-21,8
1255797,6066931,1121860,,Venda,Apartamento,181.0,ASA NORTE,BRASILIA,2040000.0,11270.0,0.0,1.0,-15.7695,-47.8833,2025-09-21,8
1255831,6066965,1217759,,Venda,Apartamento,90.0,ASA NORTE,BRASILIA,1249000.0,13804.0,0.0,1.0,-15.7529,-47.8847,2025-09-21,4
1255850,6066984,1172206,,Venda,Apartamento,85.0,ASA NORTE,BRASILIA,1150000.0,13598.0,0.0,1.0,-15.758,-47.8906,2025-09-21,4
1255867,6067001,1115481,,Venda,Apartamento,260.0,ASA NORTE,BRASILIA,4300000.0,16538.0,0.0,3.0,-15.7456,-47.8866,2025-09-21,2
1255884,6067018,1004569,,Venda,Apartamento,76.0,ASA NORTE,BRASILIA,799900.0,10525.0,0.0,0.0,-15.7386,-47.8855,2025-09-21,3
1255889,6067023,1072247,,Venda,Apartamento,68.0,ASA NORTE,BRASILIA,860000.0,12663.0,0.0,0.0,-15.7378,-47.8942,2025-09-21,0
1255919,6067053,RB1579,,Venda,Apartamento,279.0,ASA NORTE,BRASILIA,3099000.0,11107.0,5.0,1.0,-15.7533,-47.8841,2025-09-21,3
1255934,6067068,342430,,Venda,Apartamento,101.0,ASA NORTE,BRASILIA,1230000.0,12178.0,0.0,1.0,-15.7421,-47.8924,2025-09-21,8
1255942,6067075,10623,,Venda,Apartamento,94.0,ASA NORTE,BRASILIA,1350000.0,14361.0,3.0,1.0,-15.7549,-47.8916,2025-09-21,4
1255943,6067076,708405,,Venda,Apartamento,51.0,ASA NORTE,BRASILIA,725000.0,14215.0,0.0,0.0,-15.7656,-47.8783,2025-09-21,4
1255985,6067118,1188738,,Venda,Apartamento,78.0,ASA NORTE,BRASILIA,1120000.0,14358.0,2.0,1.0,-15.7792,-47.8857,2025-09-21,4
1256032,6067165,DSF309,,Venda,Apartamento,25.0,ASA NORTE,BRASILIA,330000.0,13200.0,0.0,1.0,-15.7543,-47.9006,2025-09-21,0
1256043,6067176,1123,,Venda,Apartamento,157.0,ASA NORTE,BRASILIA,2250000.0,14331.0,0.0,2.0,-15.7451,-47.8956,2025-09-21,4
1256044,6067177,rabelosqn3133quartos,,Venda,Apartamento,120.0,ASA NORTE,BRASILIA,1420000.0,11833.0,0.0,1.0,-15.7495,-47.893,2025-09-21,8
1256090,6067223,FIS00237,,Venda,Apartamento,189.0,ASA NORTE,BRASILIA,2149000.0,11370.0,0.0,1.0,-15.7698,-47.8838,2025-09-21,8
1256144,6067277,1167429,,Venda,Apartamento,90.0,ASA NORTE,BRASILIA,1080000.0,12000.0,0.0,1.0,-15.7588,-47.8842,2025-09-21,8
1256202,6067335,1200650,,Venda,Apartamento,38.0,ASA NORTE,BRASILIA,350000.0,9210.0,1.0,0.0,-15.743,-47.8983,2025-09-21,1
1256210,6067343,1177300,,Venda,Apartamento,85.0,ASA NORTE,BRASILIA,1125000.0,13302.0,0.0,1.0,-15.7574,-47.89,2025-09-21,0
1256236,6067369,1182694,,Venda,Apartamento,176.0,ASA NORTE,BRASILIA,2590000.0,14715.0,0.0,2.0,-15.7572,-47.8879,2025-09-21,5
1256259,6067392,23-1,,Venda,Apartamento,125.0,ASA NORTE,BRASILIA,1290000.0,10320.0,0.0,0.0,-15.7726,-47.8836,2025-09-21,3
1256274,6067407,1183938,,Venda,Apartamento,260.0,ASA NORTE,BRASILIA,4300000.0,16538.0,0.0,3.0,-15.7456,-47.8866,2025-09-21,2
1256276,6067409,AP0711,,Venda,Apartamento,95.0,ASA NORTE,BRASILIA,990000.0,10421.0,0.0,0.0,-15.7519,-47.8821,2025-09-21,3
1256280,6067413,10809,,Venda,Apartamento,132.0,ASA NORTE,BRASILIA,1850000.0,14015.0,0.0,1.0,-15.776,-47.886,2025-09-21,4
1256361,6067493,1116,,Venda,Apartamento,61.0,ASA NORTE,BRASILIA,739000.0,12114.0,0.0,0.0,-15.74,-47.8968,2025-09-21,8
1256381,6067514,SQN208vistalivre,,Venda,Apartamento,124.0,ASA NORTE,BRASILIA,1830000.0,14758.0,0.0,2.0,-15.7613,-47.8829,2025-09-21,5
1256456,6067588,28000,,Venda,Apartamento,115.0,ASA NORTE,BRASILIA,999000.0,8686.0,0.0,0.0,-15.7542,-47.8952,2025-09-21,1
1256462,6067594,TH29611,,Venda,Apartamento,160.0,ASA NORTE,BRASILIA,2400000.0,15000.0,4.0,2.0,-15.7456,-47.8946,2025-09-21,5
1256508,6067641,10989,,Venda,Apartamento,94.0,ASA NORTE,BRASILIA,1300000.0,13829.0,0.0,1.0,-15.7794,-47.8787,2025-09-21,4
1256543,6067677,880341045-74,,Venda,Apartamento,77.0,ASA NORTE,BRASILIA,899000.0,11675.0,0.0,0.0,-15.7358,-47.8882,2025-09-21,8
1256549,6067683,1164132y,,Venda,Apartamento,135.0,ASA NORTE,BRASILIA,1690000.0,12546.0,0.0,1.0,-15.7541,-47.8889,2025-09-21,0
1256600,6067734,1096174,,Venda,Apartamento,78.0,ASA NORTE,BRASILIA,915000.0,11730.0,3.0,0.0,-15.7712,-47.8757,2025-09-21,8
1256650,6067783,905320,,Venda,Apartamento,110.0,ASA NORTE,BRASILIA,1470000.0,13363.0,0.0,2.0,-15.7549,-47.8916,2025-09-21,0
1256728,6067861,1109563,,Venda,Apartamento,168.0,ASA NORTE,BRASILIA,2195000.0,13088.0,0.0,1.0,-15.7409,-47.8938,2025-09-21,0
1256778,6067911,FJJ0533,,Venda,Apartamento,100.0,ASA NORTE,BRASILIA,980000.0,9800.0,0.0,0.0,-15.7523,-47.8937,2025-09-21,1
1256781,6067914,1228166,,Venda,Apartamento,115.0,ASA NORTE,BRASILIA,1690000.0,14695.0,3.0,1.0,-15.7757,-47.8831,2025-09-21,5
1256801,6067934,945976,,Venda,Apartamento,240.0,ASA NORTE,BRASILIA,2350000.0,9791.0,4.0,2.0,-15.7529,-47.8847,2025-09-21,1
1256809,6067942,1207922,,Venda,Apartamento,112.0,ASA NORTE,BRASILIA,1780000.0,15892.0,0.0,1.0,-15.7572,-47.8879,2025-09-21,2
1256822,6067955,1177299,,Venda,Apartamento,35.0,ASA NORTE,BRASILIA,375000.0,10806.0,0.0,0.0,-15.7477,-47.9014,2025-09-21,3
1256826,6067959,AP2496,,Venda,Apartamento,25.0,ASA NORTE,BRASILIA,360000.0,14400.0,0.0,1.0,-15.7327,-47.8973,2025-09-21,4
1256859,6067992,10959,,Venda,Apartamento,154.0,ASA NORTE,BRASILIA,1800000.0,11688.0,0.0,1.0,-15.7698,-47.8838,2025-09-21,8
1256880,6068013,1199916,,Venda,Apartamento,134.0,ASA NORTE,BRASILIA,1580000.0,11791.0,0.0,1.0,-15.776,-47.886,2025-09-21,8
1256911,6068044,957056,,Venda,Apartamento,55.0,ASA NORTE,BRASILIA,720000.0,13090.0,0.0,0.0,-15.7403,-47.9001,2025-09-21,0
1256963,6068096,CO9739,,Venda,Apartamento,132.0,ASA NORTE,BRASILIA,1690000.0,12823.0,3.0,0.0,-15.7498,-47.8893,2025-09-21,0
1256992,6068126,TH29616,,Venda,Apartamento,47.0,ASA NORTE,BRASILIA,349000.0,7425.0,2.0,0.0,-15.7578,-47.8945,2025-09-21,6
1256994,6068128,CO9773,,Venda,Apartamento,84.0,ASA NORTE,BRASILIA,1180000.0,14087.0,2.0,1.0,-15.7431,-47.8879,2025-09-21,4
1257003,6068137,CO9624,,Venda,Apartamento,78.0,ASA NORTE,BRASILIA,810000.0,10384.0,3.0,0.0,-15.7741,-47.8757,2025-09-21,3
1257012,6068146,1054704,,Venda,Apartamento,137.0,ASA NORTE,BRASILIA,1630000.0,11897.0,0.0,1.0,-15.7518,-47.8891,2025-09-21,8
1257014,6068148,UB1586,,Venda,Apartamento,168.0,ASA NORTE,BRASILIA,2550000.0,15178.0,0.0,2.0,-15.7602,-47.886,2025-09-21,5
1257018,6068152,1100895,,Venda,Apartamento,168.0,ASA NORTE,BRASILIA,2195000.0,13088.0,0.0,1.0,-15.7409,-47.8938,2025-09-21,0
1257020,6068154,1199913,,Venda,Apartamento,125.0,ASA NORTE,BRASILIA,1600000.0,12800.0,0.0,0.0,-15.7732,-47.8826,2025-09-21,0
1257044,6068179,GM5448,,Venda,Apartamento,127.0,ASA NORTE,BRASILIA,1669000.0,13141.0,3.0,1.0,-15.7456,-47.8946,2025-09-21,0
1257093,6068259,896731,,Venda,Apartamento,143.0,ASA NORTE,BRASILIA,1890000.0,13216.0,4.0,1.0,-15.7456,-47.8866,2025-09-21,0
1257112,6068246,TH30120,,Venda,Apartamento,80.0,ASA NORTE,BRASILIA,780000.0,9750.0,3.0,0.0,-15.7741,-47.8757,2025-09-21,1
1257118,6068252,64619,,Venda,Apartamento,240.0,ASA NORTE,BRASILIA,2350000.0,9791.0,0.0,2.0,-15.7521,-47.8848,2025-09-21,1
1257126,6068261,880321122-1,,Venda,Apartamento,178.0,ASA NORTE,BRASILIA,2230000.0,12528.0,2.0,0.0,-15.7498,-47.8867,2025-09-21,0
1257127,6068262,1188297,,Venda,Apartamento,45.0,ASA NORTE,BRASILIA,610000.0,13555.0,1.0,0.0,-15.7378,-47.8962,2025-09-21,4
1257135,6068270,IMB1108,,Venda,Apartamento,35.0,ASA NORTE,BRASILIA,268000.0,7635.0,0.0,0.0,-15.7578,-47.8945,2025-09-21,6
1257138,6068273,1040268,,Venda,Apartamento,108.0,ASA NORTE,BRASILIA,1100000.0,10185.0,0.0,0.0,-15.7616,-47.8945,2025-09-21,3
1257148,6068283,AP0754,,Venda,Apartamento,124.0,ASA NORTE,BRASILIA,1580000.0,12741.0,0.0,1.0,-15.7633,-47.8858,2025-09-21,0
1257149,6068284,6440,,Venda,Apartamento,129.0,ASA NORTE,BRASILIA,1380000.0,10697.0,0.0,1.0,-15.7405,-47.8887,2025-09-21,3
1257182,6068316,10901,,Venda,Apartamento,134.0,ASA NORTE,BRASILIA,1580000.0,11791.0,0.0,1.0,-15.776,-47.886,2025-09-21,8
1257197,6068331,10012,,Venda,Apartamento,79.0,ASA NORTE,BRASILIA,825000.0,10443.0,3.0,0.0,-15.7782,-47.8758,2025-09-21,3
1257223,6068358,1097095,,Venda,Apartamento,41.0,ASA NORTE,BRASILIA,519000.0,12658.0,2.0,0.0,-15.7512,-47.8967,2025-09-21,0
1257247,6068382,10631,,Venda,Apartamento,162.0,ASA NORTE,BRASILIA,1850000.0,11419.0,5.0,1.0,-15.7495,-47.8858,2025-09-21,8
1257265,6068400,1217651,,Venda,Apartamento,127.0,ASA NORTE,BRASILIA,1670000.0,13149.0,3.0,1.0,-15.7461,-47.8947,2025-09-21,0
1257359,6068495,1110913,,Venda,Apartamento,58.0,ASA NORTE,BRASILIA,690000.0,11981.0,0.0,0.0,-15.7701,-47.887,2025-09-21,8
1257399,6068535,1108080,,Venda,Apartamento,40.0,ASA NORTE,BRASILIA,400000.0,10000.0,0.0,1.0,-15.7477,-47.9014,2025-09-21,3
1257419,6068555,1034043,,Venda,Apartamento,130.0,ASA NORTE,BRASILIA,1380000.0,10615.0,0.0,1.0,-15.7405,-47.8887,2025-09-21,3
1257424,6068560,1096537,,Venda,Apartamento,95.0,ASA NORTE,BRASILIA,1245000.0,13105.0,3.0,1.0,-15.7794,-47.8787,2025-09-21,0
1257435,6068571,IMB191,,Venda,Apartamento,124.0,ASA NORTE,BRASILIA,1480000.0,11961.0,0.0,1.0,-15.758,-47.8906,2025-09-21,8
1257441,6068577,BE304MS,,Venda,Apartamento,127.0,ASA NORTE,BRASILIA,1430000.0,11259.0,4.0,2.0,-15.7768,-47.8886,2025-09-21,8
1257542,6068676,AP2404V,,Venda,Apartamento,95.0,ASA NORTE,BRASILIA,1589990.0,16736.0,0.0,1.0,-15.7794,-47.8787,2025-09-21,2
1257585,6068719,1167449,,Venda,Apartamento,143.0,ASA NORTE,BRASILIA,2120000.0,14825.0,0.0,1.0,-15.7464,-47.8881,2025-09-21,5
1257620,6068754,28277,,Venda,Apartamento,100.0,ASA NORTE,BRASILIA,1599000.0,15990.0,0.0,1.0,-15.7796,-47.8787,2025-09-21,2
1257624,6068758,03772,,Venda,Apartamento,79.0,ASA NORTE,BRASILIA,780000.0,9904.0,0.0,0.0,-15.7743,-47.8773,2025-09-21,1
1257652,6068786,1133324,,Venda,Apartamento,108.0,ASA NORTE,BRASILIA,1200000.0,11111.0,0.0,0.0,-15.7533,-47.8966,2025-09-21,3
1257659,6068793,1177797,,Venda,Apartamento,74.0,ASA NORTE,BRASILIA,1070000.0,14498.0,0.0,1.0,-15.7607,-47.8905,2025-09-21,4
1257663,6068797,1010461,,Venda,Apartamento,202.0,ASA NORTE,BRASILIA,2180000.0,10792.0,0.0,2.0,-15.7529,-47.8847,2025-09-21,3
1257682,6068816,1200680,,Venda,Apartamento,172.0,ASA NORTE,BRASILIA,2420000.0,14069.0,4.0,2.0,-15.758,-47.8906,2025-09-21,4
1257712,6068846,AR310,,Venda,Apartamento,270.0,ASA NORTE,BRASILIA,3100000.0,11481.0,0.0,3.0,-15.758,-47.8906,2025-09-21,8
1257723,6068857,874106,,Venda,Apartamento,129.0,ASA NORTE,BRASILIA,2270000.0,17596.0,3.0,2.0,-15.7449,-47.8923,2025-09-21,7
1257735,6068869,1121327,,Venda,Apartamento,122.0,ASA NORTE,BRASILIA,1840000.0,15081.0,0.0,1.0,-15.7681,-47.8875,2025-09-21,5
1257749,6068883,1195594,,Venda,Apartamento,105.0,ASA NORTE,BRASILIA,1500000.0,14285.0,3.0,1.0,-15.7521,-47.8848,2025-09-21,4
1257754,6068888,1206368,,Venda,Apartamento,31.0,ASA NORTE,BRASILIA,389000.0,12712.0,0.0,0.0,-15.7522,-47.8893,2025-09-21,0
1257756,6068890,1122101,,Venda,Apartamento,108.0,ASA NORTE,BRASILIA,1199000.0,11101.0,0.0,0.0,-15.7523,-47.8961,2025-09-21,3
1257769,6068903,1218790,,Venda,Apartamento,202.0,ASA NORTE,BRASILIA,2180000.0,10792.0,0.0,2.0,-15.7529,-47.8847,2025-09-21,3
1257779,6068913,FAP028,,Venda,Apartamento,90.0,ASA NORTE,BRASILIA,774900.0,8610.0,0.0,0.0,-15.7782,-47.8758,2025-09-21,1
1257804,6068938,1204167,,Venda,Apartamento,89.0,ASA NORTE,BRASILIA,850000.0,9550.0,0.0,0.0,-15.7682,-47.8772,2025-09-21,1
1257853,6068986,602164,,Venda,Apartamento,48.0,ASA NORTE,BRASILIA,500000.0,10416.0,0.0,0.0,-15.7909,-47.8853,2025-09-21,3
1257856,6068989,CO9583,,Venda,Apartamento,45.0,ASA NORTE,BRASILIA,619000.0,13755.0,2.0,0.0,-15.7555,-47.881,2025-09-21,4
1257862,6068995,1212668,,Venda,Apartamento,140.0,ASA NORTE,BRASILIA,1700000.0,12142.0,0.0,1.0,-15.7585,-47.8836,2025-09-21,8
1257892,6069025,934917,,Venda,Apartamento,181.0,ASA NORTE,BRASILIA,1950000.0,10773.0,0.0,1.0,-15.7695,-47.8833,2025-09-21,3
1258018,6069151,VDSB2N,,Venda,Apartamento,40.0,ASA NORTE,BRASILIA,390000.0,9750.0,0.0,1.0,-15.7477,-47.9014,2025-09-21,1
1258054,6069187,1169314,,Venda,Apartamento,159.0,ASA NORTE,BRASILIA,2410000.0,15157.0,0.0,2.0,-15.7456,-47.8946,2025-09-21,5
1258101,6069234,FKS1607,,Venda,Apartamento,140.0,ASA NORTE,BRASILIA,1700000.0,12168.0,0.0,1.0,-15.7588,-47.8842,2025-09-21,8
1258133,6069266,AP00021,,Venda,Apartamento,93.0,ASA NORTE,BRASILIA,855000.0,9193.0,0.0,0.0,-15.7544,-47.8822,2025-09-21,1
1258217,6069350,687123,,Venda,Apartamento,102.0,ASA NORTE,BRASILIA,850000.0,8292.0,0.0,0.0,-15.7497,-47.8979,2025-09-21,6
1258238,6069371,1212651,,Venda,Apartamento,29.0,ASA NORTE,BRASILIA,405000.0,13965.0,1.0,1.0,-15.7639,-47.8933,2025-09-21,4
1258247,6069380,FEC0318,,Venda,Apartamento,120.0,ASA NORTE,BRASILIA,1570000.0,13083.0,0.0,1.0,-15.7436,-47.8965,2025-09-21,0
1258277,6069410,CO9707,,Venda,Apartamento,78.0,ASA NORTE,BRASILIA,780000.0,10000.0,3.0,0.0,-15.7741,-47.8757,2025-09-21,3
1258285,6069418,719887,,Venda,Apartamento,89.0,ASA NORTE,BRASILIA,1070000.0,12022.0,0.0,1.0,-15.7588,-47.8842,2025-09-21,8
1258291,6069424,1143048,,Venda,Apartamento,93.0,ASA NORTE,BRASILIA,920000.0,9892.0,0.0,0.0,-15.7545,-47.8808,2025-09-21,1
1258292,6069425,1124044,,Venda,Apartamento,132.0,ASA NORTE,BRASILIA,1950000.0,14772.0,3.0,2.0,-15.7763,-47.8872,2025-09-21,5
1258299,6069432,1171617,,Venda,Apartamento,79.0,ASA NORTE,BRASILIA,520000.0,6582.0,0.0,0.0,-15.7749,-47.89,2025-09-21,6
1258316,6069449,AM465,,Venda,Apartamento,135.0,ASA NORTE,BRASILIA,1890000.0,14000.0,3.0,1.0,-15.7534,-47.8891,2025-09-21,4
1258322,6069455,1167432,,Venda,Apartamento,48.0,ASA NORTE,BRASILIA,325000.0,6770.0,1.0,0.0,-15.7452,-47.8988,2025-09-21,6
1258355,6069487,1127883,,Venda,Apartamento,29.0,ASA NORTE,BRASILIA,389000.0,13413.0,0.0,0.0,-15.7575,-47.8837,2025-09-21,0
1258421,6069553,1202614,,Venda,Apartamento,39.0,ASA NORTE,BRASILIA,379000.0,9653.0,0.0,0.0,-15.7454,-47.8985,2025-09-21,1
1258552,6069684,BE205MV,,Venda,Apartamento,300.0,ASA NORTE,BRASILIA,3199000.0,10663.0,0.0,1.0,-15.7533,-47.8841,2025-09-21,3
1258568,6069700,TH33008,,Venda,Apartamento,102.0,ASA NORTE,BRASILIA,1690000.0,16568.0,3.0,2.0,-15.7731,-47.8864,2025-09-21,2
1258571,6069703,UB1587,,Venda,Apartamento,167.0,ASA NORTE,BRASILIA,2099000.0,12568.0,0.0,1.0,-15.7411,-47.893,2025-09-21,0
1258597,6069729,AP2616,,Venda,Apartamento,31.0,ASA NORTE,BRASILIA,375000.0,12096.0,0.0,0.0,-15.7909,-47.8853,2025-09-21,8
1258613,6069745,944436,,Venda,Apartamento,151.0,ASA NORTE,BRASILIA,2100000.0,13907.0,0.0,1.0,-15.7554,-47.8909,2025-09-21,4
1258690,6069822,FKS2201,,Venda,Apartamento,95.0,ASA NORTE,BRASILIA,819000.0,8621.0,0.0,0.0,-15.7581,-47.8801,2025-09-21,1
1258705,6069837,1151133,,Venda,Apartamento,116.0,ASA NORTE,BRASILIA,1100000.0,9482.0,3.0,0.0,-15.7601,-47.8943,2025-09-21,1
1258707,6069839,AP0993,,Venda,Apartamento,95.0,ASA NORTE,BRASILIA,760000.0,7974.0,0.0,0.0,-15.7533,-47.8826,2025-09-21,6
1258708,6069840,BE447JP,,Venda,Apartamento,90.0,ASA NORTE,BRASILIA,765000.0,8500.0,0.0,0.0,-15.7774,-47.8768,2025-09-21,1
1258718,6069850,1195827,,Venda,Apartamento,38.0,ASA NORTE,BRASILIA,340000.0,8947.0,0.0,0.0,-15.7389,-47.9007,2025-09-21,1
1258763,6069895,501464,,Venda,Apartamento,110.0,ASA NORTE,BRASILIA,1470000.0,13363.0,0.0,2.0,-15.7551,-47.8927,2025-09-21,0
1258767,6069899,1203124,,Venda,Apartamento,128.0,ASA NORTE,BRASILIA,1550000.0,12109.0,3.0,1.0,-15.7388,-47.8977,2025-09-21,8
1258771,6069903,CO9468,,Venda,Apartamento,50.0,ASA NORTE,BRASILIA,630000.0,12600.0,1.0,0.0,-15.7555,-47.8842,2025-09-21,0
1258789,6069921,1188605,,Venda,Apartamento,376.0,ASA NORTE,BRASILIA,3572000.0,9500.0,0.0,4.0,-15.7456,-47.8946,2025-09-21,1
1258810,6069942,1173351,,Venda,Apartamento,245.0,ASA NORTE,BRASILIA,3500000.0,14285.0,0.0,4.0,-15.7572,-47.8879,2025-09-21,4
1258822,6069954,AP00025,,Venda,Apartamento,47.0,ASA NORTE,BRASILIA,730000.0,15531.0,0.0,0.0,-15.7365,-47.8902,2025-09-21,5
1258825,6069957,936573,,Venda,Apartamento,112.0,ASA NORTE,BRASILIA,1600000.0,14285.0,0.0,1.0,-15.7757,-47.8831,2025-09-21,4
1258833,6069965,1085032,,Venda,Apartamento,37.0,ASA NORTE,BRASILIA,350000.0,9459.0,0.0,0.0,-15.7393,-47.8992,2025-09-21,1
1258847,6069979,1092312,,Venda,Apartamento,110.0,ASA NORTE,BRASILIA,1690000.0,15363.0,0.0,2.0,-15.7606,-47.8867,2025-09-21,5
1258858,6069990,724085,,Venda,Apartamento,134.0,ASA NORTE,BRASILIA,1635000.0,12201.0,0.0,1.0,-15.7824,-47.8783,2025-09-21,8
1258874,6070007,TH31790,,Venda,Apartamento,127.0,ASA NORTE,BRASILIA,1450000.0,11417.0,3.0,1.0,-15.7405,-47.8887,2025-09-21,8
1258885,6070018,1223530,,Venda,Apartamento,144.0,ASA NORTE,BRASILIA,1800000.0,12500.0,3.0,1.0,-15.7718,-47.8806,2025-09-21,0
1258914,6070047,720619,,Venda,Apartamento,63.0,ASA NORTE,BRASILIA,850000.0,13492.0,2.0,0.0,-15.737,-47.891,2025-09-21,4
1258942,6070075,FEC0288,,Venda,Apartamento,127.0,ASA NORTE,BRASILIA,1500000.0,11811.0,4.0,2.0,-15.7762,-47.8893,2025-09-21,8
1258976,6070109,LFM-061-25,,Venda,Apartamento,132.0,ASA NORTE,BRASILIA,1790000.0,13560.0,3.0,1.0,-15.776,-47.886,2025-09-21,4
1259029,6070163,1195950,,Venda,Apartamento,90.0,ASA NORTE,BRASILIA,1070000.0,11888.0,0.0,1.0,-15.7588,-47.8842,2025-09-21,8
1259102,6070236,1126390,,Venda,Apartamento,139.0,ASA NORTE,BRASILIA,1550000.0,11151.0,4.0,1.0,-15.7453,-47.8943,2025-09-21,3
1259105,6070239,457111,,Venda,Apartamento,93.0,ASA NORTE,BRASILIA,1690000.0,18174.0,3.0,2.0,-15.7572,-47.8879,2025-09-21,7
1259110,6070244,1080767,,Venda,Apartamento,33.0,ASA NORTE,BRASILIA,410000.0,12424.0,1.0,0.0,-15.7389,-47.9007,2025-09-21,0
1259118,6070252,1226439,,Venda,Apartamento,71.0,ASA NORTE,BRASILIA,690000.0,9718.0,0.0,0.0,-15.751,-47.8958,2025-09-21,1
1259149,6070283,1196848,,Venda,Apartamento,260.0,ASA NORTE,BRASILIA,4300000.0,16538.0,4.0,3.0,-15.7456,-47.8866,2025-09-21,2
1259191,6070326,CO9659,,Venda,Apartamento,60.0,ASA NORTE,BRASILIA,840000.0,14000.0,2.0,1.0,-15.7383,-47.8939,2025-09-21,4
1259229,6070364,UB1616,,Venda,Apartamento,93.0,ASA NORTE,BRASILIA,1180000.0,12755.0,0.0,1.0,-15.737,-47.891,2025-09-21,0
1259230,6070365,FEC0173,,Venda,Apartamento,209.0,ASA NORTE,BRASILIA,3199000.0,15306.0,0.0,1.0,-15.7533,-47.8841,2025-09-21,5
1259289,6070424,1151448,,Venda,Apartamento,132.0,ASA NORTE,BRASILIA,1850000.0,14015.0,0.0,1.0,-15.776,-47.886,2025-09-21,4
1259324,6070459,PD3396,,Venda,Apartamento,125.0,ASA NORTE,BRASILIA,1600000.0,12800.0,3.0,1.0,-15.7412,-47.8896,2025-09-21,0
1259334,6070469,1114198,,Venda,Apartamento,28.0,ASA NORTE,BRASILIA,365000.0,13035.0,0.0,0.0,-15.7453,-47.8871,2025-09-21,0
1259363,6070498,384,,Venda,Apartamento,245.0,ASA NORTE,BRASILIA,3500000.0,14285.0,4.0,2.0,-15.7569,-47.8874,2025-09-21,4
1259409,6070545,1229821,,Venda,Apartamento,48.0,ASA NORTE,BRASILIA,360000.0,7515.0,0.0,0.0,-15.7516,-47.8965,2025-09-21,6
1259455,6070591,1196523,,Venda,Apartamento,79.0,ASA NORTE,BRASILIA,1200000.0,15189.0,2.0,1.0,-15.7797,-47.8858,2025-09-21,5
1259458,6070594,936583,,Venda,Apartamento,112.0,ASA NORTE,BRASILIA,1600000.0,14285.0,0.0,1.0,-15.7757,-47.8831,2025-09-21,4
1259466,6070602,1188637,,Venda,Apartamento,90.0,ASA NORTE,BRASILIA,1300000.0,14444.0,0.0,2.0,-15.7898,-47.8899,2025-09-21,4
1259471,6070607,UB1498,,Venda,Apartamento,132.0,ASA NORTE,BRASILIA,1850000.0,14015.0,0.0,1.0,-15.7763,-47.8872,2025-09-21,4
1259521,6070657,1224027,,Venda,Apartamento,77.0,ASA NORTE,BRASILIA,750000.0,9775.0,0.0,0.0,-15.7367,-47.887,2025-09-21,1
1259659,6070797,1043087,,Venda,Apartamento,60.0,ASA NORTE,BRASILIA,660000.0,11000.0,2.0,0.0,-15.7819,-47.8752,2025-09-21,3
1259673,6070811,1226917,,Venda,Apartamento,60.0,ASA NORTE,BRASILIA,795000.0,13170.0,0.0,1.0,-15.7564,-47.8839,2025-09-21,0
1259704,6070842,1184009,,Venda,Apartamento,172.0,ASA NORTE,BRASILIA,1750000.0,10174.0,3.0,1.0,-15.7466,-47.8923,2025-09-21,3
1259707,6070845,SQN406-Gabriel,,Venda,Apartamento,79.0,ASA NORTE,BRASILIA,790000.0,10031.0,3.0,0.0,-15.7688,-47.8762,2025-09-21,3
1259773,6070911,BIARRITZ,,Venda,Apartamento,44.0,ASA NORTE,BRASILIA,649000.0,14750.0,0.0,1.0,53.912,38.557,2025-09-21,5
1259806,6070944,721V-DFI,,Venda,Apartamento,124.0,ASA NORTE,BRASILIA,1499000.0,12136.0,0.0,1.0,-15.7558,-47.8926,2025-09-21,8
1259811,6070949,1022895,,Venda,Apartamento,181.0,ASA NORTE,BRASILIA,1950000.0,10766.0,0.0,1.0,-15.7695,-47.8833,2025-09-21,3
1259841,6070979,FIS00402,,Venda,Apartamento,75.0,ASA NORTE,BRASILIA,720000.0,9600.0,2.0,1.0,-15.7391,-47.9013,2025-09-21,1
1259871,6071009,1140889,,Venda,Apartamento,65.0,ASA NORTE,BRASILIA,850000.0,12987.0,1.0,0.0,-15.7898,-47.8899,2025-09-21,0
1259910,6071048,1098532,,Venda,Apartamento,78.0,ASA NORTE,BRASILIA,780000.0,10000.0,0.0,0.0,-15.7743,-47.8773,2025-09-21,3
1259917,6071055,1217048,,Venda,Apartamento,94.0,ASA NORTE,BRASILIA,1200000.0,12774.0,0.0,1.0,-15.7781,-47.8787,2025-09-21,0
1259947,6071086,1230417,,Venda,Apartamento,119.0,ASA NORTE,BRASILIA,1550000.0,13025.0,0.0,1.0,-15.7495,-47.893,2025-09-21,0
1259957,6071096,1138810,,Venda,Apartamento,96.0,ASA NORTE,BRASILIA,880000.0,9214.0,0.0,0.0,-15.7518,-47.8927,2025-09-21,1
1259961,6071100,1221151,,Venda,Apartamento,120.0,ASA NORTE,BRASILIA,1380000.0,11500.0,0.0,1.0,-15.7404,-47.8883,2025-09-21,8
1259965,6071104,936579,,Venda,Apartamento,112.0,ASA NORTE,BRASILIA,1600000.0,14285.0,0.0,1.0,-15.7757,-47.8831,2025-09-21,4
1260002,6071141,1085711,,Venda,Apartamento,132.0,ASA NORTE,BRASILIA,1850000.0,14015.0,0.0,1.0,-15.776,-47.886,2025-09-21,4
1260008,6071147,CO0015V,,Venda,Apartamento,197.0,ASA NORTE,BRASILIA,1990000.0,10101.0,2.0,2.0,-15.7529,-47.8847,2025-09-21,3
1260022,6071161,1212641,,Venda,Apartamento,123.0,ASA NORTE,BRASILIA,1580000.0,12845.0,4.0,2.0,-15.7608,-47.8885,2025-09-21,0
1260104,6071243,AP0897,,Venda,Apartamento,210.0,ASA NORTE,BRASILIA,2750000.0,13095.0,0.0,0.0,-15.7529,-47.8847,2025-09-21,0
1260130,6071269,1185610,,Venda,Apartamento,221.0,ASA NORTE,BRASILIA,3900000.0,17647.0,0.0,2.0,-15.7456,-47.8866,2025-09-21,7
1260140,6071279,811721,,Venda,Apartamento,246.0,ASA NORTE,BRASILIA,3000000.0,12195.0,0.0,2.0,-15.7665,-47.8849,2025-09-21,8
1260154,6071293,1206300,,Venda,Apartamento,50.0,ASA NORTE,BRASILIA,540000.0,10800.0,2.0,0.0,-15.7712,-47.8904,2025-09-21,3
1260186,6071325,1104121,,Venda,Apartamento,50.0,ASA NORTE,BRASILIA,620000.0,12400.0,0.0,0.0,-15.7403,-47.9001,2025-09-21,0
1260192,6071331,1193065,,Venda,Apartamento,260.0,ASA NORTE,BRASILIA,4300000.0,16538.0,3.0,3.0,-15.7456,-47.8866,2025-09-21,2
1260212,6071350,1164151,,Venda,Apartamento,141.0,ASA NORTE,BRASILIA,1400000.0,9954.0,0.0,0.0,-15.7509,-47.8888,2025-09-21,3
1260244,6071382,850480,,Venda,Apartamento,115.0,ASA NORTE,BRASILIA,1300000.0,11304.0,0.0,1.0,-15.7488,-47.8936,2025-09-21,8
1260264,6071402,03287v,,Venda,Apartamento,83.0,ASA NORTE,BRASILIA,1200000.0,14482.0,0.0,1.0,-15.7793,-47.8867,2025-09-21,4
1260284,6071422,1154868,,Venda,Apartamento,79.0,ASA NORTE,BRASILIA,720000.0,9113.0,0.0,1.0,-15.7724,-47.8771,2025-09-21,1
1260309,6071447,1055938,,Venda,Apartamento,98.0,ASA NORTE,BRASILIA,1350000.0,13775.0,0.0,1.0,-15.7547,-47.8894,2025-09-21,4
1260316,6071454,1218171,,Venda,Apartamento,76.0,ASA NORTE,BRASILIA,1165000.0,15328.0,0.0,1.0,-15.7665,-47.8849,2025-09-21,5
1260318,6071456,1-3947324,,Venda,Apartamento,192.0,ASA NORTE,BRASILIA,1900000.0,9895.0,0.0,2.0,-15.754,-47.8878,2025-09-21,1
1260326,6071464,VDC5N,,Venda,Apartamento,120.0,ASA NORTE,BRASILIA,1400000.0,11666.0,0.0,1.0,-15.7405,-47.8887,2025-09-21,8
1260329,6071467,741,,Venda,Apartamento,108.0,ASA NORTE,BRASILIA,1070000.0,9907.0,3.0,0.0,-15.7617,-47.8932,2025-09-21,1
1260399,6071536,1221133,,Venda,Apartamento,93.0,ASA NORTE,BRASILIA,1245000.0,13387.0,3.0,1.0,-15.7786,-47.8795,2025-09-21,0
1260407,6071544,coberturaSIL,,Venda,Apartamento,175.0,ASA NORTE,BRASILIA,2620000.0,14971.0,0.0,3.0,-15.7572,-47.8879,2025-09-21,5
1260414,6071551,CB039,,Venda,Apartamento,175.0,ASA NORTE,BRASILIA,2620000.0,14971.0,3.0,3.0,-15.7572,-47.8879,2025-09-21,5
1260467,6071606,1204799,,Venda,Apartamento,68.0,ASA NORTE,BRASILIA,900000.0,13235.0,2.0,1.0,-15.7456,-47.8946,2025-09-21,0
1260480,6071619,RB1769,,Venda,Apartamento,112.0,ASA NORTE,BRASILIA,1780000.0,15892.0,2.0,1.0,-15.7572,-47.8879,2025-09-21,2
1260513,6071652,745657,,Venda,Apartamento,122.0,ASA NORTE,BRASILIA,1660000.0,13606.0,0.0,0.0,-15.746,-47.8981,2025-09-21,4
1260520,6071659,CO8905,,Venda,Apartamento,181.0,ASA NORTE,BRASILIA,1950000.0,10766.0,0.0,1.0,-15.7698,-47.8838,2025-09-21,3
1260563,6071702,Apto,,Venda,Apartamento,120.0,ASA NORTE,BRASILIA,1595000.0,13291.0,0.0,1.0,-15.7694,-47.8807,2025-09-21,0
1260571,6071710,1190017,,Venda,Apartamento,79.0,ASA NORTE,BRASILIA,740000.0,9367.0,0.0,0.0,-15.7682,-47.8772,2025-09-21,1
1260589,6071727,1209045,,Venda,Apartamento,84.0,ASA NORTE,BRASILIA,1180000.0,14087.0,2.0,1.0,-15.7427,-47.888,2025-09-21,4
1260599,6071737,P2609,,Venda,Apartamento,247.0,ASA NORTE,BRASILIA,3000000.0,12154.0,4.0,2.0,-15.7665,-47.8849,2025-09-21,8
1260624,6071761,1172162,,Venda,Apartamento,82.0,ASA NORTE,BRASILIA,1130000.0,13865.0,2.0,0.0,-15.7454,-47.8919,2025-09-21,4
1260625,6071762,1217723,,Venda,Apartamento,100.0,ASA NORTE,BRASILIA,1599000.0,15990.0,0.0,1.0,-15.7794,-47.8787,2025-09-21,2
1260629,6071766,1208428,,Venda,Apartamento,117.0,ASA NORTE,BRASILIA,1550000.0,13247.0,0.0,1.0,-15.7572,-47.8879,2025-09-21,0
1260645,6071782,1176689,,Venda,Apartamento,105.0,ASA NORTE,BRASILIA,970000.0,9238.0,0.0,0.0,-15.765,-47.877,2025-09-21,1
1260693,6071830,1164294,,Venda,Apartamento,103.0,ASA NORTE,BRASILIA,1620000.0,15728.0,0.0,2.0,-15.7727,-47.8877,2025-09-21,5
1260722,6071858,1203710,,Venda,Apartamento,131.0,ASA NORTE,BRASILIA,2000000.0,15267.0,3.0,2.0,-15.7613,-47.8829,2025-09-21,5
1260736,6071872,1228324,,Venda,Apartamento,78.0,ASA NORTE,BRASILIA,910000.0,11666.0,0.0,1.0,-15.774,-47.8751,2025-09-21,8
1260840,6071978,TH26754,,Venda,Apartamento,56.0,ASA NORTE,BRASILIA,395000.0,7033.0,2.0,0.0,-15.7672,-47.8907,2025-09-21,6
1260966,6072103,0055V-DFI,,Venda,Apartamento,33.0,ASA NORTE,BRASILIA,280000.0,8436.0,0.0,0.0,-15.7516,-47.8965,2025-09-21,1
1260997,6072134,1197418,,Venda,Apartamento,52.0,ASA NORTE,BRASILIA,630000.0,12115.0,0.0,0.0,-15.754,-47.8807,2025-09-21,8
1261007,6072144,AP0190,,Venda,Apartamento,29.0,ASA NORTE,BRASILIA,404990.0,13965.0,0.0,1.0,-15.7639,-47.8933,2025-09-21,4
1261070,6072207,10956,,Venda,Apartamento,100.0,ASA NORTE,BRASILIA,790000.0,7900.0,0.0,0.0,-15.7782,-47.8758,2025-09-21,6
1261160,6072299,TH15781,,Venda,Apartamento,44.0,ASA NORTE,BRASILIA,260000.0,5909.0,1.0,0.0,-15.7764,-47.8889,2025-09-21,6
1261189,6072328,1167237,,Venda,Apartamento,45.0,ASA NORTE,BRASILIA,600000.0,13333.0,0.0,0.0,-15.754,-47.8807,2025-09-21,0
1261239,6072379,10587,,Venda,Apartamento,32.0,ASA NORTE,BRASILIA,320000.0,10000.0,1.0,0.0,-15.7475,-47.8969,2025-09-21,3
1261263,6072403,JCBP0064,,Venda,Apartamento,75.0,ASA NORTE,BRASILIA,827000.0,11026.0,0.0,0.0,-15.7502,-47.8839,2025-09-21,3
1261269,6072409,TH28367,,Venda,Apartamento,36.0,ASA NORTE,BRASILIA,490000.0,13517.0,2.0,0.0,-15.7456,-47.8972,2025-09-21,4
1261424,6072564,03623,,Venda,Apartamento,33.0,ASA NORTE,BRASILIA,215000.0,6554.0,2.0,0.0,-15.758,-47.8951,2025-09-21,6
1261429,6072569,971137,,Venda,Apartamento,27.0,ASA NORTE,BRASILIA,380000.0,14074.0,1.0,1.0,53.912,38.557,2025-09-21,4
1261479,6072619,04082025,,Venda,Apartamento,68.0,ASA NORTE,BRASILIA,900000.0,13262.0,2.0,1.0,-15.7456,-47.8946,2025-09-21,0
1261516,6072655,TH27864,,Venda,Apartamento,42.0,ASA NORTE,BRASILIA,380000.0,9147.0,2.0,0.0,-15.7426,-47.8986,2025-09-21,1
1261533,6072672,AP2475,,Venda,Apartamento,69.0,ASA NORTE,BRASILIA,789000.0,11434.0,0.0,0.0,-15.737,-47.891,2025-09-21,8
1261629,6072769,SQN402VD,,Venda,Apartamento,50.0,ASA NORTE,BRASILIA,565000.0,11300.0,0.0,0.0,-15.7821,-47.8755,2025-09-21,8
1261638,6072778,AP2338,,Venda,Apartamento,29.0,ASA NORTE,BRASILIA,370000.0,12758.0,0.0,0.0,-15.7886,-47.8893,2025-09-21,0
1261656,6072796,1202681,,Venda,Apartamento,42.0,ASA NORTE,BRASILIA,430000.0,10277.0,0.0,0.0,-15.7403,-47.8935,2025-09-21,3
1261663,6072803,dam45875448,,Venda,Apartamento,55.0,ASA NORTE,BRASILIA,499000.0,9072.0,0.0,0.0,-15.7454,-47.8997,2025-09-21,1
1261824,6072963,1031956,,Venda,Apartamento,36.0,ASA NORTE,BRASILIA,270000.0,7500.0,2.0,0.0,-15.7634,-47.8919,2025-09-21,6
1261864,6073002,VILLA152050V01,,Venda,Apartamento,74.0,ASA NORTE,BRASILIA,1070000.0,14459.0,0.0,1.0,-15.7607,-47.8905,2025-09-21,4
1261905,6073042,1137603,,Venda,Apartamento,40.0,ASA NORTE,BRASILIA,270000.0,6750.0,1.0,0.0,-15.7612,-47.8927,2025-09-21,6
1261937,6073074,935649,,Venda,Apartamento,108.0,ASA NORTE,BRASILIA,1080000.0,10000.0,0.0,0.0,-15.746,-47.8981,2025-09-21,3
1261950,6073088,TH26698,,Venda,Apartamento,30.0,ASA NORTE,BRASILIA,530000.0,17666.0,1.0,1.0,-15.7448,-47.9013,2025-09-21,7
1261951,6073089,1151453,,Venda,Apartamento,45.0,ASA NORTE,BRASILIA,629000.0,13977.0,2.0,0.0,-15.7555,-47.881,2025-09-21,4
1262003,6073142,1017791,,Venda,Apartamento,50.0,ASA NORTE,BRASILIA,550000.0,11000.0,2.0,0.0,-15.7671,-47.8916,2025-09-21,3
1262016,6073156,767574,,Venda,Apartamento,90.0,ASA NORTE,BRASILIA,620000.0,6888.0,0.0,0.0,-15.7749,-47.889,2025-09-21,6
1262029,6073169,416RW,,Venda,Apartamento,61.0,ASA NORTE,BRASILIA,750000.0,12211.0,0.0,0.0,-15.7367,-47.887,2025-09-21,8
1262108,6073248,1042865,,Venda,Apartamento,68.0,ASA NORTE,BRASILIA,750000.0,11029.0,0.0,0.0,-15.7514,-47.8828,2025-09-21,3
1262145,6073285,1207359,,Venda,Apartamento,84.0,ASA NORTE,BRASILIA,825000.0,9821.0,0.0,1.0,-15.7526,-47.8918,2025-09-21,1
1262176,6073316,11053,,Venda,Apartamento,86.0,ASA NORTE,BRASILIA,989000.0,11500.0,0.0,0.0,-15.7634,-47.8919,2025-09-21,8
1262212,6073352,1172598,,Venda,Apartamento,55.0,ASA NORTE,BRASILIA,590000.0,10727.0,2.0,0.0,-15.7682,-47.8919,2025-09-21,3
1262277,6073419,1055753,,Venda,Apartamento,90.0,ASA NORTE,BRASILIA,1300000.0,14520.0,0.0,2.0,-15.7898,-47.8899,2025-09-21,4
1262332,6073473,30868,,Venda,Apartamento,83.0,ASA NORTE,BRASILIA,1185000.0,14277.0,0.0,1.0,-15.7505,-47.8872,2025-09-21,4
1262362,6073503,1109047,,Venda,Apartamento,37.0,ASA NORTE,BRASILIA,345000.0,9339.0,1.0,0.0,-15.758,-47.8951,2025-09-21,1
1262391,6073532,1097,,Venda,Apartamento,78.0,ASA NORTE,BRASILIA,920000.0,11794.0,3.0,0.0,-15.7741,-47.8757,2025-09-21,8
1262399,6073540,JCJ0035,,Venda,Apartamento,33.0,ASA NORTE,BRASILIA,250000.0,7575.0,0.0,0.0,-15.7391,-47.9013,2025-09-21,6
1262510,6073650,1173068,,Venda,Apartamento,80.0,ASA NORTE,BRASILIA,450000.0,5625.0,3.0,0.0,-15.7768,-47.8886,2025-09-21,6
1262656,6073795,850740,,Venda,Apartamento,132.0,ASA NORTE,BRASILIA,1800000.0,13636.0,4.0,1.0,-15.7817,-47.8784,2025-09-21,4
1262665,6073804,1157345,,Venda,Apartamento,68.0,ASA NORTE,BRASILIA,720000.0,10588.0,0.0,0.0,-15.7733,-47.89,2025-09-21,3
1262696,6073836,1203748,,Venda,Apartamento,93.0,ASA NORTE,BRASILIA,1200000.0,12971.0,0.0,1.0,-15.737,-47.891,2025-09-21,0
1262719,6073859,1034028,,Venda,Apartamento,299.0,ASA NORTE,BRASILIA,3199000.0,10699.0,0.0,3.0,-15.7529,-47.8847,2025-09-21,3
1262859,6074000,232323,,Venda,Apartamento,222.0,ASA NORTE,BRASILIA,3200000.0,14438.0,0.0,2.0,-15.7462,-47.8871,2025-09-21,4
1262872,6074013,AP0118,,Venda,Apartamento,46.0,ASA NORTE,BRASILIA,519000.0,11282.0,0.0,0.0,-15.7518,-47.8973,2025-09-21,8
1262943,6074084,28870,,Venda,Apartamento,90.0,ASA NORTE,BRASILIA,789000.0,8766.0,0.0,0.0,-15.7774,-47.8768,2025-09-21,1
1263102,6074242,1004103,,Venda,Apartamento,122.0,ASA NORTE,BRASILIA,1360000.0,11103.0,0.0,2.0,-15.7637,-47.8898,2025-09-21,3
1263151,6074291,1130887,,Venda,Apartamento,144.0,ASA NORTE,BRASILIA,1895000.0,13159.0,0.0,2.0,-15.7431,-47.8879,2025-09-21,0
1263260,6074400,1108247,,Venda,Apartamento,49.0,ASA NORTE,BRASILIA,450000.0,9261.0,0.0,0.0,-15.7392,-47.9025,2025-09-21,1
1263290,6074430,1219820,,Venda,Apartamento,28.0,ASA NORTE,BRASILIA,380000.0,13571.0,0.0,1.0,-15.736,-47.9053,2025-09-21,4
1263302,6074442,LM090,,Venda,Apartamento,100.0,ASA NORTE,BRASILIA,1150000.0,11500.0,0.0,1.0,-15.7383,-47.8939,2025-09-21,8
1263321,6074461,1197954,,Venda,Apartamento,181.0,ASA NORTE,BRASILIA,2480000.0,13693.0,4.0,1.0,-15.7695,-47.8833,2025-09-21,4
1263333,6074473,1088804,,Venda,Apartamento,49.0,ASA NORTE,BRASILIA,580000.0,11836.0,2.0,0.0,-15.7682,-47.8919,2025-09-21,8
1263370,6074509,10586,,Venda,Apartamento,67.0,ASA NORTE,BRASILIA,950000.0,14179.0,0.0,0.0,-15.7442,-47.899,2025-09-21,4
1263372,6074511,1162436,,Venda,Apartamento,85.0,ASA NORTE,BRASILIA,840000.0,9882.0,4.0,0.0,-15.7545,-47.8808,2025-09-21,1
1263383,6074522,CO0013,,Venda,Apartamento,260.0,ASA NORTE,BRASILIA,4300000.0,16538.0,0.0,3.0,-15.7464,-47.886,2025-09-21,2
1263390,6074529,880261024-63,,Venda,Apartamento,95.0,ASA NORTE,BRASILIA,1150000.0,12053.0,3.0,1.0,-15.7378,-47.8942,2025-09-21,8
1263420,6074559,ANL408,,Venda,Apartamento,100.0,ASA NORTE,BRASILIA,1220000.0,12200.0,0.0,0.0,-15.7614,-47.8786,2025-09-21,8
1263469,6074608,611,,Venda,Apartamento,209.0,ASA NORTE,BRASILIA,3099000.0,14827.0,0.0,1.0,-15.7529,-47.8847,2025-09-21,5
1263507,6074646,1125629,,Venda,Apartamento,95.0,ASA NORTE,BRASILIA,1260000.0,13211.0,0.0,1.0,-15.7588,-47.8842,2025-09-21,0
1263652,6074792,1155034,,Venda,Apartamento,127.0,ASA NORTE,BRASILIA,1700000.0,13385.0,3.0,1.0,-15.7377,-47.8934,2025-09-21,0
1263689,6074828,AP00418,,Venda,Apartamento,30.0,ASA NORTE,BRASILIA,550000.0,18333.0,1.0,1.0,53.912,38.557,2025-09-21,7
1263758,6074898,VILLA148184V01,,Venda,Apartamento,519.0,ASA NORTE,BRASILIA,6500000.0,12524.0,4.0,3.0,-15.7612,-47.8896,2025-09-21,0
1263832,6074971,OV218,,Venda,Apartamento,93.0,ASA NORTE,BRASILIA,945000.0,10215.0,3.0,1.0,-15.7371,-47.8912,2025-09-21,3
1263941,6075078,CO0009,,Venda,Apartamento,169.0,ASA NORTE,BRASILIA,2100000.0,12426.0,0.0,2.0,-15.7495,-47.8852,2025-09-21,0
1264045,6075184,1115701,,Venda,Apartamento,290.0,ASA NORTE,BRASILIA,3690000.0,12724.0,0.0,2.0,-15.747,-47.8883,2025-09-21,0
1264262,6075402,1132221,,Venda,Apartamento,171.0,ASA NORTE,BRASILIA,1790000.0,10467.0,0.0,1.0,-15.7451,-47.8929,2025-09-21,3
1264279,6075419,01630V-DFI,,Venda,Apartamento,143.0,ASA NORTE,BRASILIA,1750000.0,12237.0,3.0,1.0,-15.7509,-47.8888,2025-09-21,8
1264516,6075657,AP0139,,Venda,Apartamento,95.0,ASA NORTE,BRASILIA,1450000.0,15263.0,0.0,1.0,-15.7557,-47.8833,2025-09-21,5
1264563,6075704,791873,,Venda,Apartamento,127.0,ASA NORTE,BRASILIA,1600000.0,12598.0,0.0,1.0,-15.7387,-47.8929,2025-09-21,0
1264577,6075718,595978,,Venda,Apartamento,38.0,ASA NORTE,BRASILIA,550000.0,14473.0,1.0,1.0,-15.7463,-47.8939,2025-09-21,4
1264587,6075728,VILLA149792V01,,Venda,Apartamento,184.0,ASA NORTE,BRASILIA,3090000.0,16793.0,4.0,4.0,-15.7763,-47.8872,2025-09-21,2
1264601,6075742,VILLA151898V01,,Venda,Apartamento,377.0,ASA NORTE,BRASILIA,2695000.0,7148.0,4.0,2.0,-15.747,-47.8883,2025-09-21,6
1264635,6075776,AP1478,,Venda,Apartamento,95.0,ASA NORTE,BRASILIA,1450000.0,15263.0,3.0,0.0,-15.7532,-47.8838,2025-09-21,5
1264650,6075791,880221008-93,,Venda,Apartamento,61.0,ASA NORTE,BRASILIA,948000.0,15610.0,2.0,1.0,-15.7391,-47.8936,2025-09-21,5
1264783,6075927,000755V-DFI,,Venda,Apartamento,37.0,ASA NORTE,BRASILIA,300000.0,8012.0,0.0,0.0,-15.7595,-47.8933,2025-09-21,6
1264787,6075931,45571032V-DFI,,Venda,Apartamento,44.0,ASA NORTE,BRASILIA,330000.0,7508.0,0.0,0.0,-15.7714,-47.8848,2025-09-21,6
1264793,6075937,008619V-DFI,,Venda,Apartamento,40.0,ASA NORTE,BRASILIA,620000.0,15327.0,1.0,0.0,-15.7401,-47.8976,2025-09-21,5
1264957,6076100,1027790,,Venda,Apartamento,33.0,ASA NORTE,BRASILIA,350000.0,10606.0,0.0,0.0,-15.7748,-47.8893,2025-09-21,3
1264968,6076111,AP0364,,Venda,Apartamento,128.0,ASA NORTE,BRASILIA,2050000.0,16015.0,4.0,2.0,-15.7613,-47.8829,2025-09-21,2
1264986,6076129,AP0420,,Venda,Apartamento,68.0,ASA NORTE,BRASILIA,770000.0,11323.0,0.0,0.0,-15.7514,-47.8828,2025-09-21,8
1265087,6076231,AP00005,,Venda,Apartamento,230.0,ASA NORTE,BRASILIA,2950000.0,12826.0,0.0,0.0,-15.7559,-47.8923,2025-09-21,0
1265130,6076274,PIN00295,,Venda,Apartamento,65.0,ASA NORTE,BRASILIA,800000.0,12307.0,0.0,1.0,-15.7401,-47.8957,2025-09-21,8
1265142,6076286,PIN00814,,Venda,Apartamento,118.0,ASA NORTE,BRASILIA,1400000.0,11903.0,0.0,1.0,-15.7794,-47.8787,2025-09-21,8
1265311,6076454,VILLA148453V01,,Venda,Apartamento,31.0,ASA NORTE,BRASILIA,460000.0,14838.0,0.0,0.0,53.912,38.557,2025-09-21,5
1265314,6076457,FROTA054,,Venda,Apartamento,28.0,ASA NORTE,BRASILIA,280000.0,10000.0,0.0,0.0,-15.7716,-47.8939,2025-09-21,3
1265427,6076570,1203147,,Venda,Apartamento,78.0,ASA NORTE,BRASILIA,900000.0,11538.0,3.0,0.0,-15.7741,-47.8757,2025-09-21,8
1265589,6076732,SQN316,,Venda,Apartamento,128.0,ASA NORTE,BRASILIA,2099000.0,16398.0,0.0,1.0,-15.7392,-47.8967,2025-09-21,2
1265631,6076774,1212869,,Venda,Apartamento,140.0,ASA NORTE,BRASILIA,1550000.0,11088.0,0.0,1.0,-15.7453,-47.8943,2025-09-21,3
1265868,6077011,1163868,,Venda,Apartamento,94.0,ASA NORTE,BRASILIA,1150000.0,12234.0,3.0,1.0,-15.7786,-47.8795,2025-09-21,8
1265985,6077127,1195174,,Venda,Apartamento,44.0,ASA NORTE,BRASILIA,365000.0,8295.0,0.0,0.0,-15.7751,-47.8897,2025-09-21,6
1266049,6077190,1036984,,Venda,Apartamento,74.0,ASA NORTE,BRASILIA,1350000.0,18290.0,2.0,2.0,-15.7529,-47.8847,2025-09-21,7
1266138,6077279,888427,,Venda,Apartamento,132.0,ASA NORTE,BRASILIA,1600000.0,12121.0,0.0,1.0,-15.751,-47.8899,2025-09-21,8
1266216,6077356,969533,,Venda,Apartamento,192.0,ASA NORTE,BRASILIA,2280000.0,11871.0,0.0,2.0,-15.7406,-47.8925,2025-09-21,8
1266285,6077425,1197379,,Venda,Apartamento,80.0,ASA NORTE,BRASILIA,830000.0,10375.0,0.0,0.0,-15.7682,-47.8772,2025-09-21,3
1266306,6077446,1117698,,Venda,Apartamento,73.0,ASA NORTE,BRASILIA,900000.0,12328.0,0.0,1.0,-15.7377,-47.8901,2025-09-21,8
1266337,6077477,1194228,,Venda,Apartamento,94.0,ASA NORTE,BRASILIA,1550000.0,16489.0,0.0,1.0,-15.737,-47.891,2025-09-21,2
1266396,6077536,1116809,,Venda,Apartamento,181.0,ASA NORTE,BRASILIA,1950000.0,10773.0,0.0,1.0,-15.7695,-47.8833,2025-09-21,3
1266398,6077538,1016714,,Venda,Apartamento,208.0,ASA NORTE,BRASILIA,3199000.0,15379.0,0.0,1.0,-15.7529,-47.8847,2025-09-21,5
1266406,6077546,FEN0010,,Venda,Apartamento,57.0,ASA NORTE,BRASILIA,679000.0,11912.0,2.0,0.0,-15.7403,-47.9001,2025-09-21,8
1266417,6077557,1144370,,Venda,Apartamento,89.0,ASA NORTE,BRASILIA,1080000.0,12134.0,3.0,0.0,-15.7401,-47.897,2025-09-21,8
1266423,6077563,1010007,,Venda,Apartamento,44.0,ASA NORTE,BRASILIA,621000.0,14113.0,2.0,0.0,-15.754,-47.8807,2025-09-21,4
1266517,6077657,1146821,,Venda,Apartamento,51.0,ASA NORTE,BRASILIA,700000.0,13722.0,2.0,0.0,-15.7402,-47.8851,2025-09-21,4
1266543,6077683,1188398,,Venda,Apartamento,35.0,ASA NORTE,BRASILIA,270000.0,7794.0,2.0,0.0,-15.752,-47.8951,2025-09-21,6
1266581,6077721,IFAN410,,Venda,Apartamento,45.0,ASA NORTE,BRASILIA,619000.0,13755.0,0.0,0.0,-15.754,-47.8807,2025-09-21,4
1266621,6077762,1131265,,Venda,Apartamento,91.0,ASA NORTE,BRASILIA,910000.0,10003.0,0.0,0.0,-15.7495,-47.8971,2025-09-21,3
1266638,6077779,1015596,,Venda,Apartamento,40.0,ASA NORTE,BRASILIA,320000.0,8000.0,0.0,0.0,-15.7514,-47.8973,2025-09-21,6
1266800,6077942,680394,,Venda,Apartamento,119.0,ASA NORTE,BRASILIA,1200000.0,10084.0,0.0,1.0,-15.7495,-47.893,2025-09-21,3
1266827,6077969,DDA137,,Venda,Apartamento,27.0,ASA NORTE,BRASILIA,290000.0,10740.0,0.0,1.0,-15.7543,-47.9006,2025-09-21,3
1266839,6077981,JULIA401,,Venda,Apartamento,94.0,ASA NORTE,BRASILIA,1050000.0,11170.0,0.0,0.0,-15.7525,-47.881,2025-09-21,3
1267036,6078178,1198507,,Venda,Apartamento,94.0,ASA NORTE,BRASILIA,1150000.0,12234.0,3.0,1.0,-15.7786,-47.8795,2025-09-21,8
1267191,6078332,BERNADETE,,Venda,Apartamento,63.0,ASA NORTE,BRASILIA,560000.0,8888.0,2.0,2.0,-15.7603,-47.8868,2025-09-21,1
1267226,6078367,1187648,,Venda,Apartamento,45.0,ASA NORTE,BRASILIA,619000.0,13755.0,0.0,0.0,-15.7362,-47.8961,2025-09-21,4
1267250,6078391,1179047,,Venda,Apartamento,220.0,ASA NORTE,BRASILIA,3050000.0,13863.0,0.0,2.0,-15.7464,-47.886,2025-09-21,4
1267415,6078556,1227016,,Venda,Apartamento,42.0,ASA NORTE,BRASILIA,610000.0,14523.0,0.0,0.0,-15.737,-47.891,2025-09-21,4
1267489,6078631,1213459,,Venda,Apartamento,127.0,ASA NORTE,BRASILIA,1600000.0,12598.0,0.0,1.0,-15.7383,-47.8939,2025-09-21,0
1267491,6078633,1199961,,Venda,Apartamento,206.0,ASA NORTE,BRASILIA,2990000.0,14514.0,0.0,2.0,-15.7559,-47.8923,2025-09-21,4
1267598,6078739,1184001,,Venda,Apartamento,78.0,ASA NORTE,BRASILIA,840000.0,10769.0,0.0,0.0,-15.7781,-47.8752,2025-09-21,3
1267612,6078753,17-1,,Venda,Apartamento,136.0,ASA NORTE,BRASILIA,2050000.0,15073.0,0.0,0.0,-15.7495,-47.8858,2025-09-21,5
1267669,6078811,1177722,,Venda,Apartamento,78.0,ASA NORTE,BRASILIA,800000.0,10256.0,0.0,0.0,-15.7682,-47.8772,2025-09-21,3
1267701,6078842,1214285,,Venda,Apartamento,135.0,ASA NORTE,BRASILIA,1860000.0,13777.0,0.0,1.0,-15.7541,-47.8889,2025-09-21,4
1267777,6078918,1225662,,Venda,Apartamento,57.0,ASA NORTE,BRASILIA,560000.0,9824.0,0.0,1.0,-15.7512,-47.892,2025-09-21,1
1267816,6078957,1080275,,Venda,Apartamento,33.0,ASA NORTE,BRASILIA,400000.0,12121.0,0.0,0.0,-15.7472,-47.8831,2025-09-21,8
1267852,6078994,CC716N,,Venda,Apartamento,47.0,ASA NORTE,BRASILIA,650000.0,13698.0,0.0,0.0,-15.7417,-47.8997,2025-09-21,4
1267927,6079069,PSIL0292,,Venda,Apartamento,175.0,ASA NORTE,BRASILIA,2620000.0,14971.0,0.0,3.0,-15.7812,-47.8892,2025-09-21,5
1267943,6079085,1191168,,Venda,Apartamento,376.0,ASA NORTE,BRASILIA,3572000.0,9500.0,0.0,4.0,-15.7456,-47.8946,2025-09-21,1
1267956,6079098,AP2540,,Venda,Apartamento,96.0,ASA NORTE,BRASILIA,1460000.0,15208.0,3.0,1.0,-15.755,-47.892,2025-09-21,5
1267968,6079110,790649,,Venda,Apartamento,129.0,ASA NORTE,BRASILIA,2050000.0,15908.0,0.0,2.0,-15.7613,-47.8829,2025-09-21,2
1268075,6079217,1016723,,Venda,Apartamento,208.0,ASA NORTE,BRASILIA,3199000.0,15379.0,0.0,1.0,-15.7529,-47.8847,2025-09-21,5
1268082,6079224,1201161,,Venda,Apartamento,89.0,ASA NORTE,BRASILIA,820000.0,9213.0,3.0,0.0,-15.7682,-47.8772,2025-09-21,1
1268084,6079226,VistaLindaLago,,Venda,Apartamento,78.0,ASA NORTE,BRASILIA,910000.0,11666.0,0.0,0.0,-15.7741,-47.8757,2025-09-21,8
1268154,6079296,777330,,Venda,Apartamento,24.0,ASA NORTE,BRASILIA,365000.0,15101.0,1.0,0.0,-15.7898,-47.8899,2025-09-21,5
1268157,6079299,1124925,,Venda,Apartamento,75.0,ASA NORTE,BRASILIA,1099500.0,14660.0,3.0,1.0,-15.7588,-47.8842,2025-09-21,5
1268198,6079340,14359,,Venda,Apartamento,122.0,ASA NORTE,BRASILIA,1890000.0,15491.0,0.0,2.0,-15.7588,-47.8842,2025-09-21,5
1268306,6079448,AP1009,,Venda,Apartamento,123.0,ASA NORTE,BRASILIA,1660000.0,13527.0,0.0,0.0,-15.7452,-47.8988,2025-09-21,4
1268410,6079552,FMX0102,,Venda,Apartamento,95.0,ASA NORTE,BRASILIA,820000.0,8631.0,0.0,0.0,-15.7519,-47.8821,2025-09-21,1
1268505,6079647,FAN0609,,Venda,Apartamento,33.0,ASA NORTE,BRASILIA,430000.0,13030.0,1.0,1.0,-15.7662,-47.8751,2025-09-21,0
1268548,6079690,1226925,,Venda,Apartamento,123.0,ASA NORTE,BRASILIA,1480000.0,12032.0,0.0,1.0,-15.7624,-47.8855,2025-09-21,8
1268642,6079783,1202703,,Venda,Apartamento,260.0,ASA NORTE,BRASILIA,4300000.0,16538.0,4.0,3.0,-15.7456,-47.8866,2025-09-21,2
1268748,6079889,1131242,,Venda,Apartamento,79.0,ASA NORTE,BRASILIA,1090000.0,13797.0,0.0,1.0,-15.7787,-47.8865,2025-09-21,4
1268820,6079960,AP0051,,Venda,Apartamento,132.0,ASA NORTE,BRASILIA,1850000.0,14015.0,3.0,1.0,-15.7763,-47.8872,2025-09-21,4
1268864,6080004,1212630,,Venda,Apartamento,84.0,ASA NORTE,BRASILIA,1180000.0,14087.0,0.0,1.0,-15.7427,-47.888,2025-09-21,4
1268866,6080006,1153064,,Venda,Apartamento,206.0,ASA NORTE,BRASILIA,2990000.0,14514.0,0.0,2.0,-15.7559,-47.8923,2025-09-21,4
1268887,6080027,BERNADETE3QUARTOS,,Venda,Apartamento,76.0,ASA NORTE,BRASILIA,680000.0,8947.0,3.0,2.0,-15.7603,-47.8868,2025-09-21,1
1268953,6080093,1182991,,Venda,Apartamento,90.0,ASA NORTE,BRASILIA,1070000.0,11888.0,0.0,1.0,-15.7588,-47.8842,2025-09-21,8
1268991,6080131,1138632,,Venda,Apartamento,137.0,ASA NORTE,BRASILIA,1850000.0,13503.0,4.0,1.0,-15.7817,-47.8784,2025-09-21,4
1269140,6080280,1189728,,Venda,Apartamento,85.0,ASA NORTE,BRASILIA,1249000.0,14694.0,0.0,1.0,-15.7613,-47.8829,2025-09-21,5
1269150,6080290,2360,,Venda,Apartamento,76.0,ASA NORTE,BRASILIA,1285000.0,16907.0,0.0,1.0,-15.7745,-47.886,2025-09-21,2
1269162,6080302,852276,,Venda,Apartamento,72.0,ASA NORTE,BRASILIA,925000.0,12847.0,0.0,1.0,-15.7792,-47.8893,2025-09-21,0
1269191,6080332,1098662,,Venda,Apartamento,95.0,ASA NORTE,BRASILIA,1350000.0,14258.0,3.0,1.0,-15.7549,-47.8916,2025-09-21,4
1269224,6080366,1027569,,Venda,Apartamento,182.0,ASA NORTE,BRASILIA,1950000.0,10714.0,0.0,1.0,-15.769,-47.8834,2025-09-21,3
1269263,6080405,1227505,,Venda,Apartamento,78.0,ASA NORTE,BRASILIA,780000.0,10000.0,3.0,0.0,-15.7741,-47.8757,2025-09-21,3
1269271,6080413,1106090,,Venda,Apartamento,28.0,ASA NORTE,BRASILIA,380000.0,13783.0,1.0,0.0,-15.7806,-47.89,2025-09-21,4
1269280,6080422,AP2562,,Venda,Apartamento,94.0,ASA NORTE,BRASILIA,1350000.0,14361.0,3.0,1.0,-15.7559,-47.8923,2025-09-21,4
1269290,6080432,1186537,,Venda,Apartamento,80.0,ASA NORTE,BRASILIA,758000.0,9475.0,0.0,0.0,-15.7782,-47.8758,2025-09-21,1
1269335,6080477,1216604,,Venda,Apartamento,38.0,ASA NORTE,BRASILIA,350000.0,9283.0,2.0,0.0,-15.7452,-47.8988,2025-09-21,1
1269340,6080482,1011693,,Venda,Apartamento,50.0,ASA NORTE,BRASILIA,400000.0,8000.0,2.0,0.0,-15.7461,-47.8975,2025-09-21,6
1269444,6080586,JULIA448,,Venda,Apartamento,45.0,ASA NORTE,BRASILIA,619000.0,13755.0,0.0,0.0,-15.754,-47.8807,2025-09-21,4
1269449,6080592,1054382,,Venda,Apartamento,58.0,ASA NORTE,BRASILIA,560000.0,9655.0,0.0,0.0,-15.7696,-47.892,2025-09-21,1
1269586,6080731,1070215,,Venda,Apartamento,100.0,ASA NORTE,BRASILIA,725000.0,7250.0,3.0,0.0,-15.7595,-47.8806,2025-09-21,6
1269595,6080740,037,,Venda,Apartamento,69.0,ASA NORTE,BRASILIA,800000.0,11594.0,0.0,0.0,-15.7378,-47.8942,2025-09-21,8
1269620,6080765,1153569,,Venda,Apartamento,122.0,ASA NORTE,BRASILIA,1524000.0,12443.0,0.0,1.0,-15.7405,-47.8887,2025-09-21,0
1269693,6080838,ELEGANCIA,,Venda,Apartamento,116.0,ASA NORTE,BRASILIA,1590000.0,13723.0,0.0,1.0,-15.7572,-47.8879,2025-09-21,4
1269753,6080898,FAW002,,Venda,Apartamento,130.0,ASA NORTE,BRASILIA,1892000.0,14553.0,0.0,1.0,-15.7721,-47.8844,2025-09-21,5
1269781,6080925,1050637,,Venda,Apartamento,208.0,ASA NORTE,BRASILIA,3199000.0,15379.0,0.0,1.0,-15.7529,-47.8847,2025-09-21,5
1269827,6080973,1171558,,Venda,Apartamento,113.0,ASA NORTE,BRASILIA,1580000.0,13982.0,0.0,1.0,-15.7757,-47.8831,2025-09-21,4
1269854,6081000,AP0051A,,Venda,Apartamento,132.0,ASA NORTE,BRASILIA,1850000.0,14015.0,3.0,1.0,-15.776,-47.886,2025-09-21,4
1269860,6081006,1043775,,Venda,Apartamento,123.0,ASA NORTE,BRASILIA,1660000.0,13527.0,0.0,0.0,-15.746,-47.8981,2025-09-21,4
1269904,6081050,JOB0017,,Venda,Apartamento,44.0,ASA NORTE,BRASILIA,470000.0,10681.0,0.0,0.0,-15.7513,-47.8857,2025-09-21,3
1269922,6081068,105521224,,Venda,Apartamento,90.0,ASA NORTE,BRASILIA,980000.0,10888.0,0.0,1.0,-15.7588,-47.8842,2025-09-21,3
1269968,6081114,RVM2V,,Venda,Apartamento,45.0,ASA NORTE,BRASILIA,645000.0,14333.0,0.0,0.0,-15.7555,-47.881,2025-09-21,4
1269986,6081132,VDN3PP,,Venda,Apartamento,50.0,ASA NORTE,BRASILIA,550000.0,11000.0,0.0,0.0,-15.7671,-47.8916,2025-09-21,3
1269990,6081136,1055214,,Venda,Apartamento,90.0,ASA NORTE,BRASILIA,980000.0,10888.0,0.0,1.0,-15.7588,-47.8842,2025-09-21,3
1272742,6083907,10208,,Venda,Apartamento,168.0,ASA NORTE,BRASILIA,2099000.0,12494.0,0.0,1.0,-15.7417,-47.8928,2025-09-21,0
1272743,6083908,1230870,,Venda,Apartamento,102.0,ASA NORTE,BRASILIA,1550000.0,15255.0,0.0,0.0,-15.7421,-47.8924,2025-09-21,5
1272786,6083951,741V-DFI,,Venda,Apartamento,56.0,ASA NORTE,BRASILIA,820000.0,14708.0,0.0,1.0,-15.7564,-47.8839,2025-09-21,5
1272788,6083953,TH26521,,Venda,Apartamento,103.0,ASA NORTE,BRASILIA,1230000.0,11941.0,3.0,1.0,-15.7488,-47.8936,2025-09-21,8
1272794,6083959,SQN2084qts,,Venda,Apartamento,124.0,ASA NORTE,BRASILIA,1830000.0,14758.0,0.0,2.0,-15.7613,-47.8829,2025-09-21,5
1272800,6083965,1000216,,Venda,Apartamento,105.0,ASA NORTE,BRASILIA,1379000.0,13133.0,3.0,1.0,-15.7384,-47.8962,2025-09-21,0
1272801,6083966,1213351,,Venda,Apartamento,125.0,ASA NORTE,BRASILIA,1520000.0,12130.0,3.0,0.0,-15.7757,-47.8831,2025-09-21,8
1272805,6083970,10548,,Venda,Apartamento,112.0,ASA NORTE,BRASILIA,1780000.0,15892.0,0.0,1.0,-15.7572,-47.8879,2025-09-21,2
1272806,6083971,1191276,,Venda,Apartamento,119.0,ASA NORTE,BRASILIA,1190000.0,10001.0,0.0,1.0,-15.7491,-47.8929,2025-09-21,3
1272829,6083993,1043,,Venda,Apartamento,126.0,ASA NORTE,BRASILIA,1600000.0,12698.0,0.0,1.0,-15.7405,-47.8887,2025-09-21,0
1272838,6084002,10265,,Venda,Apartamento,79.0,ASA NORTE,BRASILIA,799000.0,10113.0,0.0,0.0,-15.7712,-47.8766,2025-09-21,3
1272839,6084003,SQN2102qts,,Venda,Apartamento,60.0,ASA NORTE,BRASILIA,820000.0,13666.0,0.0,1.0,-15.7564,-47.8839,2025-09-21,4
1272846,6084009,1093857,,Venda,Apartamento,127.0,ASA NORTE,BRASILIA,2069000.0,16291.0,0.0,2.0,-15.7613,-47.8829,2025-09-21,2
1272871,6084034,r96,,Venda,Apartamento,95.0,ASA NORTE,BRASILIA,840000.0,8842.0,0.0,0.0,-15.7519,-47.8821,2025-09-21,1
1272897,6084061,1180873,,Venda,Apartamento,74.0,ASA NORTE,BRASILIA,1080000.0,14634.0,2.0,1.0,-15.7607,-47.8905,2025-09-21,5
1272898,6084062,RB1653,,Venda,Apartamento,300.0,ASA NORTE,BRASILIA,3199000.0,10663.0,4.0,0.0,-15.7533,-47.8841,2025-09-21,3
1272901,6084065,1170648,,Venda,Apartamento,104.0,ASA NORTE,BRASILIA,1250000.0,12019.0,0.0,1.0,-15.7799,-47.8892,2025-09-21,8
1272910,6084074,P3102,,Venda,Apartamento,202.0,ASA NORTE,BRASILIA,2180000.0,10792.0,0.0,2.0,-15.7521,-47.8848,2025-09-21,3
1272921,6084085,1266581,,Venda,Apartamento,260.0,ASA NORTE,BRASILIA,4300000.0,16538.0,0.0,3.0,-15.7456,-47.8866,2025-09-21,2
1272963,6084127,FIS00284,,Venda,Apartamento,110.0,ASA NORTE,BRASILIA,1400000.0,12727.0,2.0,1.0,-15.7698,-47.8838,2025-09-21,0
1272979,6084144,10407,,Venda,Apartamento,110.0,ASA NORTE,BRASILIA,1470000.0,13363.0,0.0,2.0,-15.7549,-47.8916,2025-09-21,0
1273027,6084192,1215430,,Venda,Apartamento,102.0,ASA NORTE,BRASILIA,1720000.0,16862.0,0.0,2.0,-15.7731,-47.8864,2025-09-21,2
1273071,6084236,AP2497,,Venda,Apartamento,25.0,ASA NORTE,BRASILIA,360000.0,14400.0,0.0,1.0,-15.7327,-47.8973,2025-09-21,4
1273097,6084262,1186380,,Venda,Apartamento,90.0,ASA NORTE,BRASILIA,1250000.0,13888.0,0.0,0.0,-15.7518,-47.8927,2025-09-21,4
1273182,6084349,960431,,Venda,Apartamento,245.0,ASA NORTE,BRASILIA,3500000.0,14285.0,4.0,4.0,-15.7569,-47.8874,2025-09-21,4
1273183,6084350,10990,,Venda,Apartamento,137.0,ASA NORTE,BRASILIA,1560000.0,11386.0,0.0,1.0,-15.751,-47.8899,2025-09-21,8
1273191,6084358,1217103,,Venda,Apartamento,120.0,ASA NORTE,BRASILIA,1520000.0,12666.0,3.0,1.0,-15.7425,-47.8956,2025-09-21,0
1273233,6084400,CC213,,Venda,Apartamento,268.0,ASA NORTE,BRASILIA,4500000.0,16782.0,0.0,3.0,-15.7456,-47.8882,2025-09-21,2
1273249,6084416,TA2265,,Venda,Apartamento,90.0,ASA NORTE,BRASILIA,1249000.0,13877.0,0.0,1.0,-15.7529,-47.8847,2025-09-21,4
1273252,6084419,880161013-28,,Venda,Apartamento,60.0,ASA NORTE,BRASILIA,719000.0,11933.0,0.0,0.0,-15.7451,-47.8935,2025-09-21,8
1273346,6084513,728352,,Venda,Apartamento,69.0,ASA NORTE,BRASILIA,789000.0,11434.0,2.0,0.0,-15.7382,-47.8899,2025-09-21,8
1273370,6084537,1210603,,Venda,Apartamento,132.0,ASA NORTE,BRASILIA,1790000.0,13560.0,3.0,1.0,-15.776,-47.886,2025-09-21,4
1273375,6084542,1206232,,Venda,Apartamento,137.0,ASA NORTE,BRASILIA,1760000.0,12846.0,3.0,1.0,-15.7541,-47.8889,2025-09-21,0
1273376,6084543,880241010-44,,Venda,Apartamento,29.0,ASA NORTE,BRASILIA,295000.0,10137.0,0.0,1.0,-15.7477,-47.9014,2025-09-21,3
1273441,6084608,1192462,,Venda,Apartamento,202.0,ASA NORTE,BRASILIA,2180000.0,10792.0,2.0,1.0,-15.7521,-47.8848,2025-09-21,3
1273449,6084616,12288333,,Venda,Apartamento,127.0,ASA NORTE,BRASILIA,1670000.0,13149.0,0.0,1.0,-15.7456,-47.8946,2025-09-21,0
1273469,6084636,CO9708,,Venda,Apartamento,67.0,ASA NORTE,BRASILIA,650000.0,9701.0,2.0,0.0,-15.781,-47.8892,2025-09-21,1
1273512,6084679,70855-010,,Venda,Apartamento,43.0,ASA NORTE,BRASILIA,550000.0,12790.0,0.0,0.0,-15.7638,-47.8799,2025-09-21,0
1273515,6084682,1045537,,Venda,Apartamento,127.0,ASA NORTE,BRASILIA,1489000.0,11724.0,0.0,2.0,-15.7762,-47.8893,2025-09-21,8
1273519,6084686,1220502,,Venda,Apartamento,58.0,ASA NORTE,BRASILIA,550000.0,9482.0,0.0,0.0,-15.751,-47.8958,2025-09-21,1
1273528,6084695,1216395,,Venda,Apartamento,45.0,ASA NORTE,BRASILIA,618000.0,13733.0,0.0,0.0,-15.754,-47.8807,2025-09-21,4
1273579,6084746,1128814,,Venda,Apartamento,80.0,ASA NORTE,BRASILIA,699000.0,8737.0,0.0,0.0,-15.7748,-47.8893,2025-09-21,1
1273647,6084814,RM2013,,Venda,Apartamento,168.0,ASA NORTE,BRASILIA,2099000.0,12518.0,4.0,1.0,-15.7411,-47.893,2025-09-21,0
1273660,6084827,1066685,,Venda,Apartamento,122.0,ASA NORTE,BRASILIA,1660000.0,13606.0,0.0,0.0,-15.7469,-47.8979,2025-09-21,4
1273663,6084830,1114405,,Venda,Apartamento,27.0,ASA NORTE,BRASILIA,450000.0,16666.0,0.0,0.0,-15.7909,-47.8853,2025-09-21,2
1273665,6084832,1123484,,Venda,Apartamento,137.0,ASA NORTE,BRASILIA,1780000.0,12992.0,0.0,1.0,-15.751,-47.8899,2025-09-21,0
1273666,6084833,1103525,,Venda,Apartamento,78.0,ASA NORTE,BRASILIA,950000.0,12179.0,0.0,0.0,-15.7742,-47.8764,2025-09-21,8
1273712,6084879,1035378,,Venda,Apartamento,185.0,ASA NORTE,BRASILIA,1350000.0,7297.0,2.0,1.0,-15.7736,-47.8901,2025-09-21,6
1273716,6084883,A324,,Venda,Apartamento,80.0,ASA NORTE,BRASILIA,540000.0,6750.0,3.0,0.0,-15.7768,-47.8886,2025-09-21,6
1273721,6084888,CO9360,,Venda,Apartamento,104.0,ASA NORTE,BRASILIA,1580000.0,15259.0,3.0,1.0,-15.7488,-47.8936,2025-09-21,5
1273738,6084907,1143794,,Venda,Apartamento,76.0,ASA NORTE,BRASILIA,1150000.0,15211.0,0.0,1.0,-15.7502,-47.8859,2025-09-21,5
1273743,6084912,990172,,Venda,Apartamento,108.0,ASA NORTE,BRASILIA,1050000.0,9727.0,3.0,0.0,-15.7617,-47.8932,2025-09-21,1
1273803,6084972,1190723,,Venda,Apartamento,79.0,ASA NORTE,BRASILIA,825000.0,10443.0,0.0,0.0,-15.7782,-47.8767,2025-09-21,3
1273825,6084994,1236432,,Venda,Apartamento,90.0,ASA NORTE,BRASILIA,1200000.0,13333.0,2.0,0.0,-15.7526,-47.8918,2025-09-21,0
1273848,6085017,RM1861,,Venda,Apartamento,137.0,ASA NORTE,BRASILIA,1630000.0,11897.0,0.0,1.0,-15.7518,-47.8891,2025-09-21,8
1273863,6085032,AP0248,,Venda,Apartamento,76.0,ASA NORTE,BRASILIA,950000.0,12500.0,0.0,0.0,-15.7381,-47.8863,2025-09-21,0
1273866,6085035,UB1543,,Venda,Apartamento,110.0,ASA NORTE,BRASILIA,1470000.0,13363.0,0.0,2.0,-15.7551,-47.8927,2025-09-21,0
1273875,6085044,1073201,,Venda,Apartamento,107.0,ASA NORTE,BRASILIA,1100000.0,10280.0,0.0,0.0,-15.7616,-47.8945,2025-09-21,3
1273877,6085046,252815AN,,Venda,Apartamento,95.0,ASA NORTE,BRASILIA,680000.0,7135.0,0.0,0.0,-15.7581,-47.8801,2025-09-21,6
1273943,6085112,11116,,Venda,Apartamento,84.0,ASA NORTE,BRASILIA,1180000.0,14047.0,0.0,1.0,-15.7431,-47.8879,2025-09-21,4
1273955,6085123,1007472,,Venda,Apartamento,320.0,ASA NORTE,BRASILIA,5238961.0,16375.0,4.0,4.0,-15.7413,-47.8887,2025-09-21,2
1273957,6085125,1231039,,Venda,Apartamento,137.0,ASA NORTE,BRASILIA,1550000.0,11313.0,0.0,1.0,-15.7518,-47.8891,2025-09-21,8
1274010,6085178,29032025,,Venda,Apartamento,40.0,ASA NORTE,BRASILIA,360000.0,9000.0,0.0,0.0,-15.7577,-47.8957,2025-09-21,1
1274016,6085184,TH29506,,Venda,Apartamento,51.0,ASA NORTE,BRASILIA,400000.0,7843.0,0.0,0.0,-15.7452,-47.8988,2025-09-21,6
1274036,6085204,VILLA152059V01,,Venda,Apartamento,35.0,ASA NORTE,BRASILIA,375000.0,10714.0,0.0,0.0,-15.7477,-47.9014,2025-09-21,3
1274076,6085243,10173,,Venda,Apartamento,49.0,ASA NORTE,BRASILIA,565000.0,11530.0,0.0,0.0,-15.7682,-47.8919,2025-09-21,8
1274081,6085252,964632,,Venda,Apartamento,32.0,ASA NORTE,BRASILIA,295000.0,9218.0,0.0,0.0,-15.7378,-47.8966,2025-09-21,1
1274094,6085265,AP0320,,Venda,Apartamento,107.0,ASA NORTE,BRASILIA,1500000.0,14018.0,0.0,1.0,-15.7513,-47.8855,2025-09-21,4
1274140,6085313,1120755,,Venda,Apartamento,125.0,ASA NORTE,BRASILIA,1050000.0,8400.0,0.0,0.0,-15.7754,-47.8823,2025-09-21,1
1274245,6085418,COBDUPLEXBALTAZAR,,Venda,Apartamento,136.0,ASA NORTE,BRASILIA,1300000.0,9525.0,2.0,2.0,-15.7765,-47.8896,2025-09-21,1
1274257,6085430,1109722,,Venda,Apartamento,49.0,ASA NORTE,BRASILIA,570000.0,11632.0,0.0,0.0,-15.769,-47.892,2025-09-21,8
1274311,6085483,1016602,,Venda,Apartamento,167.0,ASA NORTE,BRASILIA,2835000.0,16976.0,4.0,2.0,-15.7473,-47.8906,2025-09-21,2
1274393,6085565,AP0055,,Venda,Apartamento,114.0,ASA NORTE,BRASILIA,1650000.0,14473.0,3.0,1.0,-15.7794,-47.8787,2025-09-21,4
1274418,6085590,11198,,Venda,Apartamento,70.0,ASA NORTE,BRASILIA,1170000.0,16714.0,0.0,1.0,-15.737,-47.891,2025-09-21,2
1274500,6085672,AP1143,,Venda,Apartamento,318.0,ASA NORTE,BRASILIA,3650000.0,11477.0,0.0,4.0,-15.7456,-47.8866,2025-09-21,8
1274605,6085776,SM888,,Venda,Apartamento,360.0,ASA NORTE,BRASILIA,2519000.0,6997.0,25.0,0.0,-15.7768,-47.8886,2025-09-21,6
1274627,6085798,IMB1096,,Venda,Apartamento,160.0,ASA NORTE,BRASILIA,1880000.0,11753.0,0.0,1.0,-15.7829,-47.8779,2025-09-21,8
1274679,6085850,AP0353,,Venda,Apartamento,40.0,ASA NORTE,BRASILIA,260000.0,6500.0,1.0,0.0,-15.7634,-47.8919,2025-09-21,6
1275183,6086352,800498,,Venda,Apartamento,33.0,ASA NORTE,BRASILIA,250000.0,7575.0,0.0,0.0,-15.7696,-47.892,2025-09-21,6
1275209,6086378,8,,Venda,Apartamento,143.0,ASA NORTE,BRASILIA,1500000.0,10489.0,2.0,1.0,-15.7742,-47.89,2025-09-21,3
1275269,6086437,2006CULL311020V,,Venda,Apartamento,30.0,ASA NORTE,BRASILIA,570000.0,19000.0,0.0,1.0,-15.7898,-47.8899,2025-09-21,7
1275293,6086464,AP00357,,Venda,Apartamento,187.0,ASA NORTE,BRASILIA,2350000.0,12591.0,0.0,2.0,-15.776,-47.887,2025-09-21,0
1275317,6086488,2006FS311315,,Venda,Apartamento,34.0,ASA NORTE,BRASILIA,540000.0,15882.0,1.0,0.0,-15.7909,-47.8853,2025-09-21,2
1275331,6086502,AP0002,,Venda,Apartamento,94.0,ASA NORTE,BRASILIA,1250000.0,13297.0,3.0,1.0,-15.773,-47.8859,2025-09-21,0
1275344,6086514,0899V-DFI,,Venda,Apartamento,36.0,ASA NORTE,BRASILIA,360000.0,9933.0,0.0,0.0,-15.745,-47.8993,2025-09-21,1
1275446,6086616,AP0065,,Venda,Apartamento,123.0,ASA NORTE,BRASILIA,1620000.0,13170.0,0.0,1.0,-15.7576,-47.8905,2025-09-21,0
1275447,6086617,AP0244,,Venda,Apartamento,140.0,ASA NORTE,BRASILIA,1700000.0,12142.0,0.0,1.0,-15.7585,-47.8836,2025-09-21,8
1275451,6086621,VILLA151337V01,,Venda,Apartamento,94.0,ASA NORTE,BRASILIA,1600000.0,17021.0,3.0,1.0,-15.7796,-47.8787,2025-09-21,2
1275540,6086710,SQN406refor,,Venda,Apartamento,79.0,ASA NORTE,BRASILIA,850000.0,10793.0,0.0,0.0,-15.7669,-47.8764,2025-09-21,3
1275561,6086731,1211468,,Venda,Apartamento,323.0,ASA NORTE,BRASILIA,5340000.0,16532.0,4.0,4.0,-15.7413,-47.8887,2025-09-21,2
1275582,6086752,1194972,,Venda,Apartamento,163.0,ASA NORTE,BRASILIA,2819012.0,17294.0,4.0,3.0,-15.7473,-47.8906,2025-09-21,2
1275751,6086921,AP0014,,Venda,Apartamento,140.0,ASA NORTE,BRASILIA,1550000.0,11071.0,4.0,0.0,-15.7453,-47.8943,2025-09-21,3
1275862,6087032,NE712V1,,Venda,Apartamento,54.0,ASA NORTE,BRASILIA,360000.0,6666.0,1.0,0.0,-15.752,-47.8954,2025-09-21,6
1275929,6087099,1116057,,Venda,Apartamento,40.0,ASA NORTE,BRASILIA,359000.0,9061.0,0.0,0.0,-15.7504,-47.893,2025-09-21,1
1275945,6087115,71705-535,,Venda,Apartamento,160.0,ASA NORTE,BRASILIA,2865000.0,17856.0,4.0,3.0,-15.7405,-47.8887,2025-09-21,7
1275972,6087142,1203044,,Venda,Apartamento,168.0,ASA NORTE,BRASILIA,2390000.0,14226.0,0.0,1.0,-15.7417,-47.8928,2025-09-21,4
1276037,6087207,1164107,,Venda,Apartamento,45.0,ASA NORTE,BRASILIA,619000.0,13755.0,0.0,0.0,-15.755,-47.8806,2025-09-21,4
1276039,6087209,DLV042,,Venda,Apartamento,45.0,ASA NORTE,BRASILIA,619000.0,13755.0,2.0,0.0,-15.7555,-47.881,2025-09-21,4
1276117,6087288,1170230,,Venda,Apartamento,34.0,ASA NORTE,BRASILIA,405000.0,11807.0,0.0,1.0,-15.7662,-47.8751,2025-09-21,8
1276138,6087309,CO0001-CARL,,Venda,Apartamento,205.0,ASA NORTE,BRASILIA,3170000.0,15463.0,0.0,2.0,-15.7509,-47.8888,2025-09-21,5
1276164,6087334,FLZ009,,Venda,Apartamento,102.0,ASA NORTE,BRASILIA,1300000.0,12733.0,0.0,1.0,-15.7489,-47.8942,2025-09-21,0
1276180,6087350,1157269,,Venda,Apartamento,108.0,ASA NORTE,BRASILIA,1100000.0,10198.0,3.0,0.0,-15.7469,-47.8979,2025-09-21,3
1276213,6087389,1201781,,Venda,Apartamento,95.0,ASA NORTE,BRASILIA,1598000.0,16821.0,0.0,1.0,-15.7794,-47.8787,2025-09-21,2
1276332,6087508,BKRJM006,,Venda,Apartamento,300.0,ASA NORTE,BRASILIA,3099000.0,10330.0,0.0,1.0,-15.7529,-47.8847,2025-09-21,3
1276421,6087597,18092025,,Venda,Apartamento,357.0,ASA NORTE,BRASILIA,3600000.0,10084.0,4.0,3.0,-15.7612,-47.8896,2025-09-21,3
1276514,6087694,1186370,,Venda,Apartamento,25.0,ASA NORTE,BRASILIA,380000.0,15200.0,1.0,1.0,-15.7327,-47.8973,2025-09-21,5
1276627,6087806,1199255,,Venda,Apartamento,135.0,ASA NORTE,BRASILIA,1690000.0,12546.0,0.0,1.0,-15.7534,-47.8891,2025-09-21,0
1276636,6087815,1099098,,Venda,Apartamento,158.0,ASA NORTE,BRASILIA,2050000.0,12974.0,0.0,2.0,-15.7495,-47.8858,2025-09-21,0
1276730,6087909,1229510,,Venda,Apartamento,125.0,ASA NORTE,BRASILIA,1530000.0,12240.0,4.0,1.0,-15.758,-47.8906,2025-09-21,8
1276764,6087943,03346v,,Venda,Apartamento,95.0,ASA NORTE,BRASILIA,750000.0,7869.0,0.0,0.0,-15.7587,-47.879,2025-09-21,6
1276771,6087950,1218339,,Venda,Apartamento,163.0,ASA NORTE,BRASILIA,1900000.0,11656.0,0.0,1.0,-15.7502,-47.8859,2025-09-21,8
1276779,6087958,1214209,,Venda,Apartamento,127.0,ASA NORTE,BRASILIA,2049000.0,16133.0,0.0,2.0,-15.7613,-47.8829,2025-09-21,2
1276788,6087967,965088,,Venda,Apartamento,245.0,ASA NORTE,BRASILIA,3500000.0,14285.0,4.0,4.0,-15.7572,-47.8879,2025-09-21,4
1276805,6087984,1151221,,Venda,Apartamento,37.0,ASA NORTE,BRASILIA,320900.0,8672.0,1.0,0.0,-15.7768,-47.8886,2025-09-21,1
1276874,6088053,052,,Venda,Apartamento,33.0,ASA NORTE,BRASILIA,350000.0,10706.0,1.0,0.0,-15.7634,-47.8919,2025-09-21,3
1276945,6088124,1184923,,Venda,Apartamento,94.0,ASA NORTE,BRASILIA,1199999.0,12774.0,0.0,1.0,-15.7794,-47.8787,2025-09-21,0
1276989,6088168,DFSQN213,,Venda,Apartamento,260.0,ASA NORTE,BRASILIA,4300000.0,16538.0,0.0,3.0,-15.7464,-47.886,2025-09-21,2
1277002,6088181,1166755,,Venda,Apartamento,97.0,ASA NORTE,BRASILIA,1847000.0,19011.0,3.0,2.0,-15.7609,-47.8862,2025-09-21,7
1277069,6088248,DMS00176,,Venda,Apartamento,66.0,ASA NORTE,BRASILIA,969000.0,14681.0,0.0,1.0,-15.779,-47.8899,2025-09-21,5
1277269,6088449,4744111,,Venda,Apartamento,66.0,ASA NORTE,BRASILIA,800000.0,12051.0,0.0,0.0,-15.7565,-47.8819,2025-09-21,8
1277281,6088461,1196340,,Venda,Apartamento,63.0,ASA NORTE,BRASILIA,850000.0,13423.0,2.0,1.0,-15.7392,-47.8967,2025-09-21,0
1277300,6088480,1218387,,Venda,Apartamento,115.0,ASA NORTE,BRASILIA,1650000.0,14347.0,0.0,2.0,-15.7602,-47.886,2025-09-21,4
1277310,6088490,1167402,,Venda,Apartamento,80.0,ASA NORTE,BRASILIA,775000.0,9687.0,0.0,0.0,-15.7782,-47.8758,2025-09-21,1
1277410,6088590,1130286,,Venda,Apartamento,197.0,ASA NORTE,BRASILIA,2300000.0,11675.0,3.0,1.0,-15.7549,-47.8916,2025-09-21,8
1277437,6088617,1125820,,Venda,Apartamento,232.0,ASA NORTE,BRASILIA,2599000.0,11202.0,3.0,1.0,-15.7399,-47.8899,2025-09-21,8
1277498,6088678,1125935,,Venda,Apartamento,52.0,ASA NORTE,BRASILIA,620000.0,11856.0,0.0,0.0,-15.7671,-47.8916,2025-09-21,8
1277543,6088723,1197547,,Venda,Apartamento,45.0,ASA NORTE,BRASILIA,619000.0,13755.0,0.0,0.0,-15.7555,-47.881,2025-09-21,4
1277687,6088868,1156753,,Venda,Apartamento,51.0,ASA NORTE,BRASILIA,620000.0,12156.0,0.0,0.0,-15.7407,-47.9009,2025-09-21,8
1277745,6088928,1173045,,Venda,Apartamento,29.0,ASA NORTE,BRASILIA,350000.0,12068.0,0.0,1.0,0.0,0.0,2025-09-21,8
1277826,6089009,308RW,,Venda,Apartamento,124.0,ASA NORTE,BRASILIA,1450000.0,11693.0,0.0,1.0,-15.765,-47.8885,2025-09-21,8
1277874,6089057,DMS00169,,Venda,Apartamento,27.0,ASA NORTE,BRASILIA,379000.0,14037.0,0.0,1.0,0.0,0.0,2025-09-21,4
1277924,6089108,1217133,,Venda,Apartamento,60.0,ASA NORTE,BRASILIA,980000.0,16333.0,0.0,0.0,-15.7367,-47.887,2025-09-21,2
1278060,6089244,1157992,,Venda,Apartamento,100.0,ASA NORTE,BRASILIA,1910000.0,19100.0,3.0,1.0,-15.7603,-47.8868,2025-09-21,7
1278070,6089254,1201100,,Venda,Apartamento,34.0,ASA NORTE,BRASILIA,320000.0,9411.0,0.0,0.0,-15.7438,-47.8976,2025-09-21,1
1278170,6089354,1168410,,Venda,Apartamento,52.0,ASA NORTE,BRASILIA,870000.0,16730.0,0.0,1.0,-15.7401,-47.8957,2025-09-21,2
1278210,6089395,1191864,,Venda,Apartamento,168.0,ASA NORTE,BRASILIA,2195000.0,13091.0,4.0,1.0,-15.7417,-47.8928,2025-09-21,0
1278250,6089434,1084653,,Venda,Apartamento,113.0,ASA NORTE,BRASILIA,1350000.0,11943.0,0.0,1.0,-15.7726,-47.8836,2025-09-21,8
1278383,6089569,Sqn,,Venda,Apartamento,124.0,ASA NORTE,BRASILIA,1630000.0,13145.0,0.0,1.0,-15.7588,-47.8842,2025-09-21,0
1278533,6089721,1200096,,Venda,Apartamento,74.0,ASA NORTE,BRASILIA,1000000.0,13513.0,0.0,1.0,-15.762,-47.8909,2025-09-21,4
1278570,6089758,1199975,,Venda,Apartamento,78.0,ASA NORTE,BRASILIA,905000.0,11602.0,0.0,0.0,-15.7741,-47.8757,2025-09-21,8
1278597,6089786,1230280,,Venda,Apartamento,31.0,ASA NORTE,BRASILIA,350000.0,11290.0,0.0,0.0,-15.7655,-47.892,2025-09-21,8
1278619,6089808,SQN,,Venda,Apartamento,62.0,ASA NORTE,BRASILIA,720000.0,11612.0,0.0,0.0,-15.7674,-47.8784,2025-09-21,8
1278629,6089818,1188579,,Venda,Apartamento,34.0,ASA NORTE,BRASILIA,400000.0,11661.0,1.0,1.0,-15.7477,-47.9014,2025-09-21,8
1278710,6089899,1188480,,Venda,Apartamento,39.0,ASA NORTE,BRASILIA,320000.0,8205.0,0.0,0.0,-15.7516,-47.8965,2025-09-21,6
1278979,6090169,SQN215,,Venda,Apartamento,232.0,ASA NORTE,BRASILIA,2600000.0,11206.0,0.0,1.0,-15.7405,-47.8887,2025-09-21,8
1278991,6090181,148,,Venda,Apartamento,33.0,ASA NORTE,BRASILIA,260000.0,7812.0,0.0,0.0,-15.7748,-47.8893,2025-09-21,6
1279065,6090255,1125740,,Venda,Apartamento,144.0,ASA NORTE,BRASILIA,1750000.0,12174.0,0.0,1.0,-15.7723,-47.8793,2025-09-21,8
1279125,6090314,VEN665,,Venda,Apartamento,44.0,ASA NORTE,BRASILIA,550000.0,12381.0,0.0,0.0,-15.7545,-47.8814,2025-09-21,0
1279864,6091057,1217689,,Venda,Apartamento,123.0,ASA NORTE,BRASILIA,1479000.0,12024.0,0.0,1.0,-15.7633,-47.8858,2025-09-21,8
1279867,6091060,1216476,,Venda,Apartamento,64.0,ASA NORTE,BRASILIA,720000.0,11250.0,0.0,0.0,-15.7567,-47.8797,2025-09-21,8
1279877,6091070,1199614,,Venda,Apartamento,172.0,ASA NORTE,BRASILIA,2420000.0,14069.0,0.0,2.0,-15.758,-47.8906,2025-09-21,4
1279891,6091084,CO9310,,Venda,Apartamento,160.0,ASA NORTE,BRASILIA,2090000.0,13062.0,4.0,2.0,-15.7456,-47.8946,2025-09-21,0
1279894,6091087,866671,,Venda,Apartamento,113.0,ASA NORTE,BRASILIA,1399000.0,12380.0,3.0,1.0,-15.7757,-47.8831,2025-09-21,0
1279895,6091088,RB1652,,Venda,Apartamento,127.0,ASA NORTE,BRASILIA,1500000.0,11811.0,4.0,2.0,-15.7751,-47.8909,2025-09-21,8
1279901,6091094,1200141,,Venda,Apartamento,74.0,ASA NORTE,BRASILIA,1100000.0,14866.0,0.0,1.0,-15.762,-47.8909,2025-09-21,5
1279905,6091098,AP0032,,Venda,Apartamento,125.0,ASA NORTE,BRASILIA,1500000.0,12000.0,0.0,1.0,-15.7576,-47.8905,2025-09-21,8
1279947,6091141,1199960,,Venda,Apartamento,168.0,ASA NORTE,BRASILIA,1850000.0,11011.0,0.0,1.0,-15.7603,-47.8896,2025-09-21,3
1279955,6091149,1199235,,Venda,Apartamento,118.0,ASA NORTE,BRASILIA,1597000.0,13552.0,0.0,2.0,-15.7431,-47.8879,2025-09-21,4
1280073,6091267,21052025,,Venda,Apartamento,95.0,ASA NORTE,BRASILIA,900000.0,9473.0,0.0,0.0,-15.7519,-47.8821,2025-09-21,1
1280092,6091286,VDGPP,,Venda,Apartamento,100.0,ASA NORTE,BRASILIA,1599000.0,15990.0,0.0,1.0,-15.7794,-47.8787,2025-09-21,2
1280099,6091293,1000179,,Venda,Apartamento,76.0,ASA NORTE,BRASILIA,799000.0,10513.0,0.0,0.0,-15.7386,-47.8855,2025-09-21,3
1280182,6091375,FCR0075,,Venda,Apartamento,87.0,ASA NORTE,BRASILIA,790000.0,9080.0,0.0,0.0,-15.7518,-47.8927,2025-09-21,1
1280200,6091393,FMX911,,Venda,Apartamento,205.0,ASA NORTE,BRASILIA,3170000.0,15463.0,3.0,2.0,-15.7529,-47.8847,2025-09-21,5
1280235,6091428,1035404,,Venda,Apartamento,96.0,ASA NORTE,BRASILIA,1410000.0,14687.0,0.0,2.0,-15.7502,-47.8859,2025-09-21,5
1280302,6091495,754235,,Venda,Apartamento,48.0,ASA NORTE,BRASILIA,290000.0,6041.0,0.0,0.0,-15.7518,-47.8973,2025-09-21,6
1280305,6091498,1125624,,Venda,Apartamento,68.0,ASA NORTE,BRASILIA,840000.0,12378.0,2.0,0.0,-15.7447,-47.8947,2025-09-21,0
1280356,6091549,1043791,,Venda,Apartamento,248.0,ASA NORTE,BRASILIA,3500000.0,14112.0,0.0,4.0,-15.7572,-47.8879,2025-09-21,4
1280460,6091653,1195976,,Venda,Apartamento,137.0,ASA NORTE,BRASILIA,1570000.0,11459.0,3.0,1.0,-15.751,-47.8899,2025-09-21,8
1280473,6091666,1231004,,Venda,Apartamento,78.0,ASA NORTE,BRASILIA,1245000.0,15937.0,0.0,1.0,-15.7495,-47.8858,2025-09-21,2
1280791,6091987,1116723,,Venda,Apartamento,184.0,ASA NORTE,BRASILIA,1360000.0,7391.0,0.0,1.0,-15.7742,-47.89,2025-09-21,6
1280811,6092007,1123685,,Venda,Apartamento,96.0,ASA NORTE,BRASILIA,820000.0,8541.0,0.0,0.0,-15.7595,-47.8806,2025-09-21,1
1280819,6092015,1214270,,Venda,Apartamento,84.0,ASA NORTE,BRASILIA,1200000.0,14285.0,0.0,0.0,-15.7388,-47.8971,2025-09-21,4
1280838,6092034,1176616,,Venda,Apartamento,55.0,ASA NORTE,BRASILIA,689000.0,12452.0,2.0,0.0,-15.7821,-47.8755,2025-09-21,0
1280861,6092057,1114817,,Venda,Apartamento,94.0,ASA NORTE,BRASILIA,1295000.0,13776.0,0.0,1.0,-15.7626,-47.88,2025-09-21,4
1280866,6092062,193,,Venda,Apartamento,80.0,ASA NORTE,BRASILIA,1089999.0,13624.0,0.0,0.0,-15.7428,-47.9005,2025-09-21,4
1280914,6092110,1228860,,Venda,Apartamento,48.0,ASA NORTE,BRASILIA,360000.0,7515.0,0.0,0.0,-15.7516,-47.8965,2025-09-21,6
1281007,6092203,1182663,,Venda,Apartamento,95.0,ASA NORTE,BRASILIA,1240000.0,13052.0,0.0,1.0,-15.7526,-47.8918,2025-09-21,0
1281026,6092222,925314,,Venda,Apartamento,80.0,ASA NORTE,BRASILIA,850000.0,10625.0,0.0,0.0,-15.7512,-47.892,2025-09-21,3
1281054,6092250,1157994,,Venda,Apartamento,200.0,ASA NORTE,BRASILIA,3811000.0,19055.0,3.0,3.0,-15.7603,-47.8868,2025-09-21,7
1281163,6092359,1092174,,Venda,Apartamento,113.0,ASA NORTE,BRASILIA,1430000.0,12654.0,0.0,1.0,-15.7665,-47.8849,2025-09-21,0
1281259,6092455,DMM002/DI1806,,Venda,Apartamento,124.0,ASA NORTE,BRASILIA,1580000.0,12741.0,0.0,1.0,-15.7633,-47.8858,2025-09-21,0
1281265,6092461,1202734,,Venda,Apartamento,376.0,ASA NORTE,BRASILIA,3700000.0,9840.0,5.0,4.0,-15.7451,-47.8956,2025-09-21,1
1281299,6092495,VILLA75171A01,,Venda,Apartamento,46.0,ASA NORTE,BRASILIA,345000.0,7500.0,0.0,0.0,-15.7453,-47.898,2025-09-21,6
1281789,6092992,1204180,,Venda,Apartamento,50.0,ASA NORTE,BRASILIA,420000.0,8400.0,0.0,0.0,-15.7576,-47.8829,2025-09-21,1
1281805,6093007,01664V-DFI,,Venda,Apartamento,137.0,ASA NORTE,BRASILIA,1570000.0,11459.0,0.0,1.0,-15.7509,-47.8888,2025-09-21,8
1281930,6093134,1203147,,Venda,Apartamento,78.0,ASA NORTE,BRASILIA,900000.0,11538.0,3.0,0.0,-15.7741,-47.8757,2025-09-28,8
1281991,6093195,CO8602,,Venda,Apartamento,209.0,ASA NORTE,BRASILIA,3500000.0,16784.0,0.0,1.0,-15.7533,-47.8841,2025-09-28,2
1282139,6093343,1312158,,Venda,Apartamento,115.0,ASA NORTE,BRASILIA,1670000.0,14521.0,0.0,2.0,-15.7755,-47.8832,2025-09-28,4
1282167,6093371,1185391,,Venda,Apartamento,45.0,ASA NORTE,BRASILIA,619000.0,13755.0,2.0,0.0,-15.754,-47.8807,2025-09-28,4
1282201,6093406,1218843,,Venda,Apartamento,47.0,ASA NORTE,BRASILIA,520000.0,11063.0,0.0,0.0,-15.7555,-47.881,2025-09-28,3
1282266,6093470,2363,,Venda,Apartamento,95.0,ASA NORTE,BRASILIA,1350000.0,14210.0,0.0,1.0,-15.755,-47.892,2025-09-28,4
1282314,6093520,1016723,,Venda,Apartamento,208.0,ASA NORTE,BRASILIA,3199000.0,15379.0,0.0,1.0,-15.7529,-47.8847,2025-09-28,5
1282315,6093521,FCR0075,,Venda,Apartamento,87.0,ASA NORTE,BRASILIA,790000.0,9080.0,0.0,0.0,-15.7518,-47.8927,2025-09-28,1
1282386,6093592,1232956,,Venda,Apartamento,61.0,ASA NORTE,BRASILIA,795000.0,12964.0,3.0,0.0,-15.7363,-47.8882,2025-09-28,0
1282515,6093721,AP1182,,Venda,Apartamento,80.0,ASA NORTE,BRASILIA,789000.0,9862.0,0.0,0.0,-15.7518,-47.8927,2025-09-28,1
1282594,6093800,FKS0506,,Venda,Apartamento,65.0,ASA NORTE,BRASILIA,780000.0,12000.0,0.0,0.0,-15.7456,-47.8946,2025-09-28,8
1282754,6093960,2345,,Venda,Apartamento,136.0,ASA NORTE,BRASILIA,1420000.0,10441.0,0.0,1.0,-15.7608,-47.8885,2025-09-28,3
1282781,6093987,1188579,,Venda,Apartamento,34.0,ASA NORTE,BRASILIA,400000.0,11661.0,1.0,1.0,-15.7477,-47.9014,2025-09-28,8
1282799,6094005,1125935,,Venda,Apartamento,52.0,ASA NORTE,BRASILIA,620000.0,11856.0,0.0,0.0,-15.7671,-47.8916,2025-09-28,8
1282837,6094043,14359,,Venda,Apartamento,122.0,ASA NORTE,BRASILIA,1890000.0,15491.0,0.0,2.0,-15.7588,-47.8842,2025-09-28,5
1282906,6094112,1229518,,Venda,Apartamento,90.0,ASA NORTE,BRASILIA,1070000.0,11888.0,3.0,1.0,-15.7588,-47.8842,2025-09-28,8
1282938,6094143,1233780,,Venda,Apartamento,108.0,ASA NORTE,BRASILIA,1450000.0,13425.0,3.0,1.0,-15.7529,-47.8847,2025-09-28,0
1282972,6094177,P3017,,Venda,Apartamento,86.0,ASA NORTE,BRASILIA,1080000.0,12534.0,0.0,0.0,-15.7401,-47.897,2025-09-28,0
1282990,6094195,1232872,,Venda,Apartamento,132.0,ASA NORTE,BRASILIA,1790000.0,13560.0,0.0,1.0,-15.7753,-47.8866,2025-09-28,4
1283045,6094250,1232882,,Venda,Apartamento,88.0,ASA NORTE,BRASILIA,569900.0,6504.0,0.0,0.0,-15.7577,-47.894,2025-09-28,6
1283073,6094278,1232188,,Venda,Apartamento,79.0,ASA NORTE,BRASILIA,680000.0,8607.0,3.0,0.0,-15.7682,-47.8772,2025-09-28,1
1283074,6094279,FMX911,,Venda,Apartamento,205.0,ASA NORTE,BRASILIA,3170000.0,15463.0,3.0,2.0,-15.7529,-47.8847,2025-09-28,5
1283077,6094282,1163868,,Venda,Apartamento,94.0,ASA NORTE,BRASILIA,1150000.0,12234.0,3.0,1.0,-15.7786,-47.8795,2025-09-28,8
1283093,6094298,FAP038,,Venda,Apartamento,86.0,ASA NORTE,BRASILIA,850000.0,9883.0,3.0,0.0,-15.7682,-47.8772,2025-09-28,1
1283169,6094373,1214147,,Venda,Apartamento,248.0,ASA NORTE,BRASILIA,2250000.0,9072.0,4.0,1.0,-15.7463,-47.8939,2025-09-28,1
1283201,6094406,TH33597,,Venda,Apartamento,125.0,ASA NORTE,BRASILIA,1500000.0,12000.0,4.0,1.0,-15.758,-47.8906,2025-09-28,8
1283209,6094414,1214209,,Venda,Apartamento,127.0,ASA NORTE,BRASILIA,2049000.0,16133.0,0.0,2.0,-15.7613,-47.8829,2025-09-28,2
1283223,6094428,1036984,,Venda,Apartamento,74.0,ASA NORTE,BRASILIA,1350000.0,18290.0,2.0,2.0,-15.7529,-47.8847,2025-09-28,7
1283285,6094490,1054382,,Venda,Apartamento,58.0,ASA NORTE,BRASILIA,560000.0,9655.0,0.0,0.0,-15.7696,-47.892,2025-09-28,1
1283369,6094574,BKRJM006,,Venda,Apartamento,300.0,ASA NORTE,BRASILIA,3099000.0,10330.0,0.0,1.0,-15.7529,-47.8847,2025-09-28,3
1283374,6094579,1227505,,Venda,Apartamento,78.0,ASA NORTE,BRASILIA,780000.0,10000.0,3.0,0.0,-15.7741,-47.8757,2025-09-28,3
1283384,6094588,FAN0609,,Venda,Apartamento,33.0,ASA NORTE,BRASILIA,430000.0,13030.0,1.0,1.0,-15.7662,-47.8751,2025-09-28,0
1283459,6094664,AP0354,,Venda,Apartamento,110.0,ASA NORTE,BRASILIA,1470000.0,13363.0,0.0,2.0,-15.7551,-47.8927,2025-09-28,0
1283463,6094668,969533,,Venda,Apartamento,192.0,ASA NORTE,BRASILIA,2280000.0,11871.0,0.0,2.0,-15.7406,-47.8925,2025-09-28,8
1283473,6094678,DDA1021,,Venda,Apartamento,35.0,ASA NORTE,BRASILIA,350000.0,10000.0,2.0,0.0,-15.7768,-47.8886,2025-09-28,3
1283490,6094695,VEN665,,Venda,Apartamento,44.0,ASA NORTE,BRASILIA,550000.0,12381.0,0.0,0.0,-15.7545,-47.8814,2025-09-28,0
1283493,6094698,1232963,,Venda,Apartamento,114.0,ASA NORTE,BRASILIA,1300000.0,11403.0,3.0,1.0,-15.7488,-47.8936,2025-09-28,8
1283534,6094740,1167402,,Venda,Apartamento,80.0,ASA NORTE,BRASILIA,775000.0,9687.0,0.0,0.0,-15.7782,-47.8758,2025-09-28,1
1283540,6094745,DMM002/DI1806,,Venda,Apartamento,124.0,ASA NORTE,BRASILIA,1580000.0,12741.0,0.0,1.0,-15.7633,-47.8858,2025-09-28,0
1283627,6094832,1235624,,Venda,Apartamento,79.0,ASA NORTE,BRASILIA,680000.0,8607.0,3.0,0.0,-15.7679,-47.8762,2025-09-28,1
1283700,6094907,ELEGANCIA,,Venda,Apartamento,116.0,ASA NORTE,BRASILIA,1590000.0,13723.0,0.0,1.0,-15.7572,-47.8879,2025-09-28,4
1283732,6094939,VDGPP,,Venda,Apartamento,100.0,ASA NORTE,BRASILIA,1599000.0,15990.0,0.0,1.0,-15.7794,-47.8787,2025-09-28,2
1283811,6095018,037,,Venda,Apartamento,69.0,ASA NORTE,BRASILIA,800000.0,11594.0,0.0,0.0,-15.7378,-47.8942,2025-09-28,8
1283839,6095046,SCRN,,Venda,Apartamento,33.0,ASA NORTE,BRASILIA,260000.0,7878.0,0.0,0.0,-15.7391,-47.9013,2025-09-28,6
1283946,6095152,790649,,Venda,Apartamento,129.0,ASA NORTE,BRASILIA,2050000.0,15908.0,0.0,2.0,-15.7613,-47.8829,2025-09-28,2
1284018,6095224,1229510,,Venda,Apartamento,125.0,ASA NORTE,BRASILIA,1530000.0,12240.0,4.0,1.0,-15.758,-47.8906,2025-09-28,8
1284055,6095261,1219806,,Venda,Apartamento,127.0,ASA NORTE,BRASILIA,1495000.0,11771.0,0.0,1.0,-15.7558,-47.8926,2025-09-28,8
1284071,6095276,VDN3PP,,Venda,Apartamento,50.0,ASA NORTE,BRASILIA,550000.0,11000.0,0.0,0.0,-15.7671,-47.8916,2025-09-28,3
1286252,6097466,10988,,Venda,Apartamento,130.0,ASA NORTE,BRASILIA,1750000.0,13461.0,0.0,2.0,-15.7495,-47.8858,2025-09-28,4
1286268,6097482,1043,,Venda,Apartamento,126.0,ASA NORTE,BRASILIA,1600000.0,12698.0,0.0,1.0,-15.7405,-47.8887,2025-09-28,0
1286269,6097483,11132,,Venda,Apartamento,100.0,ASA NORTE,BRASILIA,1430000.0,14300.0,0.0,1.0,-15.7792,-47.8857,2025-09-28,4
1286298,6097512,8979,,Venda,Apartamento,123.0,ASA NORTE,BRASILIA,1660000.0,13495.0,0.0,0.0,-15.7469,-47.8979,2025-09-28,4
1286318,6097532,1229823,,Venda,Apartamento,141.0,ASA NORTE,BRASILIA,1400000.0,9929.0,0.0,2.0,-15.7821,-47.8755,2025-09-28,1
1286327,6097541,CO8484,,Venda,Apartamento,673.0,ASA NORTE,BRASILIA,10000000.0,14858.0,0.0,4.0,-15.7603,-47.8868,2025-09-28,5
1286372,6097586,1111,,Venda,Apartamento,141.0,ASA NORTE,BRASILIA,1400000.0,9929.0,0.0,2.0,-15.7509,-47.8888,2025-09-28,1
1286384,6097599,1216596,,Venda,Apartamento,135.0,ASA NORTE,BRASILIA,1690000.0,12518.0,0.0,1.0,-15.7541,-47.8889,2025-09-28,0
1286411,6097626,1218792,,Venda,Apartamento,137.0,ASA NORTE,BRASILIA,1570000.0,11459.0,0.0,1.0,-15.7509,-47.8888,2025-09-28,8
1286447,6097662,1229479,,Venda,Apartamento,98.0,ASA NORTE,BRASILIA,1350000.0,13831.0,0.0,1.0,-15.7443,-47.8871,2025-09-28,4
1286452,6097667,10801,,Venda,Apartamento,73.0,ASA NORTE,BRASILIA,1390000.0,19041.0,0.0,2.0,-15.7529,-47.8847,2025-09-28,7
1286461,6097676,10208,,Venda,Apartamento,168.0,ASA NORTE,BRASILIA,2099000.0,12494.0,0.0,1.0,-15.7417,-47.8928,2025-09-28,0
1286462,6097677,1218226,,Venda,Apartamento,133.0,ASA NORTE,BRASILIA,1850000.0,13909.0,0.0,1.0,-15.7817,-47.8784,2025-09-28,4
1286487,6097701,8994,,Venda,Apartamento,117.0,ASA NORTE,BRASILIA,1550000.0,13247.0,0.0,1.0,-15.7572,-47.8879,2025-09-28,0
1286489,6097703,11115,,Venda,Apartamento,112.0,ASA NORTE,BRASILIA,1690000.0,15089.0,3.0,1.0,-15.7757,-47.8831,2025-09-28,5
1286494,6097708,11240,,Venda,Apartamento,127.0,ASA NORTE,BRASILIA,1700000.0,13385.0,0.0,1.0,-15.7383,-47.8939,2025-09-28,0
1286497,6097711,10992,,Venda,Apartamento,94.0,ASA NORTE,BRASILIA,1420000.0,15106.0,0.0,1.0,-15.7794,-47.8787,2025-09-28,5
1286502,6097716,9748,,Venda,Apartamento,110.0,ASA NORTE,BRASILIA,1690000.0,15363.0,0.0,2.0,-15.7603,-47.8868,2025-09-28,5
1286509,6097723,1217676,,Venda,Apartamento,75.0,ASA NORTE,BRASILIA,1120000.0,14933.0,0.0,1.0,-15.7495,-47.8858,2025-09-28,5
1286519,6097733,PD3370,,Venda,Apartamento,105.0,ASA NORTE,BRASILIA,1590000.0,15142.0,3.0,1.0,-15.7521,-47.8848,2025-09-28,5
1286535,6097749,1182688,,Venda,Apartamento,100.0,ASA NORTE,BRASILIA,1447000.0,14470.0,0.0,1.0,-15.7391,-47.8937,2025-09-28,4
1286549,6097763,11066,,Venda,Apartamento,133.0,ASA NORTE,BRASILIA,1850000.0,13909.0,0.0,1.0,-15.7817,-47.8784,2025-09-28,4
1286561,6097775,10736,,Venda,Apartamento,45.0,ASA NORTE,BRASILIA,600000.0,13333.0,0.0,0.0,-15.754,-47.8807,2025-09-28,0
1286637,6097850,1097,,Venda,Apartamento,78.0,ASA NORTE,BRASILIA,920000.0,11794.0,3.0,0.0,-15.7741,-47.8757,2025-09-28,8
1286644,6097857,1169200,,Venda,Apartamento,137.0,ASA NORTE,BRASILIA,1630000.0,11897.0,0.0,1.0,-15.7518,-47.8891,2025-09-28,8
1286657,6097870,11198,,Venda,Apartamento,70.0,ASA NORTE,BRASILIA,1170000.0,16714.0,0.0,1.0,-15.737,-47.891,2025-09-28,2
1286659,6097872,SM990,,Venda,Apartamento,122.0,ASA NORTE,BRASILIA,1840000.0,15081.0,0.0,1.0,-15.7681,-47.8875,2025-09-28,5
1286670,6097883,RQB0514,,Venda,Apartamento,112.0,ASA NORTE,BRASILIA,1600000.0,14321.0,0.0,1.0,-15.7762,-47.8831,2025-09-28,4
1286675,6097888,1217689,,Venda,Apartamento,123.0,ASA NORTE,BRASILIA,1450000.0,11788.0,0.0,1.0,-15.7633,-47.8858,2025-09-28,8
1286677,6097890,LV0315,,Venda,Apartamento,135.0,ASA NORTE,BRASILIA,1760000.0,13037.0,0.0,1.0,-15.7541,-47.8889,2025-09-28,0
1286694,6097907,1230870,,Venda,Apartamento,102.0,ASA NORTE,BRASILIA,1550000.0,15255.0,0.0,0.0,-15.7421,-47.8924,2025-09-28,5
1286707,6097920,1222935,,Venda,Apartamento,78.0,ASA NORTE,BRASILIA,830000.0,10641.0,3.0,0.0,-15.7743,-47.8773,2025-09-28,3
1286732,6097946,28-1,,Venda,Apartamento,80.0,ASA NORTE,BRASILIA,1245000.0,15562.0,0.0,1.0,-15.7495,-47.8858,2025-09-28,5
1286759,6097973,AP0434,,Venda,Apartamento,128.0,ASA NORTE,BRASILIA,1990000.0,15546.0,0.0,2.0,-15.7613,-47.8829,2025-09-28,5
1286788,6098002,1231061,,Venda,Apartamento,83.0,ASA NORTE,BRASILIA,930000.0,11204.0,0.0,0.0,-15.774,-47.875,2025-09-28,8
1286802,6098016,TH33337,,Venda,Apartamento,135.0,ASA NORTE,BRASILIA,1850000.0,13703.0,4.0,1.0,-15.7817,-47.8784,2025-09-28,4
1286810,6098024,1232148,,Venda,Apartamento,95.0,ASA NORTE,BRASILIA,1090000.0,11473.0,3.0,0.0,-15.7519,-47.8821,2025-09-28,8
1286894,6098108,CO9643,,Venda,Apartamento,125.0,ASA NORTE,BRASILIA,1300000.0,10400.0,3.0,0.0,-15.7726,-47.8836,2025-09-28,3
1286917,6098131,1115891,,Venda,Apartamento,53.0,ASA NORTE,BRASILIA,750000.0,14150.0,0.0,1.0,-15.776,-47.8907,2025-09-28,4
1286928,6098142,CO9033,,Venda,Apartamento,63.0,ASA NORTE,BRASILIA,800000.0,12698.0,3.0,0.0,-15.7518,-47.8927,2025-09-28,0
1286981,6098196,29-1,,Venda,Apartamento,80.0,ASA NORTE,BRASILIA,950000.0,11875.0,0.0,0.0,-15.7492,-47.883,2025-09-28,8
1287020,6098235,30-1,,Venda,Apartamento,326.0,ASA NORTE,BRASILIA,4100000.0,12576.0,0.0,3.0,-15.7603,-47.8868,2025-09-28,0
1287036,6098251,21-1,,Venda,Apartamento,105.0,ASA NORTE,BRASILIA,860000.0,8190.0,0.0,0.0,-15.7644,-47.8782,2025-09-28,6
1287046,6098262,26-1,,Venda,Apartamento,60.0,ASA NORTE,BRASILIA,849000.0,14150.0,0.0,1.0,-15.7405,-47.8887,2025-09-28,4
1287058,6098274,1116238,,Venda,Apartamento,107.0,ASA NORTE,BRASILIA,1450000.0,13551.0,0.0,1.0,-15.7464,-47.8954,2025-09-28,4
1287069,6098285,1213351,,Venda,Apartamento,125.0,ASA NORTE,BRASILIA,1520000.0,12130.0,3.0,0.0,-15.7757,-47.8831,2025-09-28,8
1287079,6098295,1225732,,Venda,Apartamento,159.0,ASA NORTE,BRASILIA,2150000.0,13522.0,0.0,2.0,-15.7509,-47.8888,2025-09-28,4
1287088,6098304,30536,,Venda,Apartamento,94.0,ASA NORTE,BRASILIA,1299000.0,13819.0,0.0,1.0,-15.7793,-47.8867,2025-09-28,4
1287098,6098314,1191276,,Venda,Apartamento,119.0,ASA NORTE,BRASILIA,1190000.0,10001.0,0.0,1.0,-15.7491,-47.8929,2025-09-28,3
1287104,6098320,mcarC616,,Venda,Apartamento,280.0,ASA NORTE,BRASILIA,3099000.0,11067.0,0.0,1.0,-15.7529,-47.8847,2025-09-28,3
1287106,6098322,10838,,Venda,Apartamento,25.0,ASA NORTE,BRASILIA,315000.0,12600.0,0.0,1.0,-15.7543,-47.9006,2025-09-28,0
1287124,6098340,1224748,,Venda,Apartamento,135.0,ASA NORTE,BRASILIA,1690000.0,12518.0,0.0,1.0,-15.758,-47.8906,2025-09-28,0
1287131,6098347,1187032,,Venda,Apartamento,167.0,ASA NORTE,BRASILIA,2099000.0,12568.0,0.0,1.0,-15.7417,-47.8928,2025-09-28,0
1287137,6098353,880111085-8,,Venda,Apartamento,144.0,ASA NORTE,BRASILIA,1660000.0,11551.0,0.0,1.0,-15.7709,-47.879,2025-09-28,8
1287144,6098360,10887,,Venda,Apartamento,45.0,ASA NORTE,BRASILIA,630000.0,14000.0,0.0,0.0,-15.7555,-47.881,2025-09-28,4
1287145,6098361,10909,,Venda,Apartamento,135.0,ASA NORTE,BRASILIA,1690000.0,12518.0,0.0,1.0,-15.7541,-47.8889,2025-09-28,0
1287154,6098370,1116723,,Venda,Apartamento,184.0,ASA NORTE,BRASILIA,1360000.0,7391.0,0.0,1.0,-15.7742,-47.89,2025-09-28,6
1287166,6098382,SQN2084qts,,Venda,Apartamento,124.0,ASA NORTE,BRASILIA,1830000.0,14758.0,0.0,2.0,-15.7613,-47.8829,2025-09-28,5
1287174,6098390,880111037-60,,Venda,Apartamento,47.0,ASA NORTE,BRASILIA,563000.0,11988.0,0.0,0.0,-15.769,-47.892,2025-09-28,8
1287197,6098413,TH33008,,Venda,Apartamento,102.0,ASA NORTE,BRASILIA,1690000.0,16568.0,3.0,2.0,-15.7731,-47.8864,2025-09-28,2
1287205,6098421,1128872,,Venda,Apartamento,77.0,ASA NORTE,BRASILIA,895000.0,11665.0,3.0,0.0,-15.7355,-47.8873,2025-09-28,8
1287206,6098422,10987,,Venda,Apartamento,194.0,ASA NORTE,BRASILIA,3675000.0,18943.0,0.0,3.0,-15.7405,-47.8887,2025-09-28,7
1287230,6098446,10923,,Venda,Apartamento,75.0,ASA NORTE,BRASILIA,870000.0,11600.0,0.0,1.0,-15.7392,-47.8967,2025-09-28,8
1287236,6098452,1167886,,Venda,Apartamento,208.0,ASA NORTE,BRASILIA,2195000.0,10552.0,0.0,1.0,-15.758,-47.8906,2025-09-28,3
1287266,6098482,r96,,Venda,Apartamento,95.0,ASA NORTE,BRASILIA,840000.0,8842.0,0.0,0.0,-15.7519,-47.8821,2025-09-28,1
1287275,6098491,03696,,Venda,Apartamento,181.0,ASA NORTE,BRASILIA,1950000.0,10766.0,0.0,1.0,-15.7695,-47.8833,2025-09-28,3
1287315,6098531,2954,,Venda,Apartamento,270.0,ASA NORTE,BRASILIA,3100000.0,11481.0,0.0,3.0,-15.758,-47.8906,2025-09-28,8
1287333,6098549,28946,,Venda,Apartamento,121.0,ASA NORTE,BRASILIA,1395000.0,11528.0,0.0,1.0,-15.7762,-47.8893,2025-09-28,8
1287339,6098555,TH26521,,Venda,Apartamento,103.0,ASA NORTE,BRASILIA,1230000.0,11941.0,3.0,1.0,-15.7488,-47.8936,2025-09-28,8
1287342,6098558,1093857,,Venda,Apartamento,127.0,ASA NORTE,BRASILIA,2069000.0,16291.0,0.0,2.0,-15.7613,-47.8829,2025-09-28,2
1287345,6098561,6355,,Venda,Apartamento,205.0,ASA NORTE,BRASILIA,3170000.0,15463.0,0.0,2.0,-15.7529,-47.8847,2025-09-28,5
1287353,6098569,VILLA150662V01,,Venda,Apartamento,80.0,ASA NORTE,BRASILIA,920000.0,11500.0,0.0,1.0,-15.7495,-47.8858,2025-09-28,8
1287360,6098576,9481,,Venda,Apartamento,40.0,ASA NORTE,BRASILIA,610000.0,15250.0,0.0,0.0,-15.7886,-47.8893,2025-09-28,5
1287381,6098596,10691,,Venda,Apartamento,57.0,ASA NORTE,BRASILIA,689000.0,12087.0,0.0,0.0,-15.7403,-47.9001,2025-09-28,8
1287400,6098615,10675,,Venda,Apartamento,96.0,ASA NORTE,BRASILIA,1350000.0,14062.0,0.0,1.0,-15.7549,-47.8916,2025-09-28,4
1287408,6098623,03707,,Venda,Apartamento,247.0,ASA NORTE,BRASILIA,3100000.0,12559.0,0.0,2.0,-15.7668,-47.8857,2025-09-28,0
1287424,6098639,10265,,Venda,Apartamento,79.0,ASA NORTE,BRASILIA,799000.0,10113.0,0.0,0.0,-15.7712,-47.8766,2025-09-28,3
1287460,6098675,VILLA151840V01,,Venda,Apartamento,86.0,ASA NORTE,BRASILIA,1400000.0,16279.0,0.0,1.0,-15.7401,-47.897,2025-09-28,2
1287467,6098682,P2987,,Venda,Apartamento,94.0,ASA NORTE,BRASILIA,1599000.0,17010.0,0.0,1.0,-15.7796,-47.8787,2025-09-28,2
1287468,6098683,P3004,,Venda,Apartamento,257.0,ASA NORTE,BRASILIA,3500000.0,13618.0,4.0,0.0,-15.7583,-47.8826,2025-09-28,4
1287492,6098707,VILLA150209V01,,Venda,Apartamento,169.0,ASA NORTE,BRASILIA,2200000.0,13017.0,0.0,2.0,-15.7586,-47.8894,2025-09-28,0
1287515,6098730,RB1653,,Venda,Apartamento,300.0,ASA NORTE,BRASILIA,3199000.0,10663.0,4.0,0.0,-15.7533,-47.8841,2025-09-28,3
1287571,6098786,1170648,,Venda,Apartamento,104.0,ASA NORTE,BRASILIA,1250000.0,12019.0,0.0,1.0,-15.7799,-47.8892,2025-09-28,8
1287595,6098809,1180873,,Venda,Apartamento,74.0,ASA NORTE,BRASILIA,1080000.0,14634.0,2.0,1.0,-15.7607,-47.8905,2025-09-28,5
1287608,6098822,1211898,,Venda,Apartamento,45.0,ASA NORTE,BRASILIA,730000.0,16222.0,1.0,1.0,-15.737,-47.891,2025-09-28,2
1287616,6098830,FIS00284,,Venda,Apartamento,110.0,ASA NORTE,BRASILIA,1400000.0,12727.0,2.0,1.0,-15.7698,-47.8838,2025-09-28,0
1287632,6098846,71790247,,Venda,Apartamento,34.0,ASA NORTE,BRASILIA,380000.0,11078.0,0.0,1.0,-15.7477,-47.9014,2025-09-28,3
1287633,6098847,AP002,,Venda,Apartamento,143.0,ASA NORTE,BRASILIA,1830000.0,12797.0,0.0,2.0,-15.7417,-47.8928,2025-09-28,0
1287642,6098856,617,,Venda,Apartamento,211.0,ASA NORTE,BRASILIA,2997000.0,14203.0,0.0,2.0,-15.7464,-47.8881,2025-09-28,4
1287643,6098857,1266581,,Venda,Apartamento,260.0,ASA NORTE,BRASILIA,4300000.0,16538.0,0.0,3.0,-15.7456,-47.8866,2025-09-28,2
1287648,6098862,P3269,,Venda,Apartamento,290.0,ASA NORTE,BRASILIA,3690000.0,12724.0,0.0,2.0,-15.747,-47.8883,2025-09-28,0
1287665,6098879,880241010-44,,Venda,Apartamento,29.0,ASA NORTE,BRASILIA,295000.0,10137.0,0.0,1.0,-15.7477,-47.9014,2025-09-28,3
1287704,6098918,1054704,,Venda,Apartamento,137.0,ASA NORTE,BRASILIA,1630000.0,11897.0,0.0,1.0,-15.7518,-47.8891,2025-09-28,8
1287728,6098942,271,,Venda,Apartamento,57.0,ASA NORTE,BRASILIA,690000.0,12105.0,0.0,0.0,-15.7707,-47.8881,2025-09-28,8
1287739,6098953,AP0271,,Venda,Apartamento,140.0,ASA NORTE,BRASILIA,1650000.0,11785.0,0.0,1.0,-15.7588,-47.8842,2025-09-28,8
1287743,6098957,896731,,Venda,Apartamento,143.0,ASA NORTE,BRASILIA,1890000.0,13216.0,4.0,1.0,-15.7456,-47.8866,2025-09-28,0
1287807,6099020,000058,,Venda,Apartamento,95.0,ASA NORTE,BRASILIA,1410000.0,14892.0,3.0,1.0,-15.7545,-47.891,2025-09-28,5
1287810,6099023,VILLA139637V01,,Venda,Apartamento,155.0,ASA NORTE,BRASILIA,2150000.0,13870.0,0.0,2.0,-15.754,-47.8917,2025-09-28,4
1287844,6099058,TH29030,,Venda,Apartamento,127.0,ASA NORTE,BRASILIA,1500000.0,11811.0,4.0,2.0,-15.7765,-47.8896,2025-09-28,8
1287873,6099087,708405,,Venda,Apartamento,51.0,ASA NORTE,BRASILIA,725000.0,14215.0,0.0,0.0,-15.7656,-47.8783,2025-09-28,4
1287927,6099140,AP2497,,Venda,Apartamento,25.0,ASA NORTE,BRASILIA,360000.0,14400.0,0.0,1.0,-15.7327,-47.8973,2025-09-28,4
1287938,6099151,10990,,Venda,Apartamento,137.0,ASA NORTE,BRASILIA,1560000.0,11386.0,0.0,1.0,-15.751,-47.8899,2025-09-28,8
1287939,6099152,9524,,Venda,Apartamento,123.0,ASA NORTE,BRASILIA,1450000.0,11788.0,0.0,1.0,-15.7633,-47.8858,2025-09-28,8
1287942,6099155,1199916,,Venda,Apartamento,134.0,ASA NORTE,BRASILIA,1580000.0,11791.0,0.0,1.0,-15.776,-47.886,2025-09-28,8
1287997,6099211,10012,,Venda,Apartamento,79.0,ASA NORTE,BRASILIA,825000.0,10443.0,3.0,0.0,-15.7782,-47.8758,2025-09-28,3
1288006,6099220,SQN208vistalivre,,Venda,Apartamento,124.0,ASA NORTE,BRASILIA,1830000.0,14758.0,0.0,2.0,-15.7613,-47.8829,2025-09-28,5
1288018,6099232,11116,,Venda,Apartamento,84.0,ASA NORTE,BRASILIA,1180000.0,14047.0,0.0,1.0,-15.7431,-47.8879,2025-09-28,4
1288040,6099254,1133324,,Venda,Apartamento,108.0,ASA NORTE,BRASILIA,1200000.0,11111.0,0.0,0.0,-15.7533,-47.8966,2025-09-28,3
1288045,6099259,1072247,,Venda,Apartamento,68.0,ASA NORTE,BRASILIA,860000.0,12663.0,0.0,0.0,-15.7378,-47.8942,2025-09-28,0
1288051,6099265,1108080,,Venda,Apartamento,40.0,ASA NORTE,BRASILIA,400000.0,10000.0,0.0,1.0,-15.7477,-47.9014,2025-09-28,3
1288131,6099345,10631,,Venda,Apartamento,162.0,ASA NORTE,BRASILIA,1850000.0,11419.0,5.0,1.0,-15.7495,-47.8858,2025-09-28,8
1288153,6099367,1228166,,Venda,Apartamento,115.0,ASA NORTE,BRASILIA,1690000.0,14695.0,3.0,1.0,-15.7757,-47.8831,2025-09-28,5
1288164,6099378,1202424,,Venda,Apartamento,137.0,ASA NORTE,BRASILIA,1570000.0,11459.0,0.0,1.0,-15.751,-47.8899,2025-09-28,8
1288176,6099390,960431,,Venda,Apartamento,245.0,ASA NORTE,BRASILIA,3500000.0,14285.0,4.0,4.0,-15.7569,-47.8874,2025-09-28,4
1288199,6099412,23-1,,Venda,Apartamento,125.0,ASA NORTE,BRASILIA,1290000.0,10320.0,0.0,0.0,-15.7726,-47.8836,2025-09-28,3
1288205,6099418,UB1586,,Venda,Apartamento,168.0,ASA NORTE,BRASILIA,2550000.0,15178.0,0.0,2.0,-15.7602,-47.886,2025-09-28,5
1288225,6099438,1167449,,Venda,Apartamento,143.0,ASA NORTE,BRASILIA,2120000.0,14825.0,0.0,1.0,-15.7464,-47.8881,2025-09-28,5
1288236,6099450,FJJ0533,,Venda,Apartamento,100.0,ASA NORTE,BRASILIA,980000.0,9800.0,0.0,0.0,-15.7523,-47.8937,2025-09-28,1
1288288,6099501,10901,,Venda,Apartamento,134.0,ASA NORTE,BRASILIA,1580000.0,11791.0,0.0,1.0,-15.776,-47.886,2025-09-28,8
1288289,6099502,1232745,,Venda,Apartamento,141.0,ASA NORTE,BRASILIA,1400000.0,9929.0,0.0,2.0,-15.7821,-47.8755,2025-09-28,1
1288320,6099533,AP0711,,Venda,Apartamento,95.0,ASA NORTE,BRASILIA,990000.0,10421.0,0.0,0.0,-15.7519,-47.8821,2025-09-28,3
1288334,6099547,BU755,,Venda,Apartamento,382.0,ASA NORTE,BRASILIA,5400001.0,14136.0,4.0,3.0,-15.758,-47.8906,2025-09-28,4
1288415,6099627,10407,,Venda,Apartamento,110.0,ASA NORTE,BRASILIA,1470000.0,13363.0,0.0,2.0,-15.7549,-47.8916,2025-09-28,0
1288422,6099634,10809,,Venda,Apartamento,132.0,ASA NORTE,BRASILIA,1850000.0,14015.0,0.0,1.0,-15.776,-47.886,2025-09-28,4
1288464,6099676,880161042-27,,Venda,Apartamento,44.0,ASA NORTE,BRASILIA,380000.0,8636.0,0.0,0.0,-15.7477,-47.9014,2025-09-28,1
1288502,6099714,TH30120,,Venda,Apartamento,80.0,ASA NORTE,BRASILIA,780000.0,9750.0,3.0,0.0,-15.7741,-47.8757,2025-09-28,1
1288572,6099784,TA2265,,Venda,Apartamento,90.0,ASA NORTE,BRASILIA,1249000.0,13877.0,0.0,1.0,-15.7529,-47.8847,2025-09-28,4
1288589,6099801,1215430,,Venda,Apartamento,102.0,ASA NORTE,BRASILIA,1720000.0,16862.0,0.0,2.0,-15.7731,-47.8864,2025-09-28,2
1288591,6099803,GM5448,,Venda,Apartamento,127.0,ASA NORTE,BRASILIA,1669000.0,13141.0,3.0,1.0,-15.7456,-47.8946,2025-09-28,0
1288604,6099816,1167429,,Venda,Apartamento,90.0,ASA NORTE,BRASILIA,1080000.0,12000.0,0.0,1.0,-15.7588,-47.8842,2025-09-28,8
1288620,6099832,1034043,,Venda,Apartamento,130.0,ASA NORTE,BRASILIA,1380000.0,10615.0,0.0,1.0,-15.7405,-47.8887,2025-09-28,3
1288643,6099855,1200650,,Venda,Apartamento,38.0,ASA NORTE,BRASILIA,380000.0,10000.0,1.0,0.0,-15.743,-47.8983,2025-09-28,3
1288644,6099856,AP0754,,Venda,Apartamento,124.0,ASA NORTE,BRASILIA,1580000.0,12741.0,0.0,1.0,-15.7633,-47.8858,2025-09-28,0
1288656,6099868,DSF309,,Venda,Apartamento,25.0,ASA NORTE,BRASILIA,330000.0,13200.0,0.0,1.0,-15.7543,-47.9006,2025-09-28,0
1288686,6099898,905320,,Venda,Apartamento,110.0,ASA NORTE,BRASILIA,1470000.0,13363.0,0.0,2.0,-15.7549,-47.8916,2025-09-28,0
1288718,6099930,1217651,,Venda,Apartamento,127.0,ASA NORTE,BRASILIA,1670000.0,13149.0,3.0,1.0,-15.7461,-47.8947,2025-09-28,0
1288746,6099959,1232134,,Venda,Apartamento,124.0,ASA NORTE,BRASILIA,1830000.0,14758.0,0.0,2.0,-15.7613,-47.8829,2025-09-28,5
1288771,6099984,RB1579,,Venda,Apartamento,279.0,ASA NORTE,BRASILIA,3099000.0,11107.0,5.0,1.0,-15.7533,-47.8841,2025-09-28,3
1288811,6100024,1040268,,Venda,Apartamento,108.0,ASA NORTE,BRASILIA,1100000.0,10185.0,0.0,0.0,-15.7616,-47.8945,2025-09-28,3
1288827,6100040,1182694,,Venda,Apartamento,176.0,ASA NORTE,BRASILIA,2590000.0,14715.0,0.0,2.0,-15.7572,-47.8879,2025-09-28,5
1288841,6100054,FIS00237,,Venda,Apartamento,189.0,ASA NORTE,BRASILIA,2149000.0,11370.0,0.0,1.0,-15.7698,-47.8838,2025-09-28,8
1288854,6100067,1177299,,Venda,Apartamento,35.0,ASA NORTE,BRASILIA,375000.0,10806.0,0.0,0.0,-15.7477,-47.9014,2025-09-28,3
1288869,6100083,1096174,,Venda,Apartamento,78.0,ASA NORTE,BRASILIA,915000.0,11730.0,3.0,0.0,-15.7712,-47.8757,2025-09-28,8
1288883,6100097,1206232,,Venda,Apartamento,137.0,ASA NORTE,BRASILIA,1690000.0,12335.0,3.0,1.0,-15.7541,-47.8889,2025-09-28,8
1288933,6100147,1217103,,Venda,Apartamento,120.0,ASA NORTE,BRASILIA,1520000.0,12666.0,3.0,1.0,-15.7425,-47.8956,2025-09-28,0
1288935,6100149,1110913,,Venda,Apartamento,58.0,ASA NORTE,BRASILIA,690000.0,11981.0,0.0,0.0,-15.7701,-47.887,2025-09-28,8
1288965,6100179,880241011-203,,Venda,Apartamento,344.0,ASA NORTE,BRASILIA,4200000.0,12221.0,0.0,3.0,-15.7602,-47.886,2025-09-28,8
1288996,6100209,AP2496,,Venda,Apartamento,25.0,ASA NORTE,BRASILIA,360000.0,14400.0,0.0,1.0,-15.7327,-47.8973,2025-09-28,4
1289039,6100252,728352,,Venda,Apartamento,69.0,ASA NORTE,BRASILIA,789000.0,11434.0,2.0,0.0,-15.7382,-47.8899,2025-09-28,8
1289064,6100277,880161013-28,,Venda,Apartamento,60.0,ASA NORTE,BRASILIA,719000.0,11933.0,0.0,0.0,-15.7451,-47.8935,2025-09-28,8
1289077,6100290,TH29611,,Venda,Apartamento,160.0,ASA NORTE,BRASILIA,2400000.0,15000.0,4.0,2.0,-15.7456,-47.8946,2025-09-28,5
1289106,6100319,1232749,,Venda,Apartamento,141.0,ASA NORTE,BRASILIA,1400000.0,9929.0,0.0,2.0,-15.7821,-47.8755,2025-09-28,1
1289118,6100331,1100895,,Venda,Apartamento,168.0,ASA NORTE,BRASILIA,2195000.0,13088.0,0.0,1.0,-15.7409,-47.8938,2025-09-28,0
1289128,6100341,1217759,,Venda,Apartamento,90.0,ASA NORTE,BRASILIA,1249000.0,13804.0,0.0,1.0,-15.7529,-47.8847,2025-09-28,4
1289135,6100348,957056,,Venda,Apartamento,55.0,ASA NORTE,BRASILIA,720000.0,13090.0,0.0,0.0,-15.7403,-47.9001,2025-09-28,0
1289171,6100383,1123,,Venda,Apartamento,157.0,ASA NORTE,BRASILIA,2250000.0,14331.0,0.0,2.0,-15.7451,-47.8956,2025-09-28,4
1289191,6100403,64619,,Venda,Apartamento,240.0,ASA NORTE,BRASILIA,2350000.0,9791.0,0.0,2.0,-15.7521,-47.8848,2025-09-28,1
1289232,6100444,CO9773,,Venda,Apartamento,84.0,ASA NORTE,BRASILIA,1180000.0,14087.0,2.0,1.0,-15.7431,-47.8879,2025-09-28,4
1289271,6100483,880131002-123,,Venda,Apartamento,110.0,ASA NORTE,BRASILIA,1450000.0,13181.0,0.0,1.0,-15.7462,-47.8871,2025-09-28,0
1289291,6100503,854804,,Venda,Apartamento,270.0,ASA NORTE,BRASILIA,3100000.0,11481.0,0.0,3.0,-15.758,-47.8906,2025-09-28,8
1289337,6100549,UB1682,,Venda,Apartamento,137.0,ASA NORTE,BRASILIA,1570000.0,11459.0,0.0,1.0,-15.751,-47.8899,2025-09-28,8
1289352,6100564,1177797,,Venda,Apartamento,74.0,ASA NORTE,BRASILIA,1070000.0,14498.0,0.0,1.0,-15.7607,-47.8905,2025-09-28,4
1289367,6100579,1121860,,Venda,Apartamento,181.0,ASA NORTE,BRASILIA,2029000.0,11209.0,0.0,1.0,-15.7695,-47.8833,2025-09-28,8
1289398,6100610,880341045-74,,Venda,Apartamento,77.0,ASA NORTE,BRASILIA,899000.0,11675.0,0.0,0.0,-15.7358,-47.8882,2025-09-28,8
1289458,6100670,28277,,Venda,Apartamento,100.0,ASA NORTE,BRASILIA,1599000.0,15990.0,0.0,1.0,-15.7796,-47.8787,2025-09-28,2
1289466,6100678,1109563,,Venda,Apartamento,168.0,ASA NORTE,BRASILIA,2195000.0,13088.0,0.0,1.0,-15.7409,-47.8938,2025-09-28,0
1289517,6100730,736107,,Venda,Apartamento,55.0,ASA NORTE,BRASILIA,575000.0,10454.0,0.0,0.0,-15.7671,-47.8916,2025-09-28,3
1289519,6100732,CC213,,Venda,Apartamento,268.0,ASA NORTE,BRASILIA,4500000.0,16782.0,0.0,3.0,-15.7456,-47.8882,2025-09-28,2
1289581,6100794,945,,Venda,Apartamento,42.0,ASA NORTE,BRASILIA,340000.0,8095.0,0.0,0.0,-15.758,-47.8951,2025-09-28,6
1289604,6100817,1188738,,Venda,Apartamento,78.0,ASA NORTE,BRASILIA,1120000.0,14358.0,2.0,1.0,-15.7792,-47.8857,2025-09-28,4
1289623,6100836,342430,,Venda,Apartamento,101.0,ASA NORTE,BRASILIA,1230000.0,12178.0,0.0,1.0,-15.7421,-47.8924,2025-09-28,8
1289647,6100861,1183938,,Venda,Apartamento,260.0,ASA NORTE,BRASILIA,4100000.0,15769.0,0.0,3.0,-15.7456,-47.8866,2025-09-28,2
1289683,6100897,1164132y,,Venda,Apartamento,135.0,ASA NORTE,BRASILIA,1690000.0,12546.0,0.0,1.0,-15.7541,-47.8889,2025-09-28,0
1289686,6100900,1186380,,Venda,Apartamento,90.0,ASA NORTE,BRASILIA,1250000.0,13888.0,0.0,0.0,-15.7518,-47.8927,2025-09-28,4
1289701,6100915,1097095,,Venda,Apartamento,41.0,ASA NORTE,BRASILIA,519000.0,12658.0,2.0,0.0,-15.7512,-47.8967,2025-09-28,0
1289778,6100992,685966,,Venda,Apartamento,95.0,ASA NORTE,BRASILIA,910000.0,9548.0,0.0,0.0,-15.7525,-47.881,2025-09-28,1
1289803,6101017,03772,,Venda,Apartamento,79.0,ASA NORTE,BRASILIA,780000.0,9904.0,0.0,0.0,-15.7743,-47.8773,2025-09-28,1
1289835,6101049,TH28385,,Venda,Apartamento,95.0,ASA NORTE,BRASILIA,1100000.0,11578.0,3.0,0.0,-15.7519,-47.8821,2025-09-28,8
1289841,6101055,CO9618,,Venda,Apartamento,70.0,ASA NORTE,BRASILIA,1170000.0,16714.0,2.0,1.0,-15.737,-47.891,2025-09-28,2
1289842,6101056,1210603,,Venda,Apartamento,132.0,ASA NORTE,BRASILIA,1790000.0,13560.0,3.0,1.0,-15.776,-47.886,2025-09-28,4
1289872,6101086,TH29616,,Venda,Apartamento,47.0,ASA NORTE,BRASILIA,349000.0,7425.0,2.0,0.0,-15.7578,-47.8945,2025-09-28,6
1289883,6101097,RM2013,,Venda,Apartamento,168.0,ASA NORTE,BRASILIA,2099000.0,12518.0,4.0,1.0,-15.7411,-47.893,2025-09-28,0
1289895,6101109,1185610,,Venda,Apartamento,221.0,ASA NORTE,BRASILIA,3900000.0,17647.0,0.0,2.0,-15.7456,-47.8866,2025-09-28,7
1289905,6101119,RM1861,,Venda,Apartamento,137.0,ASA NORTE,BRASILIA,1630000.0,11897.0,0.0,1.0,-15.7518,-47.8891,2025-09-28,8
1289906,6101120,FIS00402,,Venda,Apartamento,75.0,ASA NORTE,BRASILIA,720000.0,9600.0,2.0,1.0,-15.7391,-47.9013,2025-09-28,1
1289940,6101153,1216476,,Venda,Apartamento,64.0,ASA NORTE,BRASILIA,720000.0,11250.0,0.0,0.0,-15.7567,-47.8797,2025-09-28,8
1289957,6101170,1107327,,Venda,Apartamento,175.0,ASA NORTE,BRASILIA,2280000.0,13028.0,0.0,2.0,-15.7407,-47.888,2025-09-28,0
1289974,6101187,1184009,,Venda,Apartamento,172.0,ASA NORTE,BRASILIA,1750000.0,10174.0,3.0,1.0,-15.7466,-47.8923,2025-09-28,3
1289981,6101194,1212641,,Venda,Apartamento,123.0,ASA NORTE,BRASILIA,1580000.0,12845.0,4.0,2.0,-15.7608,-47.8885,2025-09-28,0
1290009,6101222,1176689,,Venda,Apartamento,105.0,ASA NORTE,BRASILIA,970000.0,9238.0,0.0,0.0,-15.765,-47.877,2025-09-28,1
1290019,6101232,FEC0288,,Venda,Apartamento,127.0,ASA NORTE,BRASILIA,1500000.0,11811.0,4.0,2.0,-15.7762,-47.8893,2025-09-28,8
1290035,6101248,1188637,,Venda,Apartamento,90.0,ASA NORTE,BRASILIA,1300000.0,14444.0,0.0,2.0,-15.7898,-47.8899,2025-09-28,4
1290054,6101267,1232336,,Venda,Apartamento,86.0,ASA NORTE,BRASILIA,850000.0,9883.0,0.0,0.0,-15.7674,-47.8784,2025-09-28,1
1290104,6101320,1188605,,Venda,Apartamento,376.0,ASA NORTE,BRASILIA,3572000.0,9500.0,0.0,4.0,-15.7456,-47.8946,2025-09-28,1
1290106,6101322,AP2404V,,Venda,Apartamento,95.0,ASA NORTE,BRASILIA,1589990.0,16736.0,0.0,1.0,-15.7794,-47.8787,2025-09-28,2
1290142,6101358,1010461,,Venda,Apartamento,202.0,ASA NORTE,BRASILIA,2180000.0,10792.0,0.0,2.0,-15.7529,-47.8847,2025-09-28,3
1290172,6101388,1232699,,Venda,Apartamento,130.0,ASA NORTE,BRASILIA,1800000.0,13846.0,0.0,1.0,-15.7726,-47.8836,2025-09-28,4
1290192,6101409,501464,,Venda,Apartamento,110.0,ASA NORTE,BRASILIA,1470000.0,13363.0,0.0,2.0,-15.7551,-47.8927,2025-09-28,0
1290197,6101414,VDC5N,,Venda,Apartamento,120.0,ASA NORTE,BRASILIA,1400000.0,11666.0,0.0,1.0,-15.7405,-47.8887,2025-09-28,8
1290254,6101471,CO9360,,Venda,Apartamento,104.0,ASA NORTE,BRASILIA,1580000.0,15259.0,3.0,1.0,-15.7488,-47.8936,2025-09-28,5
1290301,6101517,1217048,,Venda,Apartamento,94.0,ASA NORTE,BRASILIA,1200000.0,12774.0,0.0,1.0,-15.7781,-47.8787,2025-09-28,0
1290375,6101592,1080767,,Venda,Apartamento,33.0,ASA NORTE,BRASILIA,410000.0,12424.0,1.0,0.0,-15.7389,-47.9007,2025-09-28,0
1290419,6101637,687123,,Venda,Apartamento,102.0,ASA NORTE,BRASILIA,850000.0,8292.0,0.0,0.0,-15.7497,-47.8979,2025-09-28,6
1290443,6101661,CO9707,,Venda,Apartamento,78.0,ASA NORTE,BRASILIA,770000.0,9871.0,0.0,0.0,-15.7741,-47.8757,2025-09-28,1
1290457,6101675,1184832,,Venda,Apartamento,74.0,ASA NORTE,BRASILIA,1390000.0,18809.0,0.0,2.0,-15.7529,-47.8847,2025-09-28,7
1290505,6101723,1224125,,Venda,Apartamento,52.0,ASA NORTE,BRASILIA,600000.0,11538.0,0.0,0.0,-15.754,-47.8807,2025-09-28,8
1290551,6101770,1199614,,Venda,Apartamento,172.0,ASA NORTE,BRASILIA,2420000.0,14069.0,0.0,2.0,-15.758,-47.8906,2025-09-28,4
1290644,6101864,1066685,,Venda,Apartamento,122.0,ASA NORTE,BRASILIA,1660000.0,13606.0,0.0,0.0,-15.7469,-47.8979,2025-09-28,4
1290655,6101876,1177881,,Venda,Apartamento,123.0,ASA NORTE,BRASILIA,1760000.0,14308.0,0.0,0.0,-15.7469,-47.8979,2025-09-28,4
1290690,6101911,1126390,,Venda,Apartamento,139.0,ASA NORTE,BRASILIA,1550000.0,11151.0,4.0,1.0,-15.7453,-47.8943,2025-09-28,3
1290700,6101921,AP0457,,Venda,Apartamento,49.0,ASA NORTE,BRASILIA,590000.0,12040.0,0.0,0.0,-15.7682,-47.8919,2025-09-28,8
1290715,6101936,1007472,,Venda,Apartamento,320.0,ASA NORTE,BRASILIA,5238961.0,16375.0,4.0,4.0,-15.7413,-47.8887,2025-09-28,2
1290728,6101949,384,,Venda,Apartamento,245.0,ASA NORTE,BRASILIA,3500000.0,14285.0,4.0,2.0,-15.7569,-47.8874,2025-09-28,4
1290742,6101963,1092312,,Venda,Apartamento,110.0,ASA NORTE,BRASILIA,1690000.0,15363.0,0.0,2.0,-15.7606,-47.8867,2025-09-28,5
1290767,6101988,coberturaSIL,,Venda,Apartamento,175.0,ASA NORTE,BRASILIA,2620000.0,14971.0,0.0,3.0,-15.7572,-47.8879,2025-09-28,5
1290790,6102011,AM465,,Venda,Apartamento,135.0,ASA NORTE,BRASILIA,1790000.0,13259.0,3.0,1.0,-15.7534,-47.8891,2025-09-28,0
1290812,6102033,1203710,,Venda,Apartamento,131.0,ASA NORTE,BRASILIA,2000000.0,15267.0,3.0,2.0,-15.7613,-47.8829,2025-09-28,5
1290821,6102042,1195950,,Venda,Apartamento,90.0,ASA NORTE,BRASILIA,1070000.0,11888.0,0.0,1.0,-15.7588,-47.8842,2025-09-28,8
1290826,6102047,AR310,,Venda,Apartamento,270.0,ASA NORTE,BRASILIA,3100000.0,11481.0,0.0,3.0,-15.758,-47.8906,2025-09-28,8
1290833,6102054,724085,,Venda,Apartamento,134.0,ASA NORTE,BRASILIA,1635000.0,12201.0,0.0,1.0,-15.7824,-47.8783,2025-09-28,8
1290840,6102061,01664V-DFI,,Venda,Apartamento,137.0,ASA NORTE,BRASILIA,1570000.0,11459.0,0.0,1.0,-15.7509,-47.8888,2025-09-28,8
1290843,6102064,UB1587,,Venda,Apartamento,167.0,ASA NORTE,BRASILIA,2099000.0,12568.0,0.0,1.0,-15.7411,-47.893,2025-09-28,0
1290853,6102074,1182991,,Venda,Apartamento,90.0,ASA NORTE,BRASILIA,1070000.0,11888.0,0.0,1.0,-15.7588,-47.8842,2025-09-28,8
1290865,6102086,1190017,,Venda,Apartamento,79.0,ASA NORTE,BRASILIA,740000.0,9367.0,0.0,0.0,-15.7682,-47.8772,2025-09-28,1
1290906,6102127,1206368,,Venda,Apartamento,31.0,ASA NORTE,BRASILIA,389000.0,12712.0,0.0,0.0,-15.7522,-47.8893,2025-09-28,0
1290982,6102203,741,,Venda,Apartamento,108.0,ASA NORTE,BRASILIA,1070000.0,9907.0,3.0,0.0,-15.7617,-47.8932,2025-09-28,1
1291018,6102238,LFM-061-25,,Venda,Apartamento,132.0,ASA NORTE,BRASILIA,1790000.0,13560.0,3.0,1.0,-15.776,-47.886,2025-09-28,4
1291092,6102312,FKS1607,,Venda,Apartamento,140.0,ASA NORTE,BRASILIA,1700000.0,12168.0,0.0,1.0,-15.7588,-47.8842,2025-09-28,8
1291098,6102318,1203124,,Venda,Apartamento,128.0,ASA NORTE,BRASILIA,1550000.0,12109.0,3.0,1.0,-15.7388,-47.8977,2025-09-28,8
1291100,6102320,BE447JP,,Venda,Apartamento,90.0,ASA NORTE,BRASILIA,765000.0,8500.0,0.0,0.0,-15.7774,-47.8768,2025-09-28,1
1291145,6102365,CO9583,,Venda,Apartamento,45.0,ASA NORTE,BRASILIA,600000.0,13333.0,2.0,0.0,-15.7555,-47.881,2025-09-28,0
1291172,6102392,Apto,,Venda,Apartamento,120.0,ASA NORTE,BRASILIA,1595000.0,13291.0,0.0,1.0,-15.7694,-47.8807,2025-09-28,0
1291184,6102404,1199960,,Venda,Apartamento,168.0,ASA NORTE,BRASILIA,1850000.0,11011.0,0.0,1.0,-15.7603,-47.8896,2025-09-28,3
1291223,6102444,AP0032,,Venda,Apartamento,125.0,ASA NORTE,BRASILIA,1500000.0,12000.0,0.0,1.0,-15.7576,-47.8905,2025-09-28,8
1291229,6102450,1209759,,Venda,Apartamento,135.0,ASA NORTE,BRASILIA,1690000.0,12518.0,3.0,1.0,-15.7538,-47.8881,2025-09-28,0
1291230,6102451,1212651,,Venda,Apartamento,29.0,ASA NORTE,BRASILIA,405000.0,13965.0,1.0,1.0,-15.7639,-47.8933,2025-09-28,4
1291249,6102470,1230417,,Venda,Apartamento,119.0,ASA NORTE,BRASILIA,1550000.0,13025.0,0.0,1.0,-15.7495,-47.893,2025-09-28,0
1291261,6102482,BE205MV,,Venda,Apartamento,300.0,ASA NORTE,BRASILIA,3199000.0,10663.0,0.0,1.0,-15.7533,-47.8841,2025-09-28,3
1291287,6102509,1204167,,Venda,Apartamento,89.0,ASA NORTE,BRASILIA,850000.0,9550.0,0.0,0.0,-15.7682,-47.8772,2025-09-28,1
1291302,6102524,BE544TG,,Venda,Apartamento,168.0,ASA NORTE,BRASILIA,2100000.0,12500.0,4.0,1.0,-15.751,-47.8899,2025-09-28,0
1291320,6102542,1104121,,Venda,Apartamento,50.0,ASA NORTE,BRASILIA,550000.0,11000.0,0.0,0.0,-15.7403,-47.9001,2025-09-28,3
1291335,6102557,1235614,,Venda,Apartamento,120.0,ASA NORTE,BRASILIA,1700000.0,14166.0,3.0,1.0,-15.7681,-47.8812,2025-09-28,4
1291350,6102572,1171617,,Venda,Apartamento,79.0,ASA NORTE,BRASILIA,480000.0,6075.0,0.0,0.0,-15.7749,-47.89,2025-09-28,6
1291430,6102653,CO8905,,Venda,Apartamento,181.0,ASA NORTE,BRASILIA,1950000.0,10766.0,0.0,1.0,-15.7698,-47.8838,2025-09-28,3
1291474,6102697,1226917,,Venda,Apartamento,60.0,ASA NORTE,BRASILIA,795000.0,13170.0,0.0,1.0,-15.7564,-47.8839,2025-09-28,0
1291491,6102715,1190723,,Venda,Apartamento,79.0,ASA NORTE,BRASILIA,825000.0,10443.0,0.0,0.0,-15.7782,-47.8767,2025-09-28,3
1291519,6102745,UB1543,,Venda,Apartamento,110.0,ASA NORTE,BRASILIA,1470000.0,13363.0,0.0,2.0,-15.7551,-47.8927,2025-09-28,0
1291520,6102746,1103525,,Venda,Apartamento,78.0,ASA NORTE,BRASILIA,950000.0,12179.0,0.0,0.0,-15.7742,-47.8764,2025-09-28,8
1291572,6102798,1151133,,Venda,Apartamento,116.0,ASA NORTE,BRASILIA,1100000.0,9482.0,3.0,0.0,-15.7601,-47.8943,2025-09-28,1
1291598,6102824,1123484,,Venda,Apartamento,137.0,ASA NORTE,BRASILIA,1780000.0,12992.0,0.0,1.0,-15.751,-47.8899,2025-09-28,0
1291609,6102835,VILLA151801V01,,Venda,Apartamento,28.0,ASA NORTE,BRASILIA,380000.0,13571.0,0.0,0.0,-15.781,-47.8892,2025-09-28,4
1291641,6102867,AP0897,,Venda,Apartamento,210.0,ASA NORTE,BRASILIA,2750000.0,13095.0,0.0,0.0,-15.7529,-47.8847,2025-09-28,0
1291649,6102875,AP2616,,Venda,Apartamento,31.0,ASA NORTE,BRASILIA,375000.0,12096.0,0.0,0.0,-15.7909,-47.8853,2025-09-28,8
1291650,6102876,1206376,,Venda,Apartamento,37.0,ASA NORTE,BRASILIA,429000.0,11718.0,0.0,0.0,-15.744,-47.8943,2025-09-28,8
1291658,6102884,1204180,,Venda,Apartamento,50.0,ASA NORTE,BRASILIA,420000.0,8400.0,0.0,0.0,-15.7576,-47.8829,2025-09-28,1
1291681,6102906,720619,,Venda,Apartamento,63.0,ASA NORTE,BRASILIA,850000.0,13492.0,2.0,0.0,-15.737,-47.891,2025-09-28,4
1291771,6102996,1193065,,Venda,Apartamento,260.0,ASA NORTE,BRASILIA,4300000.0,16538.0,3.0,3.0,-15.7456,-47.8866,2025-09-28,2
1291772,6102997,FKS2201,,Venda,Apartamento,95.0,ASA NORTE,BRASILIA,819000.0,8621.0,0.0,0.0,-15.7581,-47.8801,2025-09-28,1
1291792,6103017,602164,,Venda,Apartamento,48.0,ASA NORTE,BRASILIA,500000.0,10416.0,0.0,0.0,-15.7909,-47.8853,2025-09-28,3
1291820,6103045,1128814,,Venda,Apartamento,80.0,ASA NORTE,BRASILIA,699000.0,8737.0,0.0,0.0,-15.7748,-47.8893,2025-09-28,1
1291854,6103079,JULIA448,,Venda,Apartamento,45.0,ASA NORTE,BRASILIA,600000.0,13333.0,0.0,0.0,-15.754,-47.8807,2025-09-28,0
1291932,6103158,1043087,,Venda,Apartamento,60.0,ASA NORTE,BRASILIA,660000.0,11000.0,2.0,0.0,-15.7819,-47.8752,2025-09-28,3
1291951,6103177,CB039,,Venda,Apartamento,175.0,ASA NORTE,BRASILIA,2620000.0,14971.0,0.0,3.0,-15.7572,-47.8879,2025-09-28,5
1291971,6103196,CO8939,,Venda,Apartamento,35.0,ASA NORTE,BRASILIA,290000.0,8285.0,1.0,0.0,-15.7518,-47.8973,2025-09-28,6
1291997,6103222,1234565,,Venda,Apartamento,270.0,ASA NORTE,BRASILIA,3100000.0,11481.0,0.0,3.0,-15.758,-47.8906,2025-09-28,8
1292005,6103230,1164151,,Venda,Apartamento,141.0,ASA NORTE,BRASILIA,1400000.0,9954.0,0.0,0.0,-15.7509,-47.8888,2025-09-28,3
1292032,6103257,1022895,,Venda,Apartamento,181.0,ASA NORTE,BRASILIA,1950000.0,10766.0,0.0,1.0,-15.7695,-47.8833,2025-09-28,3
1292053,6103278,1218171,,Venda,Apartamento,76.0,ASA NORTE,BRASILIA,1165000.0,15328.0,0.0,1.0,-15.7665,-47.8849,2025-09-28,5
1292059,6103284,P2609,,Venda,Apartamento,247.0,ASA NORTE,BRASILIA,3000000.0,12154.0,4.0,2.0,-15.7665,-47.8849,2025-09-28,8
1292107,6103333,1151448,,Venda,Apartamento,132.0,ASA NORTE,BRASILIA,1850000.0,14015.0,0.0,1.0,-15.776,-47.886,2025-09-28,4
1292126,6103352,866671,,Venda,Apartamento,113.0,ASA NORTE,BRASILIA,1399000.0,12380.0,3.0,1.0,-15.7757,-47.8831,2025-09-28,0
1292167,6103393,1035378,,Venda,Apartamento,185.0,ASA NORTE,BRASILIA,1350000.0,7297.0,2.0,1.0,-15.7736,-47.8901,2025-09-28,6
1292178,6103403,1221151,,Venda,Apartamento,120.0,ASA NORTE,BRASILIA,1380000.0,11500.0,0.0,1.0,-15.7404,-47.8883,2025-09-28,8
1292192,6103417,AP0116,,Venda,Apartamento,130.0,ASA NORTE,BRASILIA,1850000.0,14230.0,4.0,2.0,-15.7613,-47.8829,2025-09-28,4
1292267,6103492,1199235,,Venda,Apartamento,118.0,ASA NORTE,BRASILIA,1597000.0,13552.0,0.0,2.0,-15.7431,-47.8879,2025-09-28,4
1292268,6103493,BIARRITZ,,Venda,Apartamento,44.0,ASA NORTE,BRASILIA,649000.0,14750.0,0.0,1.0,53.912,38.557,2025-09-28,5
1292303,6103529,11196,,Venda,Apartamento,103.0,ASA NORTE,BRASILIA,1720000.0,16699.0,0.0,2.0,-15.7731,-47.8864,2025-09-28,2
1292304,6103530,VDSB2N,,Venda,Apartamento,40.0,ASA NORTE,BRASILIA,390000.0,9750.0,0.0,1.0,-15.7477,-47.9014,2025-09-28,1
1292319,6103545,1229821,,Venda,Apartamento,48.0,ASA NORTE,BRASILIA,360000.0,7515.0,0.0,0.0,-15.7516,-47.8965,2025-09-28,6
1292321,6103547,1114198,,Venda,Apartamento,28.0,ASA NORTE,BRASILIA,365000.0,13035.0,0.0,0.0,-15.7453,-47.8871,2025-09-28,0
1292331,6103557,CO9792,,Venda,Apartamento,34.0,ASA NORTE,BRASILIA,390000.0,11370.0,1.0,1.0,-15.7477,-47.9014,2025-09-28,8
1292336,6103562,1236432,,Venda,Apartamento,90.0,ASA NORTE,BRASILIA,1200000.0,13333.0,2.0,0.0,-15.7526,-47.8918,2025-09-28,0
1292339,6103565,1055938,,Venda,Apartamento,98.0,ASA NORTE,BRASILIA,1350000.0,13775.0,0.0,1.0,-15.7547,-47.8894,2025-09-28,4
1292350,6103576,1226966,,Venda,Apartamento,63.0,ASA NORTE,BRASILIA,542000.0,8603.0,2.0,1.0,-15.7401,-47.897,2025-09-28,1
1292352,6103578,936579,,Venda,Apartamento,112.0,ASA NORTE,BRASILIA,1600000.0,14285.0,0.0,1.0,-15.7757,-47.8831,2025-09-28,4
1292384,6103610,1218790,,Venda,Apartamento,202.0,ASA NORTE,BRASILIA,2180000.0,10792.0,0.0,2.0,-15.7529,-47.8847,2025-09-28,3
1292404,6103631,936573,,Venda,Apartamento,112.0,ASA NORTE,BRASILIA,1600000.0,14285.0,0.0,1.0,-15.7757,-47.8831,2025-09-28,4
1292424,6103651,1164294,,Venda,Apartamento,103.0,ASA NORTE,BRASILIA,1620000.0,15728.0,0.0,2.0,-15.7727,-47.8877,2025-09-28,5
1292438,6103665,AP00096,,Venda,Apartamento,55.0,ASA NORTE,BRASILIA,390000.0,7090.0,3.0,0.0,-15.7612,-47.8927,2025-09-28,6
1292441,6103668,1200680,,Venda,Apartamento,172.0,ASA NORTE,BRASILIA,2420000.0,14069.0,4.0,2.0,-15.758,-47.8906,2025-09-28,4
1292442,6103669,936583,,Venda,Apartamento,112.0,ASA NORTE,BRASILIA,1600000.0,14285.0,0.0,1.0,-15.7757,-47.8831,2025-09-28,4
1292464,6103691,1200141,,Venda,Apartamento,74.0,ASA NORTE,BRASILIA,1100000.0,14866.0,0.0,1.0,-15.762,-47.8909,2025-09-28,5
1292492,6103719,1232958,,Venda,Apartamento,70.0,ASA NORTE,BRASILIA,890000.0,12714.0,2.0,1.0,-15.7456,-47.8946,2025-09-28,0
1292512,6103739,811721,,Venda,Apartamento,246.0,ASA NORTE,BRASILIA,3000000.0,12195.0,0.0,2.0,-15.7665,-47.8849,2025-09-28,8
1292550,6103777,1154868,,Venda,Apartamento,79.0,ASA NORTE,BRASILIA,720000.0,9113.0,0.0,1.0,-15.7724,-47.8771,2025-09-28,1
1292561,6103788,1085032,,Venda,Apartamento,37.0,ASA NORTE,BRASILIA,350000.0,9459.0,0.0,0.0,-15.7393,-47.8992,2025-09-28,1
1292566,6103793,944436,,Venda,Apartamento,151.0,ASA NORTE,BRASILIA,2100000.0,13907.0,0.0,1.0,-15.7554,-47.8909,2025-09-28,4
1292591,6103818,1230965,,Venda,Apartamento,68.0,ASA NORTE,BRASILIA,775000.0,11397.0,0.0,0.0,-15.7497,-47.8839,2025-09-28,8
1292647,6103874,1208428,,Venda,Apartamento,117.0,ASA NORTE,BRASILIA,1550000.0,13247.0,0.0,1.0,-15.7572,-47.8879,2025-09-28,0
1292685,6103912,UB1616,,Venda,Apartamento,93.0,ASA NORTE,BRASILIA,1180000.0,12755.0,0.0,1.0,-15.737,-47.891,2025-09-28,0
1292697,6103924,1098532,,Venda,Apartamento,78.0,ASA NORTE,BRASILIA,780000.0,10000.0,0.0,0.0,-15.7743,-47.8773,2025-09-28,3
1292729,6103956,1121327,,Venda,Apartamento,122.0,ASA NORTE,BRASILIA,1840000.0,15081.0,0.0,1.0,-15.7681,-47.8875,2025-09-28,5
1292748,6103975,1196848,,Venda,Apartamento,260.0,ASA NORTE,BRASILIA,4300000.0,16538.0,4.0,3.0,-15.7456,-47.8866,2025-09-28,2
1292749,6103976,1214270,,Venda,Apartamento,84.0,ASA NORTE,BRASILIA,1200000.0,14285.0,0.0,0.0,-15.7388,-47.8971,2025-09-28,4
1292785,6104012,1140889,,Venda,Apartamento,65.0,ASA NORTE,BRASILIA,850000.0,12987.0,1.0,0.0,-15.7898,-47.8899,2025-09-28,0
1292800,6104027,1228324,,Venda,Apartamento,78.0,ASA NORTE,BRASILIA,910000.0,11666.0,0.0,1.0,-15.774,-47.8751,2025-09-28,8
1292808,6104035,10548,,Venda,Apartamento,112.0,ASA NORTE,BRASILIA,1780000.0,15892.0,0.0,1.0,-15.7572,-47.8879,2025-09-28,2
1292815,6104042,1224979,,Venda,Apartamento,77.0,ASA NORTE,BRASILIA,1345000.0,17467.0,0.0,1.0,-15.7434,-47.8875,2025-09-28,7
1292851,6104078,ASA,,Venda,Apartamento,109.0,ASA NORTE,BRASILIA,1200000.0,11011.0,0.0,2.0,-15.7768,-47.8886,2025-09-28,3
1292858,6104085,1197539,,Venda,Apartamento,95.0,ASA NORTE,BRASILIA,740000.0,7789.0,0.0,0.0,-15.7533,-47.8826,2025-09-28,6
1292874,6104101,1190560,,Venda,Apartamento,247.0,ASA NORTE,BRASILIA,2150000.0,8704.0,0.0,2.0,-15.7576,-47.8905,2025-09-28,1
1292890,6104117,rabelosqn3133quartos,,Venda,Apartamento,120.0,ASA NORTE,BRASILIA,1420000.0,11833.0,0.0,1.0,-15.7495,-47.893,2025-09-28,8
1292909,6104136,IMB1108,,Venda,Apartamento,35.0,ASA NORTE,BRASILIA,268000.0,7635.0,0.0,0.0,-15.7578,-47.8945,2025-09-28,6
1292916,6104143,1192462,,Venda,Apartamento,202.0,ASA NORTE,BRASILIA,2180000.0,10792.0,2.0,1.0,-15.7521,-47.8848,2025-09-28,3
1292990,6104217,IMB191,,Venda,Apartamento,124.0,ASA NORTE,BRASILIA,1480000.0,11961.0,0.0,1.0,-15.758,-47.8906,2025-09-28,8
1293012,6104239,10959,,Venda,Apartamento,154.0,ASA NORTE,BRASILIA,1800000.0,11688.0,0.0,1.0,-15.7698,-47.8838,2025-09-28,8
1293023,6104250,1207922,,Venda,Apartamento,112.0,ASA NORTE,BRASILIA,1780000.0,15892.0,0.0,1.0,-15.7572,-47.8879,2025-09-28,2
1293049,6104276,1172206,,Venda,Apartamento,85.0,ASA NORTE,BRASILIA,1150000.0,13598.0,0.0,1.0,-15.758,-47.8906,2025-09-28,4
1293054,6104281,1115481,,Venda,Apartamento,260.0,ASA NORTE,BRASILIA,4300000.0,16538.0,0.0,3.0,-15.7456,-47.8866,2025-09-28,2
1293064,6104291,28000,,Venda,Apartamento,115.0,ASA NORTE,BRASILIA,999000.0,8686.0,0.0,0.0,-15.7542,-47.8952,2025-09-28,1
1293072,6104299,10989,,Venda,Apartamento,94.0,ASA NORTE,BRASILIA,1300000.0,13829.0,0.0,1.0,-15.7794,-47.8787,2025-09-28,4
1293086,6104313,AP00025,,Venda,Apartamento,47.0,ASA NORTE,BRASILIA,730000.0,15531.0,0.0,0.0,-15.7365,-47.8902,2025-09-28,5
1293095,6104323,UB1498,,Venda,Apartamento,132.0,ASA NORTE,BRASILIA,1850000.0,14015.0,0.0,1.0,-15.7763,-47.8872,2025-09-28,4
1293139,6104367,990172,,Venda,Apartamento,108.0,ASA NORTE,BRASILIA,1050000.0,9727.0,3.0,0.0,-15.7617,-47.8932,2025-09-28,1
1293178,6104406,0899V-DFI,,Venda,Apartamento,36.0,ASA NORTE,BRASILIA,360000.0,9933.0,1.0,0.0,-15.745,-47.8993,2025-09-28,1
1293269,6104499,CO9468,,Venda,Apartamento,50.0,ASA NORTE,BRASILIA,630000.0,12600.0,1.0,0.0,-15.7555,-47.8842,2025-09-28,0
1293272,6104502,1205227,,Venda,Apartamento,49.0,ASA NORTE,BRASILIA,770000.0,15695.0,2.0,0.0,-15.7557,-47.8833,2025-09-28,5
1293278,6104508,CO0015V,,Venda,Apartamento,197.0,ASA NORTE,BRASILIA,1990000.0,10101.0,2.0,2.0,-15.7529,-47.8847,2025-09-28,3
1293291,6104521,1143794,,Venda,Apartamento,76.0,ASA NORTE,BRASILIA,1150000.0,15211.0,0.0,1.0,-15.7502,-47.8859,2025-09-28,5
1293333,6104563,1212668,,Venda,Apartamento,140.0,ASA NORTE,BRASILIA,1700000.0,12142.0,0.0,1.0,-15.7585,-47.8836,2025-09-28,8
1293351,6104581,1226439,,Venda,Apartamento,71.0,ASA NORTE,BRASILIA,690000.0,9718.0,0.0,0.0,-15.751,-47.8958,2025-09-28,1
1293359,6104589,1216395,,Venda,Apartamento,45.0,ASA NORTE,BRASILIA,600000.0,13333.0,0.0,0.0,-15.754,-47.8807,2025-09-28,0
1293403,6104632,1224027,,Venda,Apartamento,77.0,ASA NORTE,BRASILIA,750000.0,9775.0,0.0,0.0,-15.7367,-47.887,2025-09-28,1
1293437,6104666,874106,,Venda,Apartamento,129.0,ASA NORTE,BRASILIA,2270000.0,17596.0,3.0,2.0,-15.7449,-47.8923,2025-09-28,7
1293447,6104675,1234436,,Venda,Apartamento,39.0,ASA NORTE,BRASILIA,620000.0,15897.0,0.0,1.0,53.912,38.557,2025-09-28,2
1293519,6104747,721V-DFI,,Venda,Apartamento,124.0,ASA NORTE,BRASILIA,1499000.0,12136.0,0.0,1.0,-15.7558,-47.8926,2025-09-28,8
1293521,6104749,1176616,,Venda,Apartamento,55.0,ASA NORTE,BRASILIA,689000.0,12452.0,2.0,0.0,-15.7821,-47.8755,2025-09-28,0
1293556,6104784,1120209,,Venda,Apartamento,70.0,ASA NORTE,BRASILIA,729900.0,10427.0,0.0,0.0,-15.7649,-47.8793,2025-09-28,3
1293575,6104805,4848445,,Venda,Apartamento,40.0,ASA NORTE,BRASILIA,379990.0,9499.0,1.0,1.0,-15.7477,-47.9014,2025-09-28,1
1293594,6104824,1223530,,Venda,Apartamento,144.0,ASA NORTE,BRASILIA,1720000.0,11944.0,3.0,1.0,-15.7718,-47.8806,2025-09-28,8
1293606,6104837,1255020,,Venda,Apartamento,260.0,ASA NORTE,BRASILIA,4100000.0,15769.0,0.0,3.0,-15.7456,-47.8866,2025-09-28,2
1293676,6104907,1045537,,Venda,Apartamento,127.0,ASA NORTE,BRASILIA,1489000.0,11724.0,0.0,2.0,-15.7762,-47.8893,2025-09-28,8
1293735,6104967,1380949,,Venda,Apartamento,125.0,ASA NORTE,BRASILIA,1500000.0,12000.0,3.0,1.0,-15.758,-47.8906,2025-09-28,8
1293745,6104977,1-3947324,,Venda,Apartamento,192.0,ASA NORTE,BRASILIA,2000000.0,10416.0,0.0,2.0,-15.754,-47.8878,2025-09-28,3
1293775,6105006,1195594,,Venda,Apartamento,105.0,ASA NORTE,BRASILIA,1500000.0,14285.0,3.0,1.0,-15.7521,-47.8848,2025-09-28,4
1293790,6105021,FEC0318,,Venda,Apartamento,120.0,ASA NORTE,BRASILIA,1570000.0,13083.0,0.0,1.0,-15.7436,-47.8965,2025-09-28,0
1293846,6105077,1156347,,Venda,Apartamento,204.0,ASA NORTE,BRASILIA,2400000.0,11764.0,0.0,2.0,-15.7797,-47.8869,2025-09-28,8
1293929,6105160,1172162,,Venda,Apartamento,82.0,ASA NORTE,BRASILIA,1130000.0,13865.0,2.0,0.0,-15.7454,-47.8919,2025-09-28,4
1293973,6105204,1228860,,Venda,Apartamento,48.0,ASA NORTE,BRASILIA,360000.0,7515.0,0.0,0.0,-15.7516,-47.8965,2025-09-28,6
1294020,6105251,1042865,,Venda,Apartamento,68.0,ASA NORTE,BRASILIA,750000.0,11029.0,0.0,0.0,-15.7514,-47.8828,2025-09-28,3
1294050,6105281,1089660,,Venda,Apartamento,95.0,ASA NORTE,BRASILIA,1170000.0,12315.0,2.0,1.0,-15.7518,-47.8927,2025-09-28,8
1294098,6105329,606060,,Venda,Apartamento,79.0,ASA NORTE,BRASILIA,990000.0,12571.0,0.0,0.0,-15.7676,-47.8774,2025-09-28,0
1294101,6105332,TH15781,,Venda,Apartamento,44.0,ASA NORTE,BRASILIA,260000.0,5909.0,1.0,0.0,-15.7764,-47.8889,2025-09-28,6
1294109,6105341,1031956,,Venda,Apartamento,36.0,ASA NORTE,BRASILIA,270000.0,7500.0,2.0,0.0,-15.7634,-47.8919,2025-09-28,6
1294241,6105474,AP0124,,Venda,Apartamento,76.0,ASA NORTE,BRASILIA,850000.0,11184.0,3.0,0.0,-15.7386,-47.8855,2025-09-28,3
1294288,6105521,1108247,,Venda,Apartamento,49.0,ASA NORTE,BRASILIA,450000.0,9261.0,0.0,0.0,-15.7392,-47.9025,2025-09-28,1
1294302,6105535,971137,,Venda,Apartamento,27.0,ASA NORTE,BRASILIA,380000.0,14074.0,1.0,1.0,53.912,38.557,2025-09-28,4
1294325,6105557,1055753,,Venda,Apartamento,90.0,ASA NORTE,BRASILIA,1300000.0,14520.0,0.0,2.0,-15.7898,-47.8899,2025-09-28,4
1294482,6105715,AP2215,,Venda,Apartamento,208.0,ASA NORTE,BRASILIA,3199000.0,15379.0,0.0,1.0,-15.7521,-47.8847,2025-09-28,5
1294499,6105732,SQN402VD,,Venda,Apartamento,50.0,ASA NORTE,BRASILIA,565000.0,11300.0,0.0,0.0,-15.7821,-47.8755,2025-09-28,8
1294513,6105746,1219820,,Venda,Apartamento,28.0,ASA NORTE,BRASILIA,380000.0,13571.0,0.0,1.0,-15.736,-47.9053,2025-09-28,4
1294542,6105775,1004103,,Venda,Apartamento,122.0,ASA NORTE,BRASILIA,1360000.0,11103.0,0.0,2.0,-15.7637,-47.8898,2025-09-28,3
1294569,6105802,VILLA123798V01,,Venda,Apartamento,77.0,ASA NORTE,BRASILIA,1150000.0,14935.0,0.0,1.0,-15.7665,-47.8849,2025-09-28,5
1294624,6105857,03707V,,Venda,Apartamento,247.0,ASA NORTE,BRASILIA,3100000.0,12559.0,0.0,2.0,-15.7668,-47.8857,2025-09-28,0
1294640,6105873,1155034,,Venda,Apartamento,127.0,ASA NORTE,BRASILIA,1700000.0,13385.0,3.0,1.0,-15.7377,-47.8934,2025-09-28,0
1294677,6105909,1167237,,Venda,Apartamento,45.0,ASA NORTE,BRASILIA,600000.0,13333.0,0.0,0.0,-15.754,-47.8807,2025-09-28,0
1294717,6105949,10956,,Venda,Apartamento,100.0,ASA NORTE,BRASILIA,790000.0,7900.0,0.0,0.0,-15.7782,-47.8758,2025-09-28,6
1294725,6105957,AP2475,,Venda,Apartamento,69.0,ASA NORTE,BRASILIA,789000.0,11434.0,0.0,0.0,-15.737,-47.891,2025-09-28,8
1294777,6106010,1202681,,Venda,Apartamento,42.0,ASA NORTE,BRASILIA,430000.0,10277.0,0.0,0.0,-15.7403,-47.8935,2025-09-28,3
1294834,6106067,1130887,,Venda,Apartamento,144.0,ASA NORTE,BRASILIA,1895000.0,13159.0,0.0,2.0,-15.7431,-47.8879,2025-09-28,0
1294870,6106103,964632,,Venda,Apartamento,32.0,ASA NORTE,BRASILIA,295000.0,9218.0,0.0,0.0,-15.7378,-47.8966,2025-09-28,1
1295019,6106251,1109047,,Venda,Apartamento,37.0,ASA NORTE,BRASILIA,345000.0,9339.0,1.0,0.0,-15.758,-47.8951,2025-09-28,1
1295162,6106396,COBDUPLEXBALTAZAR,,Venda,Apartamento,136.0,ASA NORTE,BRASILIA,1300000.0,9525.0,2.0,2.0,-15.7765,-47.8896,2025-09-28,1
1295209,6106442,30555,,Venda,Apartamento,67.0,ASA NORTE,BRASILIA,899900.0,13431.0,0.0,0.0,-15.7428,-47.9005,2025-09-28,0
1295245,6106478,1157345,,Venda,Apartamento,68.0,ASA NORTE,BRASILIA,720000.0,10588.0,0.0,0.0,-15.7733,-47.89,2025-09-28,3
1295340,6106573,1206342,,Venda,Apartamento,99.0,ASA NORTE,BRASILIA,1350000.0,13636.0,0.0,1.0,-15.7549,-47.8916,2025-09-28,4
1295360,6106594,1120755,,Venda,Apartamento,125.0,ASA NORTE,BRASILIA,1050000.0,8400.0,0.0,0.0,-15.7754,-47.8823,2025-09-28,1
1295479,6106714,880321122-1,,Venda,Apartamento,178.0,ASA NORTE,BRASILIA,2199000.0,12353.0,2.0,0.0,-15.7498,-47.8867,2025-09-28,8
1295504,6106738,850740,,Venda,Apartamento,132.0,ASA NORTE,BRASILIA,1800000.0,13636.0,4.0,1.0,-15.7817,-47.8784,2025-09-28,4
1295669,6106903,VILLA152059V01,,Venda,Apartamento,35.0,ASA NORTE,BRASILIA,375000.0,10714.0,0.0,0.0,-15.7477,-47.9014,2025-09-28,3
1295737,6106971,FNC0304,,Venda,Apartamento,270.0,ASA NORTE,BRASILIA,3100000.0,11481.0,5.0,3.0,-15.758,-47.8906,2025-09-28,8
1295840,6107075,0055V-DFI,,Venda,Apartamento,33.0,ASA NORTE,BRASILIA,265000.0,7984.0,0.0,0.0,-15.7516,-47.8965,2025-09-28,6
1295886,6107121,416RW,,Venda,Apartamento,61.0,ASA NORTE,BRASILIA,760000.0,12373.0,0.0,0.0,-15.7367,-47.887,2025-09-28,0
1295927,6107162,dam45875448,,Venda,Apartamento,55.0,ASA NORTE,BRASILIA,499000.0,9072.0,0.0,0.0,-15.7454,-47.8997,2025-09-28,1
1295928,6107163,04082025,,Venda,Apartamento,68.0,ASA NORTE,BRASILIA,900000.0,13262.0,2.0,1.0,-15.7456,-47.8946,2025-09-28,0
1296004,6107239,1088804,,Venda,Apartamento,49.0,ASA NORTE,BRASILIA,580000.0,11836.0,2.0,0.0,-15.7682,-47.8919,2025-09-28,8
1296021,6107256,1197954,,Venda,Apartamento,181.0,ASA NORTE,BRASILIA,2480000.0,13693.0,4.0,1.0,-15.7695,-47.8833,2025-09-28,4
1296082,6107317,1188613,,Venda,Apartamento,85.0,ASA NORTE,BRASILIA,1220000.0,14352.0,0.0,1.0,-15.7613,-47.8829,2025-09-28,4
1296114,6107349,CO0013,,Venda,Apartamento,260.0,ASA NORTE,BRASILIA,4300000.0,16538.0,0.0,3.0,-15.7464,-47.886,2025-09-28,2
1296289,6107525,1174081,,Venda,Apartamento,90.0,ASA NORTE,BRASILIA,1170000.0,12939.0,0.0,1.0,-15.7535,-47.8856,2025-09-28,0
1296293,6107529,880251001-45,,Venda,Apartamento,202.0,ASA NORTE,BRASILIA,3100000.0,15346.0,4.0,4.0,-15.7595,-47.882,2025-09-28,5
1296317,6107554,876001,,Venda,Apartamento,247.0,ASA NORTE,BRASILIA,2150000.0,8704.0,4.0,2.0,-15.758,-47.8906,2025-09-28,1
1296321,6107558,AP0040,,Venda,Apartamento,45.0,ASA NORTE,BRASILIA,600000.0,13333.0,3.0,0.0,-15.756,-47.8805,2025-09-28,0
1296351,6107588,1232220,,Venda,Apartamento,194.0,ASA NORTE,BRASILIA,3600000.0,18556.0,4.0,3.0,-15.7405,-47.8887,2025-09-28,7
1296372,6107609,1137603,,Venda,Apartamento,40.0,ASA NORTE,BRASILIA,270000.0,6750.0,1.0,0.0,-15.7612,-47.8927,2025-09-28,6
1296423,6107660,880261024-63,,Venda,Apartamento,95.0,ASA NORTE,BRASILIA,1150000.0,12053.0,3.0,1.0,-15.7378,-47.8942,2025-09-28,8
1296443,6107680,30949,,Venda,Apartamento,32.0,ASA NORTE,BRASILIA,430000.0,13437.0,0.0,1.0,-15.7662,-47.8751,2025-09-28,0
1296557,6107793,AP0130,,Venda,Apartamento,78.0,ASA NORTE,BRASILIA,830000.0,10641.0,0.0,0.0,-15.7743,-47.8773,2025-09-28,3
1296585,6107821,03623,,Venda,Apartamento,33.0,ASA NORTE,BRASILIA,215000.0,6554.0,2.0,0.0,-15.758,-47.8951,2025-09-28,6
1296667,6107904,28870,,Venda,Apartamento,90.0,ASA NORTE,BRASILIA,789000.0,8766.0,0.0,0.0,-15.7774,-47.8768,2025-09-28,1
1296721,6107958,1016602,,Venda,Apartamento,167.0,ASA NORTE,BRASILIA,2835000.0,16976.0,4.0,2.0,-15.7473,-47.8906,2025-09-28,2
1296820,6108056,JANEDUPLEX,,Venda,Apartamento,324.0,ASA NORTE,BRASILIA,5342000.0,16488.0,0.0,4.0,-15.7413,-47.8887,2025-09-28,2
1296894,6108130,TH25636,,Venda,Apartamento,272.0,ASA NORTE,BRASILIA,3300000.0,12112.0,3.0,3.0,-15.7495,-47.8858,2025-09-28,8
1296900,6108136,10843,,Venda,Apartamento,120.0,ASA NORTE,BRASILIA,1530000.0,12750.0,0.0,1.0,-15.7425,-47.8956,2025-09-28,0
1296951,6108187,VILLA151703V01,,Venda,Apartamento,180.0,ASA NORTE,BRASILIA,2300000.0,12777.0,0.0,2.0,-15.7612,-47.8896,2025-09-28,0
1297188,6108424,AP01272,,Venda,Apartamento,182.0,ASA NORTE,BRASILIA,1750000.0,9615.0,0.0,1.0,-15.769,-47.8834,2025-09-28,1
1297214,6108450,1202734,,Venda,Apartamento,376.0,ASA NORTE,BRASILIA,3700000.0,9840.0,5.0,4.0,-15.7451,-47.8956,2025-09-28,1
1297261,6108496,1092174,,Venda,Apartamento,113.0,ASA NORTE,BRASILIA,1430000.0,12654.0,0.0,1.0,-15.7665,-47.8849,2025-09-28,0
1297309,6108545,906719,,Venda,Apartamento,127.0,ASA NORTE,BRASILIA,1500000.0,11811.0,4.0,2.0,-15.7762,-47.8893,2025-09-28,8
1297322,6108558,1167475,,Venda,Apartamento,45.0,ASA NORTE,BRASILIA,619000.0,13755.0,0.0,0.0,-15.754,-47.8807,2025-09-28,4
1297502,6108740,AP1624,,Venda,Apartamento,36.0,ASA NORTE,BRASILIA,349000.0,9694.0,0.0,1.0,-15.7477,-47.9014,2025-09-28,1
1297549,6108786,1116809,,Venda,Apartamento,181.0,ASA NORTE,BRASILIA,1950000.0,10773.0,0.0,1.0,-15.7695,-47.8833,2025-09-28,3
1297573,6108814,19275,,Venda,Apartamento,300.0,ASA NORTE,BRASILIA,3099000.0,10330.0,0.0,1.0,-15.7529,-47.8847,2025-09-28,3
1297736,6108977,1132221,,Venda,Apartamento,171.0,ASA NORTE,BRASILIA,1790000.0,10467.0,0.0,1.0,-15.7451,-47.8929,2025-09-28,3
1297875,6109116,1151221,,Venda,Apartamento,37.0,ASA NORTE,BRASILIA,320900.0,8672.0,1.0,0.0,-15.7768,-47.8886,2025-09-28,1
1297943,6109184,P2921,,Venda,Apartamento,181.0,ASA NORTE,BRASILIA,1950000.0,10773.0,0.0,1.0,-15.7698,-47.8838,2025-09-28,3
1297945,6109186,1157994,,Venda,Apartamento,200.0,ASA NORTE,BRASILIA,3811000.0,19055.0,3.0,3.0,-15.7603,-47.8868,2025-09-28,7
1298012,6109253,C845,,Venda,Apartamento,119.0,ASA NORTE,BRASILIA,980000.0,8235.0,3.0,0.0,53.912,38.557,2025-09-28,6
1298016,6109257,1234431,,Venda,Apartamento,168.0,ASA NORTE,BRASILIA,2390000.0,14226.0,4.0,1.0,-15.7417,-47.8928,2025-09-28,4
1298019,6109260,1191864,,Venda,Apartamento,168.0,ASA NORTE,BRASILIA,2195000.0,13091.0,4.0,1.0,-15.7417,-47.8928,2025-09-28,0
1298148,6109388,QUE104,,Venda,Apartamento,125.0,ASA NORTE,BRASILIA,1170000.0,9337.0,0.0,0.0,-15.7754,-47.8823,2025-09-28,1
1298152,6109392,1213459,,Venda,Apartamento,127.0,ASA NORTE,BRASILIA,1600000.0,12598.0,0.0,1.0,-15.7383,-47.8939,2025-09-28,0
1298255,6109495,CO9779,,Venda,Apartamento,56.0,ASA NORTE,BRASILIA,550000.0,9888.0,0.0,0.0,-15.7891,-47.8876,2025-09-28,1
1298263,6109503,VistaLindaLago,,Venda,Apartamento,78.0,ASA NORTE,BRASILIA,910000.0,11666.0,0.0,0.0,-15.7741,-47.8757,2025-09-28,8
1298312,6109552,980264,,Venda,Apartamento,128.0,ASA NORTE,BRASILIA,1990000.0,15546.0,4.0,2.0,-15.7613,-47.8829,2025-09-28,5
1298426,6109666,008619V-DFI,,Venda,Apartamento,40.0,ASA NORTE,BRASILIA,620000.0,15327.0,1.0,0.0,-15.7401,-47.8976,2025-09-28,5
1298600,6109839,AP0420,,Venda,Apartamento,68.0,ASA NORTE,BRASILIA,770000.0,11323.0,0.0,0.0,-15.7514,-47.8828,2025-09-28,8
1298605,6109844,VILLA148453V01,,Venda,Apartamento,31.0,ASA NORTE,BRASILIA,460000.0,14838.0,0.0,0.0,53.912,38.557,2025-09-28,5
1298611,6109850,AP0030,,Venda,Apartamento,39.0,ASA NORTE,BRASILIA,620000.0,15897.0,1.0,1.0,-15.7456,-47.8946,2025-09-28,2
1298614,6109853,1189728,,Venda,Apartamento,85.0,ASA NORTE,BRASILIA,1249000.0,14694.0,0.0,1.0,-15.7613,-47.8829,2025-09-28,5
1298704,6109943,FAW002,,Venda,Apartamento,130.0,ASA NORTE,BRASILIA,1800000.0,13846.0,0.0,1.0,-15.7721,-47.8844,2025-09-28,4
1298775,6110014,CO8578,,Venda,Apartamento,160.0,ASA NORTE,BRASILIA,2400000.0,15000.0,4.0,2.0,-15.7456,-47.8946,2025-09-28,5
1298895,6110133,FROTA054,,Venda,Apartamento,28.0,ASA NORTE,BRASILIA,280000.0,10000.0,0.0,0.0,-15.7716,-47.8939,2025-09-28,3
1298911,6110149,VILLA152057V01,,Venda,Apartamento,137.0,ASA NORTE,BRASILIA,1600000.0,11678.0,0.0,1.0,-15.751,-47.8899,2025-09-28,8
1298933,6110171,SHCGN710,,Venda,Apartamento,108.0,ASA NORTE,BRASILIA,890000.0,8240.0,0.0,0.0,-15.7585,-47.894,2025-09-28,6
1298974,6110212,SQN,,Venda,Apartamento,125.0,ASA NORTE,BRASILIA,1600000.0,12800.0,4.0,1.0,-15.773,-47.8859,2025-09-28,0
1299016,6110253,VILLA151794V01,,Venda,Apartamento,127.0,ASA NORTE,BRASILIA,1700000.0,13385.0,0.0,1.0,-15.7383,-47.8939,2025-09-28,0
1299065,6110303,PATSQN409,,Venda,Apartamento,96.0,ASA NORTE,BRASILIA,850000.0,8854.0,0.0,0.0,-15.7572,-47.88,2025-09-28,1
1299165,6110401,1227951,,Venda,Apartamento,132.0,ASA NORTE,BRASILIA,1800000.0,13636.0,0.0,1.0,-15.757,-47.8845,2025-09-28,4
1299212,6110448,1201781,,Venda,Apartamento,95.0,ASA NORTE,BRASILIA,1598000.0,16821.0,0.0,1.0,-15.7794,-47.8787,2025-09-28,2
1299280,6110516,1202703,,Venda,Apartamento,260.0,ASA NORTE,BRASILIA,4300000.0,16538.0,4.0,3.0,-15.7456,-47.8866,2025-09-28,2
1299453,6110691,VILLA152054V01,,Venda,Apartamento,98.0,ASA NORTE,BRASILIA,1750000.0,17857.0,0.0,2.0,-15.7427,-47.8871,2025-09-28,7
1299484,6110722,1280094,,Venda,Apartamento,26.0,ASA NORTE,BRASILIA,315000.0,12115.0,0.0,1.0,-15.7662,-47.8751,2025-09-28,8
1299524,6110762,PIN00295,,Venda,Apartamento,65.0,ASA NORTE,BRASILIA,780000.0,12000.0,0.0,1.0,-15.7401,-47.8957,2025-09-28,8
1299575,6110813,1191168,,Venda,Apartamento,376.0,ASA NORTE,BRASILIA,3572000.0,9500.0,0.0,4.0,-15.7456,-47.8946,2025-09-28,1
1299773,6111012,1136895,,Venda,Apartamento,75.0,ASA NORTE,BRASILIA,590000.0,7898.0,0.0,0.0,-15.7633,-47.8923,2025-09-28,6
1299847,6111086,252808AN,,Venda,Apartamento,99.0,ASA NORTE,BRASILIA,1099000.0,11113.0,0.0,2.0,-15.7886,-47.8893,2025-09-28,3
1299885,6111124,AP0577,,Venda,Apartamento,33.0,ASA NORTE,BRASILIA,430000.0,13030.0,1.0,0.0,-15.7598,-47.8977,2025-09-28,0
1299925,6111164,JOB017,,Venda,Apartamento,30.0,ASA NORTE,BRASILIA,460000.0,15333.0,1.0,1.0,-15.7662,-47.8751,2025-09-28,5
1299988,6111227,1045218,,Venda,Apartamento,124.0,ASA NORTE,BRASILIA,1350000.0,10893.0,0.0,1.0,-15.7637,-47.8898,2025-09-28,3
1300160,6111398,UB440,,Venda,Apartamento,300.0,ASA NORTE,BRASILIA,3500000.0,11666.0,0.0,1.0,-15.7529,-47.8847,2025-09-28,8
1300210,6111448,SQN215,,Venda,Apartamento,232.0,ASA NORTE,BRASILIA,2600000.0,11206.0,0.0,1.0,-15.7405,-47.8887,2025-09-28,8
1300292,6111530,1234211,,Venda,Apartamento,75.0,ASA NORTE,BRASILIA,1450000.0,19333.0,0.0,1.0,-15.7787,-47.8865,2025-09-28,7
1300390,6111628,1234170,,Venda,Apartamento,50.0,ASA NORTE,BRASILIA,610000.0,12200.0,2.0,0.0,-15.7555,-47.881,2025-09-28,8
1300472,6111710,BERNADETE3QUARTOS,,Venda,Apartamento,76.0,ASA NORTE,BRASILIA,680000.0,8947.0,3.0,2.0,-15.7603,-47.8868,2025-09-28,1
1300656,6111894,1187648,,Venda,Apartamento,45.0,ASA NORTE,BRASILIA,619000.0,13755.0,0.0,0.0,-15.7362,-47.8961,2025-09-28,4
1300669,6111907,1179047,,Venda,Apartamento,220.0,ASA NORTE,BRASILIA,3050000.0,13863.0,0.0,2.0,-15.7642,-47.8857,2025-09-28,4
1300691,6111929,1016714,,Venda,Apartamento,208.0,ASA NORTE,BRASILIA,3199000.0,15379.0,0.0,1.0,-15.7529,-47.8847,2025-09-28,5
1300732,6111970,965088,,Venda,Apartamento,245.0,ASA NORTE,BRASILIA,3500000.0,14285.0,4.0,4.0,-15.7572,-47.8879,2025-09-28,4
1300829,6112067,SQN316,,Venda,Apartamento,128.0,ASA NORTE,BRASILIA,2099000.0,16398.0,0.0,1.0,-15.7392,-47.8967,2025-09-28,2
1300893,6112131,AP2540,,Venda,Apartamento,96.0,ASA NORTE,BRASILIA,1460000.0,15208.0,3.0,1.0,-15.755,-47.892,2025-09-28,5
1300906,6112144,1218339,,Venda,Apartamento,163.0,ASA NORTE,BRASILIA,1900000.0,11656.0,0.0,1.0,-15.7502,-47.8859,2025-09-28,8
1300909,6112147,1043791,,Venda,Apartamento,248.0,ASA NORTE,BRASILIA,3500000.0,14112.0,0.0,4.0,-15.7572,-47.8879,2025-09-28,4
1300959,6112197,1010007,,Venda,Apartamento,44.0,ASA NORTE,BRASILIA,600000.0,13636.0,2.0,0.0,-15.754,-47.8807,2025-09-28,4
1301125,6112365,1235,,Venda,Apartamento,123.0,ASA NORTE,BRASILIA,1480000.0,12032.0,0.0,1.0,-15.7633,-47.8858,2025-09-28,8
1301194,6112434,VDI5,,Venda,Apartamento,125.0,ASA NORTE,BRASILIA,1600000.0,12800.0,4.0,1.0,-15.758,-47.8906,2025-09-28,0
1301213,6112453,1050637,,Venda,Apartamento,208.0,ASA NORTE,BRASILIA,3199000.0,15379.0,0.0,1.0,-15.7529,-47.8847,2025-09-28,5
1301257,6112497,RVM2V,,Venda,Apartamento,45.0,ASA NORTE,BRASILIA,645000.0,14333.0,0.0,0.0,-15.7555,-47.881,2025-09-28,4
1303769,6115040,10634,,Venda,Apartamento,202.0,ASA NORTE,BRASILIA,2180000.0,10792.0,0.0,2.0,-15.7529,-47.8847,2025-09-28,3
1303770,6115041,1105341,,Venda,Apartamento,160.0,ASA NORTE,BRASILIA,2150000.0,13437.0,0.0,2.0,-15.7509,-47.8888,2025-09-28,0
1303772,6115043,22-1,,Venda,Apartamento,125.0,ASA NORTE,BRASILIA,1680000.0,13440.0,0.0,1.0,-15.7672,-47.8877,2025-09-28,0
1303781,6115052,25-1,,Venda,Apartamento,79.0,ASA NORTE,BRASILIA,880000.0,11139.0,0.0,0.0,-15.7782,-47.8758,2025-09-28,3
1303783,6115054,11165,,Venda,Apartamento,85.0,ASA NORTE,BRASILIA,1250000.0,14705.0,0.0,1.0,-15.7613,-47.8829,2025-09-28,5
1303803,6115074,1032919,,Venda,Apartamento,117.0,ASA NORTE,BRASILIA,1550000.0,13247.0,0.0,1.0,-15.7572,-47.8879,2025-09-28,0
1303811,6115082,6320,,Venda,Apartamento,100.0,ASA NORTE,BRASILIA,1599000.0,15990.0,0.0,0.0,-15.7794,-47.8787,2025-09-28,2
1303821,6115092,1017222,,Venda,Apartamento,238.0,ASA NORTE,BRASILIA,3150000.0,13244.0,0.0,2.0,-15.7569,-47.8874,2025-09-28,0
1303853,6115123,6440,,Venda,Apartamento,129.0,ASA NORTE,BRASILIA,1380000.0,10697.0,0.0,1.0,-15.7405,-47.8887,2025-09-28,3
1303867,6115136,TH26698,,Venda,Apartamento,30.0,ASA NORTE,BRASILIA,530000.0,17666.0,1.0,1.0,-15.7448,-47.9013,2025-09-28,7
1303883,6115152,BE304MS,,Venda,Apartamento,127.0,ASA NORTE,BRASILIA,1430000.0,11259.0,4.0,2.0,-15.7768,-47.8886,2025-09-28,8
1303930,6115200,27-1,,Venda,Apartamento,66.0,ASA NORTE,BRASILIA,670000.0,10151.0,0.0,0.0,-15.7403,-47.9001,2025-09-28,3
1303946,6115216,945976,,Venda,Apartamento,240.0,ASA NORTE,BRASILIA,2350000.0,9791.0,4.0,2.0,-15.7529,-47.8847,2025-09-28,1
1303994,6115264,CO9739,,Venda,Apartamento,132.0,ASA NORTE,BRASILIA,1690000.0,12823.0,3.0,0.0,-15.7498,-47.8893,2025-09-28,0
1304006,6115276,TH31790,,Venda,Apartamento,127.0,ASA NORTE,BRASILIA,1450000.0,11417.0,3.0,1.0,-15.7405,-47.8887,2025-09-28,8
1304008,6115278,1206300,,Venda,Apartamento,50.0,ASA NORTE,BRASILIA,540000.0,10800.0,2.0,0.0,-15.7712,-47.8904,2025-09-28,3
1304012,6115282,252815AN,,Venda,Apartamento,95.0,ASA NORTE,BRASILIA,680000.0,7135.0,0.0,0.0,-15.7581,-47.8801,2025-09-28,6
1304073,6115344,BE430DM,,Venda,Apartamento,45.0,ASA NORTE,BRASILIA,600000.0,13333.0,0.0,0.0,-15.754,-47.8807,2025-09-28,0
1304077,6115348,457111,,Venda,Apartamento,93.0,ASA NORTE,BRASILIA,1690000.0,18174.0,3.0,2.0,-15.7572,-47.8879,2025-09-28,7
1304085,6115356,1085711,,Venda,Apartamento,132.0,ASA NORTE,BRASILIA,1850000.0,14015.0,0.0,1.0,-15.776,-47.886,2025-09-28,4
1304137,6115409,FEC0173,,Venda,Apartamento,209.0,ASA NORTE,BRASILIA,3199000.0,15306.0,0.0,1.0,-15.7533,-47.8841,2025-09-28,5
1304155,6115427,1127883,,Venda,Apartamento,29.0,ASA NORTE,BRASILIA,389000.0,13413.0,0.0,0.0,-15.7575,-47.8837,2025-09-28,0
1304162,6115434,1209045,,Venda,Apartamento,84.0,ASA NORTE,BRASILIA,1180000.0,14087.0,2.0,1.0,-15.7427,-47.888,2025-09-28,4
1304165,6115437,1196523,,Venda,Apartamento,79.0,ASA NORTE,BRASILIA,1200000.0,15189.0,2.0,1.0,-15.7797,-47.8858,2025-09-28,5
1304194,6115467,03287v,,Venda,Apartamento,83.0,ASA NORTE,BRASILIA,1200000.0,14482.0,0.0,1.0,-15.7793,-47.8867,2025-09-28,4
1304235,6115508,719887,,Venda,Apartamento,89.0,ASA NORTE,BRASILIA,1070000.0,12022.0,0.0,1.0,-15.7588,-47.8842,2025-09-28,8
1304258,6115531,745657,,Venda,Apartamento,122.0,ASA NORTE,BRASILIA,1660000.0,13606.0,0.0,0.0,-15.746,-47.8981,2025-09-28,4
1304280,6115555,1220502,,Venda,Apartamento,58.0,ASA NORTE,BRASILIA,550000.0,9482.0,0.0,0.0,-15.751,-47.8958,2025-09-28,1
1304305,6115580,RB1652,,Venda,Apartamento,127.0,ASA NORTE,BRASILIA,1500000.0,11811.0,4.0,2.0,-15.7751,-47.8909,2025-09-28,8
1304310,6115585,1167432,,Venda,Apartamento,48.0,ASA NORTE,BRASILIA,325000.0,6770.0,1.0,0.0,-15.7452,-47.8988,2025-09-28,6
1304345,6115620,934917,,Venda,Apartamento,181.0,ASA NORTE,BRASILIA,1950000.0,10773.0,0.0,1.0,-15.7695,-47.8833,2025-09-28,3
1304371,6115646,1114817,,Venda,Apartamento,94.0,ASA NORTE,BRASILIA,1295000.0,13776.0,0.0,1.0,-15.7626,-47.88,2025-09-28,4
1304382,6115657,AP0248,,Venda,Apartamento,76.0,ASA NORTE,BRASILIA,950000.0,12500.0,0.0,0.0,-15.7381,-47.8863,2025-09-28,0
1304403,6115678,RB1769,,Venda,Apartamento,112.0,ASA NORTE,BRASILIA,1780000.0,15892.0,2.0,1.0,-15.7572,-47.8879,2025-09-28,2
1304424,6115699,1124044,,Venda,Apartamento,132.0,ASA NORTE,BRASILIA,1950000.0,14772.0,3.0,2.0,-15.7763,-47.8872,2025-09-28,5
1304435,6115710,1231039,,Venda,Apartamento,137.0,ASA NORTE,BRASILIA,1550000.0,11313.0,0.0,1.0,-15.7518,-47.8891,2025-09-28,8
1304457,6115732,PD3396,,Venda,Apartamento,125.0,ASA NORTE,BRASILIA,1600000.0,12800.0,3.0,1.0,-15.7412,-47.8896,2025-09-28,0
1304551,6115826,1173351,,Venda,Apartamento,245.0,ASA NORTE,BRASILIA,3500000.0,14285.0,0.0,4.0,-15.7572,-47.8879,2025-09-28,4
1304569,6115844,1043226,,Venda,Apartamento,30.0,ASA NORTE,BRASILIA,330000.0,11000.0,0.0,1.0,-15.7662,-47.8751,2025-09-28,3
1304571,6115846,193,,Venda,Apartamento,80.0,ASA NORTE,BRASILIA,1089999.0,13624.0,0.0,0.0,-15.7428,-47.9005,2025-09-28,4
1304603,6115878,1114405,,Venda,Apartamento,27.0,ASA NORTE,BRASILIA,450000.0,16666.0,0.0,0.0,-15.7909,-47.8853,2025-09-28,2
1304656,6115931,VILLA126755V01,,Venda,Apartamento,116.0,ASA NORTE,BRASILIA,1550000.0,13362.0,3.0,1.0,-15.7572,-47.8879,2025-09-28,0
1304685,6115960,971480,,Venda,Apartamento,109.0,ASA NORTE,BRASILIA,1720000.0,15779.0,0.0,2.0,-15.7727,-47.8877,2025-09-28,2
1304686,6115961,1169925,,Venda,Apartamento,175.0,ASA NORTE,BRASILIA,2850000.0,16284.0,0.0,3.0,-15.7812,-47.8892,2025-09-28,2
1304709,6115984,JCL0071,,Venda,Apartamento,110.0,ASA NORTE,BRASILIA,1470000.0,13363.0,0.0,2.0,-15.7551,-47.8927,2025-09-28,0
1304766,6116042,AP0061,,Venda,Apartamento,95.0,ASA NORTE,BRASILIA,960000.0,10105.0,3.0,0.0,-15.7518,-47.8817,2025-09-28,3
1304769,6116045,129,,Venda,Apartamento,245.0,ASA NORTE,BRASILIA,3500000.0,14285.0,0.0,4.0,-15.7572,-47.8879,2025-09-28,4
1304822,6116098,690273,,Venda,Apartamento,324.0,ASA NORTE,BRASILIA,5141000.0,15867.0,4.0,4.0,-15.7405,-47.8887,2025-09-28,2
1304824,6116100,30868,,Venda,Apartamento,83.0,ASA NORTE,BRASILIA,1180000.0,14216.0,0.0,1.0,-15.7505,-47.8872,2025-09-28,4
1304839,6116114,JCJ0035,,Venda,Apartamento,33.0,ASA NORTE,BRASILIA,250000.0,7575.0,0.0,0.0,-15.7391,-47.9013,2025-09-28,6
1304851,6116126,880241056-2,,Venda,Apartamento,100.0,ASA NORTE,BRASILIA,1230000.0,12300.0,3.0,0.0,-15.7398,-47.8959,2025-09-28,8
1304888,6116163,1208417,,Venda,Apartamento,260.0,ASA NORTE,BRASILIA,4300000.0,16538.0,0.0,3.0,-15.7464,-47.886,2025-09-28,2
1304903,6116178,10586,,Venda,Apartamento,67.0,ASA NORTE,BRASILIA,950000.0,14179.0,0.0,0.0,-15.7442,-47.899,2025-09-28,4
